class,cycles
fixed,7914716
fixed,7835752
fixed,7931936
fixed,7985842
fixed,7890366
fixed,8017918
fixed,7851742
fixed,8005570
fixed,7854008
fixed,7908558
fixed,7937718
fixed,7834254
fixed,7804768
fixed,8058236
fixed,7936560
fixed,7993808
fixed,7909192
fixed,7961734
fixed,7845528
fixed,7813378
fixed,7939832
fixed,7800610
fixed,7768422
fixed,7506002
fixed,7758342
fixed,7756286
fixed,7874008
fixed,7843984
fixed,7857990
fixed,7766894
fixed,7376084
fixed,7532622
fixed,7800246
fixed,7488008
fixed,7470364
fixed,7608766
fixed,7956420
fixed,8189844
fixed,7628194
fixed,7879320
fixed,7888418
fixed,7857996
fixed,7799778
fixed,7906064
fixed,7852304
fixed,8035338
fixed,8006352
fixed,7834900
fixed,7821530
fixed,7660184
fixed,7477174
fixed,7529420
fixed,7592290
fixed,7890114
fixed,7814560
fixed,7800346
fixed,7822060
fixed,7828642
fixed,7790542
fixed,7823036
fixed,7827896
fixed,7905170
fixed,7965696
fixed,7883722
fixed,7823744
fixed,8110398
fixed,7828284
fixed,7953656
fixed,7825280
fixed,7806534
fixed,7825590
fixed,7903020
fixed,7813340
fixed,7799582
fixed,7825918
fixed,7841726
fixed,7814840
fixed,7829858
fixed,7817378
fixed,7823950
fixed,7798600
fixed,7929868
fixed,8017398
fixed,7825278
fixed,7816960
fixed,7988150
fixed,7819834
fixed,8128724
fixed,7810888
fixed,7829668
fixed,7961514
fixed,7816828
fixed,7684246
fixed,7819012
fixed,7813568
fixed,7807314
fixed,7819248
fixed,7818552
fixed,7794522
fixed,7820332
fixed,7825818
fixed,7791846
fixed,7748172
fixed,7780272
fixed,7744528
fixed,8186872
fixed,7814726
fixed,7853678
fixed,7813078
fixed,7784218
fixed,7729400
fixed,7577034
fixed,7799890
fixed,7839144
fixed,7819226
fixed,7807870
fixed,7811804
fixed,7815746
fixed,7836518
fixed,7812148
fixed,7828142
fixed,7817666
fixed,7834240
fixed,7826088
fixed,7372134
fixed,7525418
fixed,7801790
fixed,7858194
fixed,7825542
fixed,7928662
fixed,7868950
fixed,7928580
fixed,7827084
fixed,7699022
fixed,8014604
fixed,7835352
fixed,7843468
fixed,7803724
fixed,8118522
fixed,7999632
fixed,7943606
fixed,8090862
fixed,7881434
fixed,7955888
fixed,7834872
fixed,7910010
fixed,7856602
fixed,7844808
fixed,7783456
fixed,7852298
fixed,7915942
fixed,7867604
fixed,7739758
fixed,7931712
fixed,8165694
fixed,7855248
fixed,7887230
fixed,7878948
fixed,7813876
fixed,7819386
fixed,8066864
fixed,7811224
fixed,8001090
fixed,7816826
fixed,7875544
fixed,7832120
fixed,7834058
fixed,7813504
fixed,7821442
fixed,7978120
fixed,7817584
fixed,7820210
fixed,7815962
fixed,7817552
fixed,7824822
fixed,7822116
fixed,7832592
fixed,7831782
fixed,7890556
fixed,7817520
fixed,7827978
fixed,7860348
fixed,8102042
fixed,7949346
fixed,8015284
fixed,7824996
fixed,8054892
fixed,7796042
fixed,7822346
fixed,7831524
fixed,7808294
fixed,8006590
fixed,7800308
fixed,7801834
fixed,7818084
fixed,7828892
fixed,7818708
fixed,7812448
fixed,7901404
fixed,7812754
fixed,7808068
fixed,7827652
fixed,7938870
fixed,7819784
fixed,7817130
fixed,7796936
fixed,7831240
fixed,7822482
fixed,7814296
fixed,7929778
fixed,7809270
fixed,7817006
fixed,8103034
fixed,7972566
fixed,7814422
fixed,7904086
fixed,8052492
fixed,7822596
fixed,8122600
fixed,7980192
fixed,8090812
fixed,7835844
fixed,7866448
fixed,7860646
fixed,7862524
fixed,7888716
fixed,7820248
fixed,7794028
fixed,7814844
fixed,7820142
fixed,7814178
fixed,7826572
fixed,7824766
fixed,7876542
fixed,7805692
fixed,7832260
fixed,7823762
fixed,7811060
fixed,7829958
fixed,7871046
fixed,8232564
fixed,7819474
fixed,7828482
fixed,7885770
fixed,7822664
fixed,7844414
fixed,7961140
fixed,7826282
fixed,7821048
fixed,7833496
fixed,7936170
fixed,7908908
fixed,7837432
fixed,7836894
fixed,7910032
fixed,7843172
fixed,7874888
fixed,7830500
fixed,7809740
fixed,7838530
fixed,7816988
fixed,7841518
fixed,7841732
fixed,7970602
fixed,7854630
fixed,7832988
fixed,7841518
fixed,7834850
fixed,7834306
fixed,7859226
fixed,7845570
fixed,7821658
fixed,7839998
fixed,7835200
fixed,7831510
fixed,7819542
fixed,7850060
fixed,7840954
fixed,7838190
fixed,7828968
fixed,7828422
fixed,7831616
fixed,7822822
fixed,7972218
fixed,8172928
fixed,7865280
fixed,7833982
fixed,7835310
fixed,7828500
fixed,7829560
fixed,7837630
fixed,7799688
fixed,7840610
fixed,7834806
fixed,7822276
fixed,7838856
fixed,7826238
fixed,7838380
fixed,7821794
fixed,7822586
fixed,8170812
fixed,7822612
fixed,7840880
fixed,7838828
fixed,7842702
fixed,7822480
fixed,7841948
fixed,7807104
fixed,7838694
fixed,7831506
fixed,7836546
fixed,7831552
fixed,7863176
fixed,7842660
fixed,7834192
fixed,7830438
fixed,7833052
fixed,7836146
fixed,7827344
fixed,7829942
fixed,7833868
fixed,7849502
fixed,7788718
fixed,7677924
fixed,7765408
fixed,7883026
fixed,7690026
fixed,7670346
fixed,7830454
fixed,7831128
fixed,7974302
fixed,7809232
fixed,7843786
fixed,7831498
fixed,7826386
fixed,7842012
fixed,7824400
fixed,7937304
fixed,7761168
fixed,7814942
fixed,7727484
fixed,7745082
fixed,7436682
fixed,7715202
fixed,7727704
fixed,7844618
fixed,7906128
fixed,7880342
fixed,7908124
fixed,7821126
fixed,7828130
fixed,7830780
fixed,7838128
fixed,7828142
fixed,7801706
fixed,7822808
fixed,8002222
fixed,7814922
fixed,7819212
fixed,7832768
fixed,7838754
fixed,7971732
fixed,7839652
fixed,7902024
fixed,8005410
fixed,7840452
fixed,7842784
fixed,7836004
fixed,7832228
fixed,7799964
fixed,7845200
fixed,7827058
fixed,7806150
fixed,7834534
fixed,7817530
fixed,7836118
fixed,7832300
fixed,7838558
fixed,7803254
fixed,7837836
fixed,7824870
fixed,7838640
fixed,7825876
fixed,7814724
fixed,7836192
fixed,7822198
fixed,7830816
fixed,7804060
fixed,7823754
fixed,7841982
fixed,7833100
fixed,7828096
fixed,7981304
fixed,7805054
fixed,7843332
fixed,7818644
fixed,7824062
fixed,7837486
fixed,7830960
fixed,7837250
fixed,7810052
fixed,7841868
fixed,7839986
fixed,7880466
fixed,7917260
fixed,7832724
fixed,7849610
fixed,7838164
fixed,7811014
fixed,7952000
fixed,7828990
fixed,7828436
fixed,7920586
fixed,7824142
fixed,7799798
fixed,7823296
fixed,7836068
fixed,7830062
fixed,7825164
fixed,7830180
fixed,7844556
fixed,7827852
fixed,7834978
fixed,7832494
fixed,7811496
fixed,7846374
fixed,7833462
fixed,7812898
fixed,7980778
fixed,7823378
fixed,7958876
fixed,7854444
fixed,7836768
fixed,7843116
fixed,7820452
fixed,7802852
fixed,7835308
fixed,7823110
fixed,7813592
fixed,7824508
fixed,7834878
fixed,7913224
fixed,7907524
fixed,7837272
fixed,7817716
fixed,7818768
fixed,8002178
fixed,7827662
fixed,7811768
fixed,7823796
fixed,7834638
fixed,7825384
fixed,7905004
fixed,7825672
fixed,7839284
fixed,7824782
fixed,7829070
fixed,7821360
fixed,7833686
fixed,7928002
fixed,7839120
fixed,7894732
fixed,7831286
fixed,7957760
fixed,7834064
fixed,7829898
fixed,7811062
fixed,7930660
fixed,7828410
fixed,7830316
fixed,8468474
fixed,7830816
fixed,7820404
fixed,7846910
fixed,7815528
fixed,7819772
fixed,7823926
fixed,7830760
fixed,7834862
fixed,7911142
fixed,7827072
fixed,7852122
fixed,7936308
fixed,8189328
fixed,8018044
fixed,8311196
fixed,7832446
fixed,7828140
fixed,8157502
fixed,8080682
fixed,8134644
fixed,7813060
fixed,7840322
fixed,7811422
fixed,7831756
fixed,7823236
fixed,7835342
fixed,7833876
fixed,7843262
fixed,8025910
fixed,8117880
fixed,7859568
fixed,7818210
fixed,7810304
fixed,7932798
fixed,8002184
fixed,7932586
fixed,7807092
fixed,7876484
fixed,8022648
fixed,8203176
fixed,8162062
fixed,8018300
fixed,8036986
fixed,7829756
fixed,7910084
fixed,7842756
fixed,7926598
fixed,7820604
fixed,7923224
fixed,7969650
fixed,7825214
fixed,7991696
fixed,7827472
fixed,7835788
fixed,7840948
fixed,7993208
fixed,8027414
fixed,7814332
fixed,7830444
fixed,7837242
fixed,7973468
fixed,7971436
fixed,8060936
fixed,7807962
fixed,7866342
fixed,7839516
fixed,7821018
fixed,7823990
fixed,7834692
fixed,7995566
fixed,7906430
fixed,7835208
fixed,7822098
fixed,7819774
fixed,7905238
fixed,7843184
fixed,7980702
fixed,7888356
fixed,7936410
fixed,7949408
fixed,7913852
fixed,7901868
fixed,7951582
fixed,7980810
fixed,7832080
fixed,7838924
fixed,7821952
fixed,8072006
fixed,7835010
fixed,7896698
fixed,7836178
fixed,7847024
fixed,7815376
fixed,7856616
fixed,7835398
fixed,7833386
fixed,7842770
fixed,7903708
fixed,7846956
fixed,7831492
fixed,7824394
fixed,7836794
fixed,7830268
fixed,7826596
fixed,7962334
fixed,8121814
fixed,7808884
fixed,7902010
fixed,7831754
fixed,7897740
fixed,8024514
fixed,7966776
fixed,8065654
fixed,7915928
fixed,7816932
fixed,7832252
fixed,7835490
fixed,7831100
fixed,7837878
fixed,7827926
fixed,7830296
fixed,7835744
fixed,7828360
fixed,7995022
fixed,7930404
fixed,7879740
fixed,7898412
fixed,7923976
fixed,7804534
fixed,7956918
fixed,7981604
fixed,7838458
fixed,8036016
fixed,7932212
fixed,7887200
fixed,7907002
fixed,7841028
fixed,7719842
fixed,7832190
fixed,7825562
fixed,7826934
fixed,7886586
fixed,7812028
fixed,7908474
fixed,7831538
fixed,7839458
fixed,7837326
fixed,7830772
fixed,7840346
fixed,7813878
fixed,7842506
fixed,7820160
fixed,7832218
fixed,7817376
fixed,8009852
fixed,7836758
fixed,7801382
fixed,7838910
fixed,7826356
fixed,7827094
fixed,7871584
fixed,7787210
fixed,7876722
fixed,7900474
fixed,7946980
fixed,7874288
fixed,7888886
fixed,7843662
fixed,7840008
fixed,7848600
fixed,7982090
fixed,7829496
fixed,7830994
fixed,7824108
fixed,7895868
fixed,7811658
fixed,8042678
fixed,7896312
fixed,7822584
fixed,7827754
fixed,7828710
fixed,8131902
fixed,7953114
fixed,7837984
fixed,7837312
fixed,7834560
fixed,7833418
fixed,7895360
fixed,7847452
fixed,7832224
fixed,7812338
fixed,7836126
fixed,7968538
fixed,7916716
fixed,7882532
fixed,8026808
fixed,8134674
fixed,7838672
fixed,8121688
fixed,7841014
fixed,7814050
fixed,7917674
fixed,7953700
fixed,7833684
fixed,7838126
fixed,7858716
fixed,8093072
fixed,7848962
fixed,7892278
fixed,7933306
fixed,7966708
fixed,7882742
fixed,7856890
fixed,7831816
fixed,7820586
fixed,8029978
fixed,7985938
fixed,7972926
fixed,7839356
fixed,8070044
fixed,7974122
fixed,7822714
fixed,7809784
fixed,7813972
fixed,7928270
fixed,7824892
fixed,8019246
fixed,7981948
fixed,7835944
fixed,7824564
fixed,7830884
fixed,8212662
fixed,7839688
fixed,7840050
fixed,7837760
fixed,7823514
fixed,7840136
fixed,7813944
fixed,7843834
fixed,7834458
fixed,7823782
fixed,8050520
fixed,7831118
fixed,7834408
fixed,7848848
fixed,7826102
fixed,7823860
fixed,7834616
fixed,7831276
fixed,7826438
fixed,7827252
fixed,7842702
fixed,8101688
fixed,7840852
fixed,7848700
fixed,7826826
fixed,7835558
fixed,7839942
fixed,7834508
fixed,7857406
fixed,7828342
fixed,7836594
fixed,8018868
fixed,7841930
fixed,7835934
fixed,8005518
fixed,8112980
fixed,7982810
fixed,7961562
fixed,8177620
fixed,9065460
fixed,8162654
fixed,8073296
fixed,7816036
fixed,7802054
fixed,7825234
fixed,7805426
fixed,7835874
fixed,7797696
fixed,7836342
fixed,7924820
fixed,7810646
fixed,7800876
fixed,7824320
fixed,7895620
fixed,7819154
fixed,7815542
fixed,7821482
fixed,7815200
fixed,7830678
fixed,7838398
fixed,7817586
fixed,7987614
fixed,7982248
fixed,7913628
fixed,7930546
fixed,7815560
fixed,7819960
fixed,7795270
fixed,7912420
fixed,7820968
fixed,7823976
fixed,7827440
fixed,7811300
fixed,7820698
fixed,7791766
fixed,7807590
fixed,7806346
fixed,7827330
fixed,7802274
fixed,7804484
fixed,7815152
fixed,7818690
fixed,7811646
fixed,7811856
fixed,7799306
fixed,8012332
fixed,7972338
fixed,9145046
fixed,7957986
fixed,8155362
fixed,7993998
fixed,7813896
fixed,7830464
fixed,7824440
fixed,7823132
fixed,7815112
fixed,7801006
fixed,7953066
fixed,7813498
fixed,7994550
fixed,7827238
fixed,7866650
fixed,7830354
fixed,7820056
fixed,7825190
fixed,7827460
fixed,7827378
fixed,7827166
fixed,7814708
fixed,7821154
fixed,7822516
fixed,7799174
fixed,7821040
fixed,7810056
fixed,7806962
fixed,7827704
fixed,7827314
fixed,8067734
fixed,7877090
fixed,7812814
fixed,7821070
fixed,7816808
fixed,7914916
fixed,7795220
fixed,7827534
fixed,7807824
fixed,7816728
fixed,7819928
fixed,7798834
fixed,7822564
fixed,7819226
fixed,7821648
fixed,7807164
fixed,7797454
fixed,7811700
fixed,7831138
fixed,7806700
fixed,7993750
fixed,7851248
fixed,7821176
fixed,7821436
fixed,7806692
fixed,7814798
fixed,7817526
fixed,7793350
fixed,7825362
fixed,7818494
fixed,7874612
fixed,7904220
fixed,7821986
fixed,7801814
fixed,7811714
fixed,7891212
fixed,7826332
fixed,7885384
fixed,7820106
fixed,7828802
fixed,7813644
fixed,7829948
fixed,7807402
fixed,7800016
fixed,7941548
fixed,7871102
fixed,8026736
fixed,8260002
fixed,7820794
fixed,7928930
fixed,8008948
fixed,7951806
fixed,7890946
fixed,7976066
fixed,7810890
fixed,7791566
fixed,7812450
fixed,7447374
fixed,7555892
fixed,7787982
fixed,7871380
fixed,7523562
fixed,7490994
fixed,7730114
fixed,7848192
fixed,7763406
fixed,7591134
fixed,7312246
fixed,7373788
fixed,7284854
fixed,7810232
fixed,7644372
fixed,7364862
fixed,7480754
fixed,7892892
fixed,7839340
fixed,7656034
fixed,7590036
fixed,7600502
fixed,7166506
fixed,7364892
fixed,7382278
fixed,8217088
fixed,8143694
fixed,7883112
fixed,7815906
fixed,8031514
fixed,7861348
fixed,7883904
fixed,7828966
fixed,7805846
fixed,7816000
fixed,7818272
fixed,7819100
fixed,7808394
fixed,7814036
fixed,7825914
fixed,7897808
fixed,7810362
fixed,7826040
fixed,8011916
fixed,7813778
fixed,7809896
fixed,7816380
fixed,7813816
fixed,7801000
fixed,7813578
fixed,7813608
fixed,7825684
fixed,7815262
fixed,7808216
fixed,7816178
fixed,7825390
fixed,7794584
fixed,7957610
fixed,7795682
fixed,7812966
fixed,7810968
fixed,7822278
fixed,7807876
fixed,7828214
fixed,7790986
fixed,7809810
fixed,7811678
fixed,7823542
fixed,7863280
fixed,8132430
fixed,7961386
fixed,7827954
fixed,7808306
fixed,7831554
fixed,7818730
fixed,7791102
fixed,7903660
fixed,7820462
fixed,7790644
fixed,7821188
fixed,7974822
fixed,7819480
fixed,7821394
fixed,7803204
fixed,7799012
fixed,7811856
fixed,7993340
fixed,7929232
fixed,7822684
fixed,7794734
fixed,7825184
fixed,7761852
fixed,7807290
fixed,7685948
fixed,7716008
fixed,7806462
fixed,7698296
fixed,7672506
fixed,7585030
fixed,8063736
fixed,7694262
fixed,7807964
fixed,7949488
fixed,7773078
fixed,7676206
fixed,7808290
fixed,7826192
fixed,7753434
fixed,7338952
fixed,7386316
fixed,7790294
fixed,7560024
fixed,7781120
fixed,7760310
fixed,7941320
fixed,7907032
fixed,7861098
fixed,7269698
fixed,7832754
fixed,7832716
fixed,7822408
fixed,7922054
fixed,7829524
fixed,7815826
fixed,7813476
fixed,7814782
fixed,7824348
fixed,8076200
fixed,8101026
fixed,7834432
fixed,7792658
fixed,7819130
fixed,7816104
fixed,7810584
fixed,7811060
fixed,7821592
fixed,7806998
fixed,7803722
fixed,7957696
fixed,7815966
fixed,7909032
fixed,7947902
fixed,7829918
fixed,7860522
fixed,7894890
fixed,8104824
fixed,8170996
fixed,7964094
fixed,7895408
fixed,7982216
fixed,7834994
fixed,7825268
fixed,7830686
fixed,7815862
fixed,7814128
fixed,7836874
fixed,7868926
fixed,7349730
fixed,7575506
fixed,7878032
fixed,7329410
fixed,7401718
fixed,7257008
fixed,7515726
fixed,7387764
fixed,7621710
fixed,7327080
fixed,7819814
fixed,7801164
fixed,7881898
fixed,7613390
fixed,7642958
fixed,7493572
fixed,7827050
fixed,7479352
fixed,7661454
fixed,7878062
fixed,7718096
fixed,7476358
fixed,7585032
fixed,7390798
fixed,7701888
fixed,7841720
fixed,7679756
fixed,7718336
fixed,7682324
fixed,7699900
fixed,7645320
fixed,7694282
fixed,7868158
fixed,8249108
fixed,7957426
fixed,7901640
fixed,7841446
fixed,7737758
fixed,7803356
fixed,7813600
fixed,7735130
fixed,7688048
fixed,7821538
fixed,7823306
fixed,7730900
fixed,7790682
fixed,7377738
fixed,7706144
fixed,7755404
fixed,7694432
fixed,7787202
fixed,7811150
fixed,7695304
fixed,7688294
fixed,7644450
fixed,7389654
fixed,7893212
fixed,7635626
fixed,7756476
fixed,7303196
fixed,7744342
fixed,7310170
fixed,7694658
fixed,7636236
fixed,7433672
fixed,7450016
fixed,7163364
fixed,7669906
fixed,7640110
fixed,7492652
fixed,7722008
fixed,7915774
fixed,7917610
fixed,7381886
fixed,7664774
fixed,7871756
fixed,7576152
fixed,7791726
fixed,7905352
fixed,7550438
fixed,7853374
fixed,7350380
fixed,7554322
fixed,7686858
fixed,7861078
fixed,7875342
fixed,7540784
fixed,7771700
fixed,7517138
fixed,7751686
fixed,7490988
fixed,7526166
fixed,7160468
fixed,7163138
fixed,7354234
fixed,7578252
fixed,7524828
fixed,7657444
fixed,7330960
fixed,7576516
fixed,7479936
fixed,7822044
fixed,7862454
fixed,7879518
fixed,7421058
fixed,7752094
fixed,7860802
fixed,8350644
fixed,7815756
fixed,7797932
fixed,7819754
fixed,7831740
fixed,7834882
fixed,7388684
fixed,7942726
fixed,7716720
fixed,8075948
fixed,7805940
fixed,7667664
fixed,7380850
fixed,7512752
fixed,7380304
fixed,7800496
fixed,7580346
fixed,7524796
fixed,7481310
fixed,7622836
fixed,7931620
fixed,7591266
fixed,7583992
fixed,7221278
fixed,7588448
fixed,7464704
fixed,7770864
fixed,7377932
fixed,7828914
fixed,7445034
fixed,7753442
fixed,7582932
fixed,7279618
fixed,7306998
fixed,7986862
fixed,7248544
fixed,7930998
fixed,7688110
fixed,7426612
fixed,7827704
fixed,7353750
fixed,7788898
fixed,7685608
fixed,7618310
fixed,7700066
fixed,7398414
fixed,7625162
fixed,7398842
fixed,7269300
fixed,7842816
fixed,7484718
fixed,7713496
fixed,7465928
fixed,7509312
fixed,7502142
fixed,7816290
fixed,7790898
fixed,7484984
fixed,7511952
fixed,7704244
fixed,7848978
fixed,7741580
fixed,7708860
fixed,7456754
fixed,7455372
fixed,7499174
fixed,7404320
fixed,7563540
fixed,7731910
fixed,7794206
fixed,7923250
fixed,7555530
fixed,7442210
fixed,7650284
fixed,7823220
fixed,7839380
fixed,7805996
fixed,7819490
fixed,8215628
fixed,7884734
fixed,7495608
fixed,7677102
fixed,7752320
fixed,7497862
fixed,7154194
fixed,7395508
fixed,7979756
fixed,7813560
fixed,7883948
fixed,7820130
fixed,7828954
fixed,7812156
fixed,7940882
fixed,7708116
fixed,7317388
fixed,7702870
fixed,7872286
fixed,7496078
fixed,7832012
fixed,7805656
fixed,7878372
fixed,7833896
fixed,7800992
fixed,8136340
fixed,8003418
fixed,7822776
fixed,7828726
fixed,8217722
fixed,7815272
fixed,7757032
fixed,7670668
fixed,7179344
fixed,7596982
fixed,7375994
fixed,7334910
fixed,7396512
fixed,7271544
fixed,7720700
fixed,7506080
fixed,7854204
fixed,7525950
fixed,7892754
fixed,7548086
fixed,7402918
fixed,7406404
fixed,7653688
fixed,7770574
fixed,7965966
fixed,7776326
fixed,7657246
fixed,7651962
fixed,7822548
fixed,7769584
fixed,7544556
fixed,7987534
fixed,7840570
fixed,7993884
fixed,7838280
fixed,7753386
fixed,7758206
fixed,7801888
fixed,7820074
fixed,7310800
fixed,7690686
fixed,7951840
fixed,7831216
fixed,7850130
fixed,7838374
fixed,7904946
fixed,7573838
fixed,7350594
fixed,7861274
fixed,7420186
fixed,7180772
fixed,7528342
fixed,7800836
fixed,7734616
fixed,7601362
fixed,7607020
fixed,7645882
fixed,7821152
fixed,7817274
fixed,7523824
fixed,7655910
fixed,7528606
fixed,7596308
fixed,7648582
fixed,7926272
fixed,7763368
fixed,7505388
fixed,7418904
fixed,7307156
fixed,7963154
fixed,7306498
fixed,7399136
fixed,7582220
fixed,7644684
fixed,7657988
fixed,7380478
fixed,7502168
fixed,7405960
fixed,7483846
fixed,7398646
fixed,7730238
fixed,7346990
fixed,7275472
fixed,7865360
fixed,7757866
fixed,7742898
fixed,7682520
fixed,7269216
fixed,7615894
fixed,7415842
fixed,7270046
fixed,7734868
fixed,7875464
fixed,7463612
fixed,7592746
fixed,7850834
fixed,7475372
fixed,7176518
fixed,7415324
fixed,7165628
fixed,7157922
fixed,7261928
fixed,7384688
fixed,7805222
fixed,7856442
fixed,7816648
fixed,7835686
fixed,7848104
fixed,7833584
fixed,7833770
fixed,7832840
fixed,7906752
fixed,7813808
fixed,7961080
fixed,7293820
fixed,7684900
fixed,7912774
fixed,7353284
fixed,7950086
fixed,7809910
fixed,7717680
fixed,7766000
fixed,7573756
fixed,7611544
fixed,7742504
fixed,7659640
fixed,7586002
fixed,7780384
fixed,7212134
fixed,7504800
fixed,7528900
fixed,7913612
fixed,7633424
fixed,7362164
fixed,7445002
fixed,7775220
fixed,7845518
fixed,7594376
fixed,7692324
fixed,7399074
fixed,7374900
fixed,8046260
fixed,7521190
fixed,7615622
fixed,8080576
fixed,7818738
fixed,7611078
fixed,7874850
fixed,7477460
fixed,7401348
fixed,7417902
fixed,7312868
fixed,7470336
fixed,7506038
fixed,7583342
fixed,7748458
fixed,7273110
fixed,7265606
fixed,7522974
fixed,7404842
fixed,7401542
fixed,7421842
fixed,7586564
fixed,7543378
fixed,7525282
fixed,7732514
fixed,7818958
fixed,7680212
fixed,7500008
fixed,7702456
fixed,7423576
fixed,7948900
fixed,7649224
fixed,7658746
fixed,7984924
fixed,7497984
fixed,7390948
fixed,7583892
fixed,7825058
fixed,7557486
fixed,7771972
fixed,7898054
fixed,7844696
fixed,7862162
fixed,7543092
fixed,7518556
fixed,7505160
fixed,7619544
fixed,7310662
fixed,7497146
fixed,7516134
fixed,7721548
fixed,7705506
fixed,7269336
fixed,7651886
fixed,7553342
fixed,7393820
fixed,7242716
fixed,7225290
fixed,7587130
fixed,7496960
fixed,7951918
fixed,7341820
fixed,7459718
fixed,7947268
fixed,7707254
fixed,7966192
fixed,7492098
fixed,7380962
fixed,7786676
fixed,7337564
fixed,7481954
fixed,7562062
fixed,7618678
fixed,7586634
fixed,7168820
fixed,7630550
fixed,7381084
fixed,7620178
fixed,7538740
fixed,7336640
fixed,7385300
fixed,7771886
fixed,7291046
fixed,7832902
fixed,7768312
fixed,7710454
fixed,7682004
fixed,7691284
fixed,7607226
fixed,7481164
fixed,7803684
fixed,7832276
fixed,7877524
fixed,7724724
fixed,8075808
fixed,7383936
fixed,7418602
fixed,7809440
fixed,7738586
fixed,7378254
fixed,7751256
fixed,7527144
fixed,7774070
fixed,7772082
fixed,7483542
fixed,7425812
fixed,7522866
fixed,7388256
fixed,7838044
fixed,7679290
fixed,7618434
fixed,7541970
fixed,7530676
fixed,7622594
fixed,7592198
fixed,7808592
fixed,7330436
fixed,7440244
fixed,7539020
fixed,7389112
fixed,7203650
fixed,7584362
fixed,7494330
fixed,7793716
fixed,7469594
fixed,7518612
fixed,7771316
fixed,7567660
fixed,7384902
fixed,7558548
fixed,7375406
fixed,7581208
fixed,7324910
fixed,7823810
fixed,7674682
fixed,7643754
fixed,7606032
fixed,7773738
fixed,7648686
fixed,7697530
fixed,7415450
fixed,7791000
fixed,7967966
fixed,7563612
fixed,7400398
fixed,7395058
fixed,7360138
fixed,7684018
fixed,7177594
fixed,7848574
fixed,7937604
fixed,7844976
fixed,7375788
fixed,7594728
fixed,7387410
fixed,7165186
fixed,7358186
fixed,7571940
fixed,8150486
fixed,7380438
fixed,7652572
fixed,7637662
fixed,7675598
fixed,7591536
fixed,7768442
fixed,7362314
fixed,7274272
fixed,7288664
fixed,7955238
fixed,7881100
fixed,7769790
fixed,7721038
fixed,7597726
fixed,7639180
fixed,7525784
fixed,7592042
fixed,7779194
fixed,7173554
fixed,7448864
fixed,7491890
fixed,7393738
fixed,7537554
fixed,7163708
fixed,7719576
fixed,7902324
fixed,7862504
fixed,7495208
fixed,7629436
fixed,7257874
fixed,7962714
fixed,7443336
fixed,7680984
fixed,7470788
fixed,7394830
fixed,7501112
fixed,7825008
fixed,7662204
fixed,7456266
fixed,7808888
fixed,7307126
fixed,7309610
fixed,7387184
fixed,7746168
fixed,7650112
fixed,7258542
fixed,7543236
fixed,7465438
fixed,7383930
fixed,7509114
fixed,7867858
fixed,7919864
fixed,7837198
fixed,7815284
fixed,7822438
fixed,7932542
fixed,7982780
fixed,7985152
fixed,7396114
fixed,7311160
fixed,7581390
fixed,7474450
fixed,7510880
fixed,7835622
fixed,7781160
fixed,7924160
fixed,7608026
fixed,7601056
fixed,7561572
fixed,8051718
fixed,7386406
fixed,7347348
fixed,7857296
fixed,7830140
fixed,7451178
fixed,7146842
fixed,7599478
fixed,7530144
fixed,7695566
fixed,7531826
fixed,7742030
fixed,7701218
fixed,7894906
fixed,7906112
fixed,7830642
fixed,7819092
fixed,7528500
fixed,7569602
fixed,7793416
fixed,7926684
fixed,7566652
fixed,7851702
fixed,7709972
fixed,7840352
fixed,7478188
fixed,7382182
fixed,7256700
fixed,7471270
fixed,7351394
fixed,7583102
fixed,7627544
fixed,7723598
fixed,7773590
fixed,7564100
fixed,7820078
fixed,7962744
fixed,7616200
fixed,7714130
fixed,7870618
fixed,7604152
fixed,7508640
fixed,7567714
fixed,7803432
fixed,7899460
fixed,7856062
fixed,7781678
fixed,7726462
fixed,7560572
fixed,7640050
fixed,7814728
fixed,7743214
fixed,7587826
fixed,7798664
fixed,7613272
fixed,7863794
fixed,7656162
fixed,7582758
fixed,7287616
fixed,7571818
fixed,7503380
fixed,7720650
fixed,7513942
fixed,7407712
fixed,7433002
fixed,7601830
fixed,7766554
fixed,7760356
fixed,7906758
fixed,7736730
fixed,7645728
fixed,7524490
fixed,7498140
fixed,7677560
fixed,7152380
fixed,7666542
fixed,7459352
fixed,7701844
fixed,7646982
fixed,7505794
fixed,7651976
fixed,7430458
fixed,7565518
fixed,7516976
fixed,7666350
fixed,7518666
fixed,7360842
fixed,7374744
fixed,7193540
fixed,7565058
fixed,7447148
fixed,7839402
fixed,7536806
fixed,7403874
fixed,7649302
fixed,7462566
fixed,7931740
fixed,7584226
fixed,7697350
fixed,7800352
fixed,7576284
fixed,7514688
fixed,7883564
fixed,7880288
fixed,7495024
fixed,7922286
fixed,7654952
fixed,7689660
fixed,7691548
fixed,7643020
fixed,8139152
fixed,7888892
fixed,7191156
fixed,7355762
fixed,7636904
fixed,7712732
fixed,7774900
fixed,7662786
fixed,7254098
fixed,7536780
fixed,7464778
fixed,7541658
fixed,7427080
fixed,7478610
fixed,7152606
fixed,7823084
fixed,7664610
fixed,7725246
fixed,7639466
fixed,7883962
fixed,7863272
fixed,7630454
fixed,7434486
fixed,7670756
fixed,7847286
fixed,7776488
fixed,7683570
fixed,7894240
fixed,7824166
fixed,7880650
fixed,7476620
fixed,7518646
fixed,7417630
fixed,7482186
fixed,7339334
fixed,7254492
fixed,7560206
fixed,7240228
fixed,7449336
fixed,7846978
fixed,7380492
fixed,7677694
fixed,7843248
fixed,7527682
fixed,7951968
fixed,7826958
fixed,7624142
fixed,7883794
fixed,7855150
fixed,7482702
fixed,7811334
fixed,7978740
fixed,7546836
fixed,7945020
fixed,7530862
fixed,7316718
fixed,7939850
fixed,7605950
fixed,7485188
fixed,7492258
fixed,7280776
fixed,7562472
fixed,7583912
fixed,7908966
fixed,7536416
fixed,7811196
fixed,7627396
fixed,7620432
fixed,7175780
fixed,7581000
fixed,7815992
fixed,7674162
fixed,7815440
fixed,7872202
fixed,7841970
fixed,7827354
fixed,7835782
fixed,7828052
fixed,7821026
fixed,7811568
fixed,7835736
fixed,7617186
fixed,7405446
fixed,7602928
fixed,7738054
fixed,7513672
fixed,7598586
fixed,7921352
fixed,7771372
fixed,7432022
fixed,7540220
fixed,7631426
fixed,7763620
fixed,7530682
fixed,7405998
fixed,7231742
fixed,7957486
fixed,7737776
fixed,7495724
fixed,7502392
fixed,7567766
fixed,7627694
fixed,7941614
fixed,7702866
fixed,7794806
fixed,7754284
fixed,7530060
fixed,7525818
fixed,8024792
fixed,7873594
fixed,7702836
fixed,7763274
fixed,7950168
fixed,7911206
fixed,7808434
fixed,7751858
fixed,7481338
fixed,7480134
fixed,7451914
fixed,7512264
fixed,7570934
fixed,7752252
fixed,7354582
fixed,7524356
fixed,7498414
fixed,7884346
fixed,7600254
fixed,7842412
fixed,7920726
fixed,8010048
fixed,7911560
fixed,7884756
fixed,7883462
fixed,7629342
fixed,7546288
fixed,7889020
fixed,7604182
fixed,7832468
fixed,7483866
fixed,7911210
fixed,7898172
fixed,7547704
fixed,7325822
fixed,7360578
fixed,7752848
fixed,7583822
fixed,7860750
fixed,7393610
fixed,7628130
fixed,7421374
fixed,7520386
fixed,7762940
fixed,7284090
fixed,7850528
fixed,7437268
fixed,7871850
fixed,7971968
fixed,7998216
fixed,7633910
fixed,7663292
fixed,7370860
fixed,7902678
fixed,7718598
fixed,7441218
fixed,7713674
fixed,7878808
fixed,7854208
fixed,7709844
fixed,7812672
fixed,7498898
fixed,7642364
fixed,7584072
fixed,7802358
fixed,7878150
fixed,7785884
fixed,7579176
fixed,7714746
fixed,7487324
fixed,7343504
fixed,7677562
fixed,7607110
fixed,7711906
fixed,7761272
fixed,7649718
fixed,7427928
fixed,7544200
fixed,7590422
fixed,7337096
fixed,7547258
fixed,7463124
fixed,7669848
fixed,7406968
fixed,7168594
fixed,7677814
fixed,7402476
fixed,7703572
fixed,7336516
fixed,7772518
fixed,7843044
fixed,7845150
fixed,7397160
fixed,7448614
fixed,7784364
fixed,7829508
fixed,7649984
fixed,7659950
fixed,7297220
fixed,7260780
fixed,7789486
fixed,7659210
fixed,7382168
fixed,7408066
fixed,7611824
fixed,7172324
fixed,7378738
fixed,7176024
fixed,7545388
fixed,7688794
fixed,7696988
fixed,7523714
fixed,7791864
fixed,7844356
fixed,7474618
fixed,7343404
fixed,7769776
fixed,7387644
fixed,7736894
fixed,7462036
fixed,7441984
fixed,7429718
fixed,7501424
fixed,7669716
fixed,7625438
fixed,7452380
fixed,7521256
fixed,7621296
fixed,7174300
fixed,7369936
fixed,7802638
fixed,7819834
fixed,7751494
fixed,7251482
fixed,7397442
fixed,7188250
fixed,7790918
fixed,7966290
fixed,7748668
fixed,7593096
fixed,7763006
fixed,7296468
fixed,7707478
fixed,7663374
fixed,7702902
fixed,7265024
fixed,7202940
fixed,7273066
fixed,7651180
fixed,7159884
fixed,7177800
fixed,7853288
fixed,7666508
fixed,7724952
fixed,7568326
fixed,7719452
fixed,7890642
fixed,7550160
fixed,7495538
fixed,7670682
fixed,7344184
fixed,7456196
fixed,7323088
fixed,7497510
fixed,7435166
fixed,7496282
fixed,7774664
fixed,7892398
fixed,7482106
fixed,7837398
fixed,7538416
fixed,7705208
fixed,7920126
fixed,7754706
fixed,7317360
fixed,7821742
fixed,7737294
fixed,7176132
fixed,7560090
fixed,7676728
fixed,7734344
fixed,7577422
fixed,7934600
fixed,7526680
fixed,7433392
fixed,7176814
fixed,7428628
fixed,7880142
fixed,7476032
fixed,7637086
fixed,7658918
fixed,7445260
fixed,7682762
fixed,7678952
fixed,7790568
fixed,7698076
fixed,7827202
fixed,8050364
fixed,7754582
fixed,7796790
fixed,7267152
fixed,7434992
fixed,7489672
fixed,7430090
fixed,7284136
fixed,7265424
fixed,7651200
fixed,7786372
fixed,7476986
fixed,7394254
fixed,7516130
fixed,7539562
fixed,7367050
fixed,7515354
fixed,7970008
fixed,7494658
fixed,7623980
fixed,7534566
fixed,7514960
fixed,7178576
fixed,7551532
fixed,7595142
fixed,7478612
fixed,7722180
fixed,7848920
fixed,7751148
fixed,7490196
fixed,7900150
fixed,7988864
fixed,7481972
fixed,7640574
fixed,7698178
fixed,7884446
fixed,7372456
fixed,10061670
fixed,7527360
fixed,7483462
fixed,7587910
fixed,7478432
fixed,7536044
fixed,7317220
fixed,7352138
fixed,7855790
fixed,7593850
fixed,7454134
fixed,7842314
fixed,7393452
fixed,7558130
fixed,7183364
fixed,7389368
fixed,7430532
fixed,7513734
fixed,7887298
fixed,7348484
fixed,7739260
fixed,7311390
fixed,7546100
fixed,7733104
fixed,7375476
fixed,7513092
fixed,7702678
fixed,7460320
fixed,7588502
fixed,7484728
fixed,7583222
fixed,7627750
fixed,7932262
fixed,7526210
fixed,7287952
fixed,7213422
fixed,7175668
fixed,7906936
fixed,7533986
fixed,7861664
fixed,7364888
fixed,7397638
fixed,7409648
fixed,7723212
fixed,7435932
fixed,7643704
fixed,7842600
fixed,7581202
fixed,7242034
fixed,7175296
fixed,7572904
fixed,8139714
fixed,7720894
fixed,7515042
fixed,7672348
fixed,7803730
fixed,7705860
fixed,7822044
fixed,7467928
fixed,7774146
fixed,7645978
fixed,7392846
fixed,7463510
fixed,7452600
fixed,7306676
fixed,7596050
fixed,7550916
fixed,7732522
fixed,7420348
fixed,7390890
fixed,7265098
fixed,7686614
fixed,7567330
fixed,7344568
fixed,7685218
fixed,7480100
fixed,7605276
fixed,7597094
fixed,7483518
fixed,7393840
fixed,7494008
fixed,7561474
fixed,7838820
fixed,7871074
fixed,7530534
fixed,7757030
fixed,7808466
fixed,7822658
fixed,7489486
fixed,7805132
fixed,7573322
fixed,7764682
fixed,7223804
fixed,7511070
fixed,7168460
fixed,7286024
fixed,7561132
fixed,7277510
fixed,7611936
fixed,7505950
fixed,7396126
fixed,7490538
fixed,7849344
fixed,7335874
fixed,7365366
fixed,7750664
fixed,8449938
fixed,7821202
fixed,7622714
fixed,7596774
fixed,7703674
fixed,7398706
fixed,7775234
fixed,7422988
fixed,7375488
fixed,7758600
fixed,7693744
fixed,7507238
fixed,7977824
fixed,7838110
fixed,7825256
fixed,7826202
fixed,7804960
fixed,7972366
fixed,7781472
fixed,7282142
fixed,7284624
fixed,7902048
fixed,8032206
fixed,7287118
fixed,7884720
fixed,7441922
fixed,7460250
fixed,7473896
fixed,7600722
fixed,7753802
fixed,7428360
fixed,7544722
fixed,7671912
fixed,7328928
fixed,7764738
fixed,7351434
fixed,7492778
fixed,7389646
fixed,7931860
fixed,7521898
fixed,7530762
fixed,7621490
fixed,7527042
fixed,7413616
fixed,7322630
fixed,7750598
fixed,7409494
fixed,7700306
fixed,7503392
fixed,7297072
fixed,7823236
fixed,8004846
fixed,7882014
fixed,7316770
fixed,7476056
fixed,7733244
fixed,7407228
fixed,7352090
fixed,7310932
fixed,7671570
fixed,7402620
fixed,7175362
fixed,7591886
fixed,7921048
fixed,7821784
fixed,7762228
fixed,7563482
fixed,7625014
fixed,7832554
fixed,7586888
fixed,8014564
fixed,8256360
fixed,7815370
fixed,7828646
fixed,7819946
fixed,7849284
fixed,7576212
fixed,7730718
fixed,7653828
fixed,7791290
fixed,7796236
fixed,7436580
fixed,7675966
fixed,7164632
fixed,7307944
fixed,7236706
fixed,7415574
fixed,7550664
fixed,7845250
fixed,7600862
fixed,7606696
fixed,7630560
fixed,7808208
fixed,7816010
fixed,7722792
fixed,7145020
fixed,7372982
fixed,7704008
fixed,7403764
fixed,7631678
fixed,7527008
fixed,7687362
fixed,7636762
fixed,7483526
fixed,7378460
fixed,7462386
fixed,7158862
fixed,7749496
fixed,7569318
fixed,7483306
fixed,7810452
fixed,7495018
fixed,7236998
fixed,7764476
fixed,7756386
fixed,7233730
fixed,7334200
fixed,7718036
fixed,7520350
fixed,7289872
fixed,7682394
fixed,7579182
fixed,7647216
fixed,7591560
fixed,7371708
fixed,7418254
fixed,7400162
fixed,7583266
fixed,8575350
fixed,9493168
fixed,8087162
fixed,7485354
fixed,8044014
fixed,7829648
fixed,7767496
fixed,7548420
fixed,7397242
fixed,7474602
fixed,7777088
fixed,7399720
fixed,7146644
fixed,7154154
fixed,7430262
fixed,7361202
fixed,7278120
fixed,7795840
fixed,7523584
fixed,7855170
fixed,7844336
fixed,7609232
fixed,7668792
fixed,7278670
fixed,7555104
fixed,7790008
fixed,7616228
fixed,7296958
fixed,7383004
fixed,7832466
fixed,7851532
fixed,7398016
fixed,7583842
fixed,7895966
fixed,7651824
fixed,7983216
fixed,7863244
fixed,7740724
fixed,7647454
fixed,7348878
fixed,7486216
fixed,7557712
fixed,7826512
fixed,7722134
fixed,7743692
fixed,7385318
fixed,7613906
fixed,7640316
fixed,7697456
fixed,7399914
fixed,7378506
fixed,7537110
fixed,7382598
fixed,7162432
fixed,7166152
fixed,7940872
fixed,7898544
fixed,7467418
fixed,7636786
fixed,7603656
fixed,7392784
fixed,7512568
fixed,7456596
fixed,7492212
fixed,7825712
fixed,7634148
fixed,7533882
fixed,7416464
fixed,7287860
fixed,7306008
fixed,7824786
fixed,7431134
fixed,7848790
fixed,7838316
fixed,7802268
fixed,7827564
fixed,7749040
fixed,7405308
fixed,7858694
fixed,7589016
fixed,7807366
fixed,7609240
fixed,7525184
fixed,7257176
fixed,7395222
fixed,7789868
fixed,7690688
fixed,7689572
fixed,8086426
fixed,7881782
fixed,7394548
fixed,7448194
fixed,7509438
fixed,7486332
fixed,7957468
fixed,7679374
fixed,7634334
fixed,7352256
fixed,7586040
fixed,7909260
fixed,7797902
fixed,7672608
fixed,7646510
fixed,7274256
fixed,7379242
fixed,7540198
fixed,7830344
fixed,7739384
fixed,7776622
fixed,7570380
fixed,7713502
fixed,7879824
fixed,7825600
fixed,7827012
fixed,7867924
fixed,7804214
fixed,7787400
fixed,7688934
fixed,7793418
fixed,7789526
fixed,7578616
fixed,7460286
fixed,7594010
fixed,7252308
fixed,7698428
fixed,7752656
fixed,7154686
fixed,7518330
fixed,7282740
fixed,7923460
fixed,7632306
fixed,7671272
fixed,7446632
fixed,7520932
fixed,7519956
fixed,7851090
fixed,7729216
fixed,7844396
fixed,7783214
fixed,7867524
fixed,7832542
fixed,7733096
fixed,7674584
fixed,7895932
fixed,7795798
fixed,7641362
fixed,7275098
fixed,8031644
fixed,7827478
fixed,7594444
fixed,7921664
fixed,7552508
fixed,7556560
fixed,7468534
fixed,7624686
fixed,7480454
fixed,7634218
fixed,7794638
fixed,7482388
fixed,7548342
fixed,7447168
fixed,7397740
fixed,7736144
fixed,7903954
fixed,8244036
fixed,8091232
fixed,7636084
fixed,7504852
fixed,7646958
fixed,7971758
fixed,8006584
fixed,7477316
fixed,7227074
fixed,7865922
fixed,7735306
fixed,7810022
fixed,7147124
fixed,7634740
fixed,7437550
fixed,7164448
fixed,7602698
fixed,7290504
fixed,7414598
fixed,7775010
fixed,8054700
fixed,7252060
fixed,7546222
fixed,7922118
fixed,7823862
fixed,7825534
fixed,7832378
fixed,7843592
fixed,7795076
fixed,7803252
fixed,7725538
fixed,7905954
fixed,7984250
fixed,7689862
fixed,7717926
fixed,7425142
fixed,7666222
fixed,7784112
fixed,7885132
fixed,7944814
fixed,7689702
fixed,8056694
fixed,7816166
fixed,7817578
fixed,7833488
fixed,8244436
fixed,7806678
fixed,7318816
fixed,7698952
fixed,7815986
fixed,7601500
fixed,7904800
fixed,7275844
fixed,7471784
fixed,7583570
fixed,7855606
fixed,7529856
fixed,7535942
fixed,7506690
fixed,7770572
fixed,7674666
fixed,7846588
fixed,8678692
fixed,7858920
fixed,7819402
fixed,7832122
fixed,7890142
fixed,8063420
fixed,7864472
fixed,7825950
fixed,7709220
fixed,7969670
fixed,7571358
fixed,7776774
fixed,7740260
fixed,7793580
fixed,7517840
fixed,7627982
fixed,7680764
fixed,7540108
fixed,7692490
fixed,7672874
fixed,7603062
fixed,7806068
fixed,7724644
fixed,7495296
fixed,7567056
fixed,7774704
fixed,7677058
fixed,7435572
fixed,7731250
fixed,7163592
fixed,7277798
fixed,7354492
fixed,7708468
fixed,7883786
fixed,7587472
fixed,7553276
fixed,7643060
fixed,7485214
fixed,7834598
fixed,7844904
fixed,7532740
fixed,7740910
fixed,7582248
fixed,7760000
fixed,7665006
fixed,7558418
fixed,7142208
fixed,7861182
fixed,7885058
fixed,7923722
fixed,7664792
fixed,7661394
fixed,7795326
fixed,7610698
fixed,7518514
fixed,7722922
fixed,7577524
fixed,7730004
fixed,7165326
fixed,7748686
fixed,7720994
fixed,7381350
fixed,7498034
fixed,7297720
fixed,7371726
fixed,7839126
fixed,7757052
fixed,7640852
fixed,7902196
fixed,7888920
fixed,7779862
fixed,7485906
fixed,7421168
fixed,7898608
fixed,7705070
fixed,7522340
fixed,7151666
fixed,7196196
fixed,7566522
fixed,7610872
fixed,7796464
fixed,7557428
fixed,7386862
fixed,7295338
fixed,7812786
fixed,7757224
fixed,7665022
fixed,7847706
fixed,7791170
fixed,7688862
fixed,7583992
fixed,7384194
fixed,8023526
fixed,7820562
fixed,7779884
fixed,7746364
fixed,7410996
fixed,7628830
fixed,7335364
fixed,7251648
fixed,7449492
fixed,7671168
fixed,7655268
fixed,7167092
fixed,7146582
fixed,7285032
fixed,7271140
fixed,7380272
fixed,7486704
fixed,8059302
fixed,7388730
fixed,8092868
fixed,7381350
fixed,7313484
fixed,7159072
fixed,7738126
fixed,7552892
fixed,7587558
fixed,7588830
fixed,7816394
fixed,7797080
fixed,7829660
fixed,7688872
fixed,7598222
fixed,7273834
fixed,7703552
fixed,7345218
fixed,7590262
fixed,7494578
fixed,7574936
fixed,7798362
fixed,7484942
fixed,7291606
fixed,7690532
fixed,7495698
fixed,7711224
fixed,7723276
fixed,7586800
fixed,7783990
fixed,7862028
fixed,7870222
fixed,7601202
fixed,7838778
fixed,7920878
fixed,7393382
fixed,7157012
fixed,7731404
fixed,7573018
fixed,7753406
fixed,7632288
fixed,7350188
fixed,7746174
fixed,7935408
fixed,7548830
fixed,7485586
fixed,7480782
fixed,7454684
fixed,7508412
fixed,7215908
fixed,7663168
fixed,7390338
fixed,7643400
fixed,7233026
fixed,7535588
fixed,7173744
fixed,7538170
fixed,7712978
fixed,7488446
fixed,7830808
fixed,7825716
fixed,7817878
fixed,7824684
fixed,7283544
fixed,7670538
fixed,7697328
fixed,7466028
fixed,7984760
fixed,7306004
fixed,7725666
fixed,7727356
fixed,7643018
fixed,7471780
fixed,7452684
fixed,7487568
fixed,7629438
fixed,7732440
fixed,7672854
fixed,7751718
fixed,7584018
fixed,7605202
fixed,7162120
fixed,7147096
fixed,7584062
fixed,7408466
fixed,7843920
fixed,8002318
fixed,7516550
fixed,7485286
fixed,7680554
fixed,7441784
fixed,7895974
fixed,7155834
fixed,7640096
fixed,7676116
fixed,7783938
fixed,7673864
fixed,7549596
fixed,7331096
fixed,7598222
fixed,7699438
fixed,7790734
fixed,7206994
fixed,7381666
fixed,7794580
fixed,7797798
fixed,7301724
fixed,7371076
fixed,7569134
fixed,7797510
fixed,7567796
fixed,7378314
fixed,7637066
fixed,7160396
fixed,7502938
fixed,7541176
fixed,7615242
fixed,7337650
fixed,7831228
fixed,7937030
fixed,9206636
fixed,8349518
fixed,7819086
fixed,7821640
fixed,7806722
fixed,7704448
fixed,7767888
fixed,7658338
fixed,7902598
fixed,7667888
fixed,7677090
fixed,7525082
fixed,7455874
fixed,7636630
fixed,7746306
fixed,7478340
fixed,7815050
fixed,7673526
fixed,7743192
fixed,7302956
fixed,7798534
fixed,7591116
fixed,7517520
fixed,7283850
fixed,7935404
fixed,7384490
fixed,7756250
fixed,7466556
fixed,7462166
fixed,7286944
fixed,7480946
fixed,7831624
fixed,7617740
fixed,7410282
fixed,7924970
fixed,7584718
fixed,7530354
fixed,7598326
fixed,7731282
fixed,7864306
fixed,7529750
fixed,7508082
fixed,7296122
fixed,7749886
fixed,7742146
fixed,7799860
fixed,7583244
fixed,7589870
fixed,7800732
fixed,7824858
fixed,7628614
fixed,7376154
fixed,7737408
fixed,7494178
fixed,7509296
fixed,7492464
fixed,7489486
fixed,7498934
fixed,7671240
fixed,7584324
fixed,7387140
fixed,7740688
fixed,7771398
fixed,7280390
fixed,7732690
fixed,7783262
fixed,7419206
fixed,7378214
fixed,7613658
fixed,7490306
fixed,7365690
fixed,7722848
fixed,7653106
fixed,7158612
fixed,7466062
fixed,7265540
fixed,7453782
fixed,7762114
fixed,7745172
fixed,7789206
fixed,7487152
fixed,7696922
fixed,7579514
fixed,7291226
fixed,7258888
fixed,7410012
fixed,7550924
fixed,7523794
fixed,7520058
fixed,8239674
fixed,7860352
fixed,8119408
fixed,7819014
fixed,7696932
fixed,7712592
fixed,7817878
fixed,9202846
fixed,7859546
fixed,7882296
fixed,7159618
fixed,7222652
fixed,7386180
fixed,7331500
fixed,7846630
fixed,7548846
fixed,7310742
fixed,7633346
fixed,7605036
fixed,7607476
fixed,7768602
fixed,7291864
fixed,7353722
fixed,7801296
fixed,7916612
fixed,7570572
fixed,7199398
fixed,7625180
fixed,7563532
fixed,7659670
fixed,7542624
fixed,7440332
fixed,7158426
fixed,7423800
fixed,7683348
fixed,7387258
fixed,7472884
fixed,7283450
fixed,7424206
fixed,7604116
fixed,7467152
fixed,7556292
fixed,7514532
fixed,7317548
fixed,7929996
fixed,7761826
fixed,7620696
fixed,7738062
fixed,7472072
fixed,7349136
fixed,7666446
fixed,7870964
fixed,7891386
fixed,7833336
fixed,7768444
fixed,7541214
fixed,7814030
fixed,7501110
fixed,7649440
fixed,7387064
fixed,7635114
fixed,7826306
fixed,7814196
fixed,7649452
fixed,7562554
fixed,7511412
fixed,7141166
fixed,7681328
fixed,7271180
fixed,7154660
fixed,7916900
fixed,7426282
fixed,7791514
fixed,7172158
fixed,7575742
fixed,7513648
fixed,7436560
fixed,7821546
fixed,7871914
fixed,7824934
fixed,7832366
fixed,7822774
fixed,7817086
fixed,7859844
fixed,7821006
fixed,7813642
fixed,7812788
fixed,7891948
fixed,7854944
fixed,7417998
fixed,7415106
fixed,7604180
fixed,7527392
fixed,7471238
fixed,7399818
fixed,7680272
fixed,7820470
fixed,7870510
fixed,7914252
fixed,7983182
fixed,7818432
fixed,7897580
fixed,7815106
fixed,7857052
fixed,7858976
fixed,7835106
fixed,7799734
fixed,7822408
fixed,7811252
fixed,7803364
fixed,7715512
fixed,7929364
fixed,7815710
fixed,7986108
fixed,7815700
fixed,7330954
fixed,7634912
fixed,7302710
fixed,7803432
fixed,7264318
fixed,7753420
fixed,7790342
fixed,7352834
fixed,7343128
fixed,7160122
fixed,7470234
fixed,8039774
fixed,7837512
fixed,7958020
fixed,7941802
fixed,7954790
fixed,7883602
fixed,7312510
fixed,7948258
fixed,7755712
fixed,7754808
fixed,7335130
fixed,7379296
fixed,7473404
fixed,7710044
fixed,7493350
fixed,7720688
fixed,7892572
fixed,7833310
fixed,7475294
fixed,7601194
fixed,7398926
fixed,7764896
fixed,7795346
fixed,7839852
fixed,7326032
fixed,7480780
fixed,7733988
fixed,7562078
fixed,7288886
fixed,7635338
fixed,7513936
fixed,7794674
fixed,7759768
fixed,7533586
fixed,8056532
fixed,7866324
fixed,7456882
fixed,7708100
fixed,7820262
fixed,7321932
fixed,7644700
fixed,8514484
fixed,7937056
fixed,7842002
fixed,7836842
fixed,7829254
fixed,7734580
fixed,7499146
fixed,7537472
fixed,7612990
fixed,7719134
fixed,7974472
fixed,7671450
fixed,7542656
fixed,7901256
fixed,7857408
fixed,7475870
fixed,7585950
fixed,7693554
fixed,7660092
fixed,7637134
fixed,7499294
fixed,7723250
fixed,7353710
fixed,7376766
fixed,7385720
fixed,7791650
fixed,7609074
fixed,7732346
fixed,7704976
fixed,7537866
fixed,7435692
fixed,7996120
fixed,7339306
fixed,7666306
fixed,7692240
fixed,7838798
fixed,7695676
fixed,7867068
fixed,7841326
fixed,7837940
fixed,7948270
fixed,7857876
fixed,7600746
fixed,7273538
fixed,7339206
fixed,7514360
fixed,7460358
fixed,7549614
fixed,7714178
fixed,7329764
fixed,7378574
fixed,7413324
fixed,7478864
fixed,7837002
fixed,7420564
fixed,7636328
fixed,7976728
fixed,7821430
fixed,7738488
fixed,7416080
fixed,7485008
fixed,7483638
fixed,7414682
fixed,9552740
fixed,9682040
fixed,12199072
fixed,8103594
fixed,9186440
fixed,7246628
fixed,7482938
fixed,7896534
fixed,7399710
fixed,7615896
fixed,7788616
fixed,7341946
fixed,7208202
fixed,7461160
fixed,7478726
fixed,7473106
fixed,7372378
fixed,7490332
fixed,7525814
fixed,7167320
fixed,7375286
fixed,7301522
fixed,7409164
fixed,7166508
fixed,7398730
fixed,7307556
fixed,7517732
fixed,7795754
fixed,7746520
fixed,7509750
fixed,7386084
fixed,7499154
fixed,7435222
fixed,7713258
fixed,7678298
fixed,7446524
fixed,7378870
fixed,7338796
fixed,7765496
fixed,7340114
fixed,7563404
fixed,7346450
fixed,7766270
fixed,7524796
fixed,7270030
fixed,7400530
fixed,7765762
fixed,7422506
fixed,7447324
fixed,7560998
fixed,7318138
fixed,7673056
fixed,8892828
fixed,7941984
fixed,11816676
fixed,11361062
fixed,7391228
fixed,7423226
fixed,7077308
fixed,7107996
fixed,8178052
fixed,7971844
fixed,11716754
fixed,9189594
fixed,7260402
fixed,15175038
fixed,7135358
fixed,7495544
fixed,7357280
fixed,7087554
fixed,7679740
fixed,7578468
fixed,7466400
fixed,7175040
fixed,7399460
fixed,7418594
fixed,7355970
fixed,7438964
fixed,7335550
fixed,7477014
fixed,7601254
fixed,7254306
fixed,7393860
fixed,7229072
fixed,7607140
fixed,7588538
fixed,7155322
fixed,7606666
fixed,7385550
fixed,7826108
fixed,8054876
fixed,9338566
fixed,8009740
fixed,7977960
fixed,7942272
fixed,7888852
fixed,7725378
fixed,7552410
fixed,7514396
fixed,7717490
fixed,7752166
fixed,7469852
fixed,7166494
fixed,7688922
fixed,7143126
fixed,7701120
fixed,7867342
fixed,7174470
fixed,7396192
fixed,7173392
fixed,7541428
fixed,7457066
fixed,7817192
fixed,7297598
fixed,7252338
fixed,7768222
fixed,7568358
fixed,8087166
fixed,7701476
fixed,7466846
fixed,7334748
fixed,7439794
fixed,7447162
fixed,7292524
fixed,7408626
fixed,7380402
fixed,7393216
fixed,7596630
fixed,7364472
fixed,7237882
fixed,7440074
fixed,7522220
fixed,7140568
fixed,7701500
fixed,7283884
fixed,7344546
fixed,7083706
fixed,7334262
fixed,7137008
fixed,7390980
fixed,7371264
fixed,7438132
fixed,7240154
fixed,7275780
fixed,7550364
fixed,7133616
fixed,7570630
fixed,7629744
fixed,7345220
fixed,7370928
fixed,7673094
fixed,7350178
fixed,7294724
fixed,7457610
fixed,7208782
fixed,7363918
fixed,7049130
fixed,7205180
fixed,7230182
fixed,7708372
fixed,7282446
fixed,7450246
fixed,7278336
fixed,7570892
fixed,7389356
fixed,7425792
fixed,7294626
fixed,7348814
fixed,7150196
fixed,7470702
fixed,7118316
fixed,7291982
fixed,7273856
fixed,7530188
fixed,7524888
fixed,7686112
fixed,7657226
fixed,7695150
fixed,7696494
fixed,7530562
fixed,7776520
fixed,7609092
fixed,7470820
fixed,7401216
fixed,7156826
fixed,7722982
fixed,7058610
fixed,7372374
fixed,7053164
fixed,7178870
fixed,7500864
fixed,7322282
fixed,7256070
fixed,7589380
fixed,7442350
fixed,7575770
fixed,7726182
fixed,7646636
fixed,7851446
fixed,7562898
fixed,7522064
fixed,7723668
fixed,7876146
fixed,7647882
fixed,7367018
fixed,7719416
fixed,7477576
fixed,7461676
fixed,7425526
fixed,7871290
fixed,7528784
fixed,7479820
fixed,7561074
fixed,7698054
fixed,7652768
fixed,7429518
fixed,7807162
fixed,7836114
fixed,7385926
fixed,7413110
fixed,7573272
fixed,7473186
fixed,7423894
fixed,7608624
fixed,7421744
fixed,7734946
fixed,7700136
fixed,7786246
fixed,7651110
fixed,7479468
fixed,7485440
fixed,7587832
fixed,7387730
fixed,7436388
fixed,7868898
fixed,7735284
fixed,7412826
fixed,7469902
fixed,7635260
fixed,7311832
fixed,8008468
fixed,7527362
fixed,7774804
fixed,7909032
fixed,7813232
fixed,7523868
fixed,7767772
fixed,7332314
fixed,7805416
fixed,7695594
fixed,7804220
fixed,7686404
fixed,7724772
fixed,7653260
fixed,7349920
fixed,7712058
fixed,7619180
fixed,7325326
fixed,7638550
fixed,7173708
fixed,7642642
fixed,7741996
fixed,7684010
fixed,7765808
fixed,7475018
fixed,7461506
fixed,7588908
fixed,7490980
fixed,7598306
fixed,7748466
fixed,7630844
fixed,7491906
fixed,7675142
fixed,7573384
fixed,7473558
fixed,7247282
fixed,7838182
fixed,7547090
fixed,7789446
fixed,7906076
fixed,7522238
fixed,7457572
fixed,7480200
fixed,7890786
fixed,7543248
fixed,7574540
fixed,7595194
fixed,7423406
fixed,7492282
fixed,7824226
fixed,7299840
fixed,7361450
fixed,7167596
fixed,7671314
fixed,7706654
fixed,7599630
fixed,7563990
fixed,7817388
fixed,7507202
fixed,7533612
fixed,7890004
fixed,7673592
fixed,7708192
fixed,7611460
fixed,7843600
fixed,7673984
fixed,7443796
fixed,7376606
fixed,7356892
fixed,7458638
fixed,7779236
fixed,7722294
fixed,7924156
fixed,7545430
fixed,7752096
fixed,7383062
fixed,7562746
fixed,7778154
fixed,7697386
fixed,7628034
fixed,8026438
fixed,8666324
fixed,9030008
fixed,7941516
fixed,7842310
fixed,7496710
fixed,7836486
fixed,7547722
fixed,7586300
fixed,7828664
fixed,7777134
fixed,7371894
fixed,7696934
fixed,7544442
fixed,7607266
fixed,7457520
fixed,7551388
fixed,7678714
fixed,7353566
fixed,7502580
fixed,7574750
fixed,7624652
fixed,7400344
fixed,7628022
fixed,7396010
fixed,7646750
fixed,7557532
fixed,7541546
fixed,7526154
fixed,7612210
fixed,7430416
fixed,7172518
fixed,7753358
fixed,7727852
fixed,8080148
fixed,7927682
fixed,7899864
fixed,7609496
fixed,7914766
fixed,7547092
fixed,7778128
fixed,7609226
fixed,7856586
fixed,7788378
fixed,7768818
fixed,7782098
fixed,7573896
fixed,7392648
fixed,7380420
fixed,7389606
fixed,7546272
fixed,7963536
fixed,7961746
fixed,7886542
fixed,7658986
fixed,7513432
fixed,7503776
fixed,8125174
fixed,7920818
fixed,7797636
fixed,7868360
fixed,7797178
fixed,7362740
fixed,7533292
fixed,7412752
fixed,7639094
fixed,7358984
fixed,7290640
fixed,7766708
fixed,7851096
fixed,7826814
fixed,7836290
fixed,7841292
fixed,7893932
fixed,7844618
fixed,7810346
fixed,7853598
fixed,7828336
fixed,7712706
fixed,7542400
fixed,7645128
fixed,8154652
fixed,7776190
fixed,7297734
fixed,7704964
fixed,7708076
fixed,7712618
fixed,7748686
fixed,7531074
fixed,7607224
fixed,7441126
fixed,7898984
fixed,7680520
fixed,7641466
fixed,7768862
fixed,7438504
fixed,7518862
fixed,7379506
fixed,7594710
fixed,7381144
fixed,7771578
fixed,7242886
fixed,7821526
fixed,8416256
fixed,7778538
fixed,7814386
fixed,7476598
fixed,7778570
fixed,7739366
fixed,7461812
fixed,7425846
fixed,7660680
fixed,7377240
fixed,7299728
fixed,7246846
fixed,7219298
fixed,7484256
fixed,7567706
fixed,7423760
fixed,7594786
fixed,7571454
fixed,7800260
fixed,7854072
fixed,7513076
fixed,7802328
fixed,7621346
fixed,7934740
fixed,7876722
fixed,7888476
fixed,7466738
fixed,7874828
fixed,7693506
fixed,7511410
fixed,7597714
fixed,7836464
fixed,8059906
fixed,7510122
fixed,7529844
fixed,7299822
fixed,7382110
fixed,7499330
fixed,7450296
fixed,7736002
fixed,7645906
fixed,7710846
fixed,7638068
fixed,7342194
fixed,7399390
fixed,7615004
fixed,9171484
fixed,7882202
fixed,7815320
fixed,7415402
fixed,7632658
fixed,7653878
fixed,7692768
fixed,7804724
fixed,7584516
fixed,7684534
fixed,7647784
fixed,7683780
fixed,7566732
fixed,7731220
fixed,7811274
fixed,7648970
fixed,7702254
fixed,7751452
fixed,7878858
fixed,7835688
fixed,7672240
fixed,7787882
fixed,7853488
fixed,7855614
fixed,7823610
fixed,7919898
fixed,7475700
fixed,7743936
fixed,7684530
fixed,7705016
fixed,7605032
fixed,7501988
fixed,7615320
fixed,7348378
fixed,7531398
fixed,7487624
fixed,7857006
fixed,7839636
fixed,7724490
fixed,7573058
fixed,7152730
fixed,7609132
fixed,7177836
fixed,7511352
fixed,7173050
fixed,7164984
fixed,7353556
fixed,8999952
fixed,8061698
fixed,7810364
fixed,7814790
fixed,7817672
fixed,7666698
fixed,7607918
fixed,7597886
fixed,7396280
fixed,7735556
fixed,7470546
fixed,7298064
fixed,7543408
fixed,7314686
fixed,7546522
fixed,7618848
fixed,7472092
fixed,7651332
fixed,7630514
fixed,8004014
fixed,7710292
fixed,7748210
fixed,7761318
fixed,7704052
fixed,7386510
fixed,7567158
fixed,7701288
fixed,7597088
fixed,7166848
fixed,7407216
fixed,7631150
fixed,7551948
fixed,7544684
fixed,7175278
fixed,7334698
fixed,7470840
fixed,7788648
fixed,7669398
fixed,7770296
fixed,7779448
fixed,7980472
fixed,7460380
fixed,7405910
fixed,7965508
fixed,8083172
fixed,7768626
fixed,7530296
fixed,7581328
fixed,7788036
fixed,7411340
fixed,7533900
fixed,7659278
fixed,7430402
fixed,7598658
fixed,7174598
fixed,7246538
fixed,9368558
fixed,8638376
fixed,8247244
fixed,7962946
fixed,7820280
fixed,7880820
fixed,7510590
fixed,7951406
fixed,7478768
fixed,7713702
fixed,7751666
fixed,7690212
fixed,7530478
fixed,7701484
fixed,7585612
fixed,7585302
fixed,7547218
fixed,7384158
fixed,7159046
fixed,7714304
fixed,7328174
fixed,7658040
fixed,7682668
fixed,7678298
fixed,7789794
fixed,7570920
fixed,7528068
fixed,7449646
fixed,7452196
fixed,7289494
fixed,7300134
fixed,7857882
fixed,7364274
fixed,7493662
fixed,7860496
fixed,7844336
fixed,7833118
fixed,7609060
fixed,7745080
fixed,7290498
fixed,7749216
fixed,7703180
fixed,7624520
fixed,7420452
fixed,7624690
fixed,7406636
fixed,7399862
fixed,7159510
fixed,7397010
fixed,7964710
fixed,7386090
fixed,8133268
fixed,7774120
fixed,7885564
fixed,7410090
fixed,7467924
fixed,7565078
fixed,7657718
fixed,9159308
fixed,8853264
fixed,7834872
fixed,7557726
fixed,7603542
fixed,7526030
fixed,7783214
fixed,7529236
fixed,7830762
fixed,7883102
fixed,7708996
fixed,7318816
fixed,7667876
fixed,7745474
fixed,7541914
fixed,7679642
fixed,7494850
fixed,7418906
fixed,7536838
fixed,7442276
fixed,7432160
fixed,7173700
fixed,7428616
fixed,7229584
fixed,7626132
fixed,7405094
fixed,7637326
fixed,7484990
fixed,7577230
fixed,7496744
fixed,7729964
fixed,7727748
fixed,7887756
fixed,7590768
fixed,7465414
fixed,7435352
fixed,7689172
fixed,7688054
fixed,7606950
fixed,7667998
fixed,7719512
fixed,7780796
fixed,8019902
fixed,7398650
fixed,7559240
fixed,7460410
fixed,7869434
fixed,7306790
fixed,7897808
fixed,7573868
fixed,7748732
fixed,7671538
fixed,7327196
fixed,7611896
fixed,7603376
fixed,7346966
fixed,7587328
fixed,7398826
fixed,7169320
fixed,7457676
fixed,7599418
fixed,7763088
fixed,7175696
fixed,9350536
fixed,8043020
fixed,7845936
fixed,7688198
fixed,7817014
fixed,7609094
fixed,7471366
fixed,7779402
fixed,7315474
fixed,7929954
fixed,7555626
fixed,7564660
fixed,7535094
fixed,7467708
fixed,8051546
fixed,7839438
fixed,7823150
fixed,7611406
fixed,7687402
fixed,7763152
fixed,7711792
fixed,7819598
fixed,7749828
fixed,7655822
fixed,7382118
fixed,7822914
fixed,7396926
fixed,7424064
fixed,7646950
fixed,7175342
fixed,7260452
fixed,7830954
fixed,7557166
fixed,7364470
fixed,7766564
fixed,7529734
fixed,7489990
fixed,7754960
fixed,7517458
fixed,7701260
fixed,7371236
fixed,7628972
fixed,7999718
fixed,7987944
fixed,7805122
fixed,7607448
fixed,7520714
fixed,7569190
fixed,7638416
fixed,7739196
fixed,7801252
fixed,7744176
fixed,7546064
fixed,7464228
fixed,7795432
fixed,7817322
fixed,7814786
fixed,7818966
fixed,7827594
fixed,7575734
fixed,7470090
fixed,7781450
fixed,7481168
fixed,7245386
fixed,7765492
fixed,7974528
fixed,7485082
fixed,7555426
fixed,7793274
fixed,7777184
fixed,7779272
fixed,7868186
fixed,7820360
fixed,7954928
fixed,7498976
fixed,7672238
fixed,7931546
fixed,7795958
fixed,7773182
fixed,7708052
fixed,7631666
fixed,7488886
fixed,7737708
fixed,7939644
fixed,7438576
fixed,7812216
fixed,7639492
fixed,7381384
fixed,7806554
fixed,7359502
fixed,7389850
fixed,7707906
fixed,7650180
fixed,7728820
fixed,7607980
fixed,7533000
fixed,7378084
fixed,7888748
fixed,7667770
fixed,7300786
fixed,7563640
fixed,7478806
fixed,7871698
fixed,7938032
fixed,7462210
fixed,7750134
fixed,7723466
fixed,7798462
fixed,7713292
fixed,7485084
fixed,7651768
fixed,7393808
fixed,7664366
fixed,7631994
fixed,7485002
fixed,7606956
fixed,7533374
fixed,7652662
fixed,7781042
fixed,7857960
fixed,7677506
fixed,7520146
fixed,7574348
fixed,9407502
fixed,8593180
fixed,7982422
fixed,7943256
fixed,7815020
fixed,7986446
fixed,7800962
fixed,7522592
fixed,7870956
fixed,7693098
fixed,7628722
fixed,7563054
fixed,7841994
fixed,7977762
fixed,7772844
fixed,7611870
fixed,7762856
fixed,7889586
fixed,7820930
fixed,7915928
fixed,7838406
fixed,7761316
fixed,7716530
fixed,7667130
fixed,7572096
fixed,7512510
fixed,7345746
fixed,7724218
fixed,7861520
fixed,7528512
fixed,7844650
fixed,7510808
fixed,7693680
fixed,7792132
fixed,7396910
fixed,7758608
fixed,7787276
fixed,7404434
fixed,7667632
fixed,7503230
fixed,7620926
fixed,7719550
fixed,7576176
fixed,7442140
fixed,7502700
fixed,7478760
fixed,7534774
fixed,7405606
fixed,7238150
fixed,7566358
fixed,7598246
fixed,7543578
fixed,7504084
fixed,7494770
fixed,7587538
fixed,7380278
fixed,7444388
fixed,8022296
fixed,7712102
fixed,7577508
fixed,7525504
fixed,8083720
fixed,7799238
fixed,7680264
fixed,7795186
fixed,7923692
fixed,7773582
fixed,8158814
fixed,7820036
fixed,7482638
fixed,7645084
fixed,7402260
fixed,7901348
fixed,7563176
fixed,7616466
fixed,7688826
fixed,7701222
fixed,7591836
fixed,7502916
fixed,7630176
fixed,7705876
fixed,7329364
fixed,7561920
fixed,7803778
fixed,7409744
fixed,7535424
fixed,7933844
fixed,7783794
fixed,7822010
fixed,7736244
fixed,7684384
fixed,7607466
fixed,7693478
fixed,7361054
fixed,7684876
fixed,7232740
fixed,7211426
fixed,7883364
fixed,7627714
fixed,7248274
fixed,7525672
fixed,7859630
fixed,7372284
fixed,7899776
fixed,7958646
fixed,7519762
fixed,7646880
fixed,7986050
fixed,7556252
fixed,7893582
fixed,7738268
fixed,7748840
fixed,7749222
fixed,7733114
fixed,7835174
fixed,7466448
fixed,7938620
fixed,9176192
fixed,7812516
fixed,7875874
fixed,7891216
fixed,7497216
fixed,7470344
fixed,7577748
fixed,7757964
fixed,7662816
fixed,7397086
fixed,7809474
fixed,7793500
fixed,7436068
fixed,7269018
fixed,7784974
fixed,7517794
fixed,7889042
fixed,7516812
fixed,7451276
fixed,7481738
fixed,7720458
fixed,7812178
fixed,7847666
fixed,7832024
fixed,7879346
fixed,7815124
fixed,7822908
fixed,7688938
fixed,7697132
fixed,7356826
fixed,7563482
fixed,7652284
fixed,7334726
fixed,7328874
fixed,7737996
fixed,7236616
fixed,7396898
fixed,7818260
fixed,7686388
fixed,7281886
fixed,7310052
fixed,7393102
fixed,7940226
fixed,7941074
fixed,7321350
fixed,7767008
fixed,7461762
fixed,7357010
fixed,7608938
fixed,7289386
fixed,7499470
fixed,7895320
fixed,7726218
fixed,7680314
fixed,7585044
fixed,7588806
fixed,7683734
fixed,7747442
fixed,7493782
fixed,7304204
fixed,7977126
fixed,7553322
fixed,7761442
fixed,7759364
fixed,7879316
fixed,7760558
fixed,7345652
fixed,7803594
fixed,7772944
fixed,7747506
fixed,7926320
fixed,7575602
fixed,7357298
fixed,7677254
fixed,7854558
fixed,7503906
fixed,7472966
fixed,7371174
fixed,7199944
fixed,7331498
fixed,7671242
fixed,7742432
fixed,7441174
fixed,7578734
fixed,7389536
fixed,7158004
fixed,7558736
fixed,7151262
fixed,7604142
fixed,7362512
fixed,7175204
fixed,7948612
fixed,7559534
fixed,7518338
fixed,7834256
fixed,8098398
fixed,7806614
fixed,7473488
fixed,7929428
fixed,7828954
fixed,7857390
fixed,7316548
fixed,7476874
fixed,7348432
fixed,7361398
fixed,7530352
fixed,7776434
fixed,7493980
fixed,7335452
fixed,7654110
fixed,9277066
fixed,8610760
fixed,7909658
fixed,7830950
fixed,7640878
fixed,7691048
fixed,7790908
fixed,7859726
fixed,7908064
fixed,7254856
fixed,7575990
fixed,7701692
fixed,7753962
fixed,7472586
fixed,7415320
fixed,7401206
fixed,7558822
fixed,7263312
fixed,7514916
fixed,7461658
fixed,7515650
fixed,7381624
fixed,7909718
fixed,7678670
fixed,7506142
fixed,7438190
fixed,7505314
fixed,7689838
fixed,7321274
fixed,7712590
fixed,7619476
fixed,7761060
fixed,7658470
fixed,7746040
fixed,7170266
fixed,7958998
fixed,7852552
fixed,7893980
fixed,7867080
fixed,7852910
fixed,7849142
fixed,7834600
fixed,7838474
fixed,7831866
fixed,7847894
fixed,7883788
fixed,7803880
fixed,7878612
fixed,7655186
fixed,7953476
fixed,7719402
fixed,7840580
fixed,7580982
fixed,7450976
fixed,7488628
fixed,7633562
fixed,7589194
fixed,7625276
fixed,7259400
fixed,7399506
fixed,7543008
fixed,7492232
fixed,7799424
fixed,7528866
fixed,7587712
fixed,7620656
fixed,7838142
fixed,7433488
fixed,7811604
fixed,7271478
fixed,8843618
fixed,7815504
fixed,7822522
fixed,7843602
fixed,7834894
fixed,7813738
fixed,7616246
fixed,7630658
fixed,7687564
fixed,7859928
fixed,7663748
fixed,7396204
fixed,7495922
fixed,7511050
fixed,7490832
fixed,7390322
fixed,7581928
fixed,7853214
fixed,7836116
fixed,7677950
fixed,7726930
fixed,7774568
fixed,7845938
fixed,7827968
fixed,7831510
fixed,7988714
fixed,7636620
fixed,7483716
fixed,7505110
fixed,7459956
fixed,7603672
fixed,7489618
fixed,8015612
fixed,7599034
fixed,7883242
fixed,7817518
fixed,7588388
fixed,7487750
fixed,7609274
fixed,7845900
fixed,7751410
fixed,7548088
fixed,7726114
fixed,7789912
fixed,7851368
fixed,7854936
fixed,7857274
fixed,7545434
fixed,7591788
fixed,7511812
fixed,7359350
fixed,7476770
fixed,7515404
fixed,7873726
fixed,7465832
fixed,7611972
fixed,7819396
fixed,7866822
fixed,7613520
fixed,7790644
fixed,7513756
fixed,7615694
fixed,7723632
fixed,7792914
fixed,7845078
fixed,7490066
fixed,7709636
fixed,7756670
fixed,7586868
fixed,7886992
fixed,7723164
fixed,7559688
fixed,7593924
fixed,7856222
fixed,7383354
fixed,7634490
fixed,7777350
fixed,7782804
fixed,7578986
fixed,7508794
fixed,7746618
fixed,7697852
fixed,7984502
fixed,7295856
fixed,7782828
fixed,7611796
fixed,7704250
fixed,7716118
fixed,7720430
fixed,7723166
fixed,7692876
fixed,7752980
fixed,7669998
fixed,7702036
fixed,7556318
fixed,7868260
fixed,7523456
fixed,7624714
fixed,7459168
fixed,7529740
fixed,7859652
fixed,7877834
fixed,7619706
fixed,7529400
fixed,7883274
fixed,7469168
fixed,7435408
fixed,7539504
fixed,7776914
fixed,8143114
fixed,7823054
fixed,7741794
fixed,7512158
fixed,9223668
fixed,8650802
fixed,8303144
fixed,8043028
fixed,7838098
fixed,7824024
fixed,7830626
fixed,7412478
fixed,7583312
fixed,7884564
fixed,7410606
fixed,7791774
fixed,7956476
fixed,7665408
fixed,7584176
fixed,7661378
fixed,7503196
fixed,7837274
fixed,7434154
fixed,7516848
fixed,7522180
fixed,7509952
fixed,7547232
fixed,7655832
fixed,7660666
fixed,7793076
fixed,7554928
fixed,8078820
fixed,15606186
fixed,7436808
fixed,7519670
fixed,7658218
fixed,7748270
fixed,7388852
fixed,7882140
fixed,7749264
fixed,7562070
fixed,7182986
fixed,7722636
fixed,7765900
fixed,7382196
fixed,7495994
fixed,7348090
fixed,7638186
fixed,7286524
fixed,7531868
fixed,7497268
fixed,7933224
fixed,7635572
fixed,7288262
fixed,7552058
fixed,7434072
fixed,7783132
fixed,7498524
fixed,7848300
fixed,7612588
fixed,7699320
fixed,7779522
fixed,7761358
fixed,7447794
fixed,7647432
fixed,7318236
fixed,7300320
fixed,7733422
fixed,7856518
fixed,7515898
fixed,7864156
fixed,7499486
fixed,7584870
fixed,7543354
fixed,7180322
fixed,7775144
fixed,7645558
fixed,7507928
fixed,7306900
fixed,7228364
fixed,7317214
fixed,7569990
fixed,8058704
fixed,7485518
fixed,7614572
fixed,7933446
fixed,7871314
fixed,7241780
fixed,7491184
fixed,7489832
fixed,7393956
fixed,7550610
fixed,7503708
fixed,7699028
fixed,7468616
fixed,7414130
fixed,7472622
fixed,7466584
fixed,7414330
fixed,7731118
fixed,7613088
fixed,7914362
fixed,7307014
fixed,7655058
fixed,7265082
fixed,7390404
fixed,7729998
fixed,7361066
fixed,7889268
fixed,7762904
fixed,7854594
fixed,7534052
fixed,7884780
fixed,7859444
fixed,7714202
fixed,7283060
fixed,7637250
fixed,7712676
fixed,7745834
fixed,7295218
fixed,7551096
fixed,7648960
fixed,7210956
fixed,7371860
fixed,7634910
fixed,7520244
fixed,7744784
fixed,7409566
fixed,7536940
fixed,8066306
fixed,7853954
fixed,7403144
fixed,7329052
fixed,7754448
fixed,7605940
fixed,7242320
fixed,7813012
fixed,7470494
fixed,7826282
fixed,9643062
fixed,9299938
fixed,9081670
fixed,8620310
fixed,7830250
fixed,7834120
fixed,7895732
fixed,7531442
fixed,7826434
fixed,7546476
fixed,7811868
fixed,7736360
fixed,7390718
fixed,7642592
fixed,7721022
fixed,7722168
fixed,7911792
fixed,7461856
fixed,7306758
fixed,7644230
fixed,7593400
fixed,7745940
fixed,7528158
fixed,7563520
fixed,7690878
fixed,7476726
fixed,7843540
fixed,7725482
fixed,8082788
fixed,7876836
fixed,8042450
fixed,7841534
fixed,7658514
fixed,7852144
fixed,7703178
fixed,7946072
fixed,7649556
fixed,7360474
fixed,7434360
fixed,7555540
fixed,7737356
fixed,7747810
fixed,7388024
fixed,7619836
fixed,7827060
fixed,7790922
fixed,7808062
fixed,7821878
fixed,7751634
fixed,7588726
fixed,7566142
fixed,7661956
fixed,7791994
fixed,7744146
fixed,7549186
fixed,7696252
fixed,7741842
fixed,7370032
fixed,7343256
fixed,7560196
fixed,7656824
fixed,7320436
fixed,7549664
fixed,7698122
fixed,7270248
fixed,7771270
fixed,7709684
fixed,7395350
fixed,7372802
fixed,7871482
fixed,7689520
fixed,7473660
fixed,7847550
fixed,7838582
fixed,7657024
fixed,7418296
fixed,7625018
fixed,7633980
fixed,7899898
fixed,7591846
fixed,7880974
fixed,7387298
fixed,7292316
fixed,8060270
fixed,7861102
fixed,7795940
fixed,7958874
fixed,7619346
fixed,7735820
fixed,7608076
fixed,7370448
fixed,7391218
fixed,7629862
fixed,7418868
fixed,7697746
fixed,7958870
fixed,7692666
fixed,7582614
fixed,7827550
fixed,7583216
fixed,7691432
fixed,7437042
fixed,9236848
fixed,8485746
fixed,7973408
fixed,7859454
fixed,7915284
fixed,7555982
fixed,7908208
fixed,7634090
fixed,7467784
fixed,7733162
fixed,7811100
fixed,7748750
fixed,7739198
fixed,7590084
fixed,7277994
fixed,7841338
fixed,7725298
fixed,7261536
fixed,7314002
fixed,7467662
fixed,7160562
fixed,7683276
fixed,7793060
fixed,7810596
fixed,7862400
fixed,7827446
fixed,7565824
fixed,7752362
fixed,7484906
fixed,7374350
fixed,7523932
fixed,7383484
fixed,7350260
fixed,7739700
fixed,7780376
fixed,7502158
fixed,7673206
fixed,7390628
fixed,7758220
fixed,7468678
fixed,7808322
fixed,7740086
fixed,7579512
fixed,7883106
fixed,7615830
fixed,7642448
fixed,7939904
fixed,7392426
fixed,7610372
fixed,7546252
fixed,7597910
fixed,7495100
fixed,7587700
fixed,7313968
fixed,7805634
fixed,7488096
fixed,7830460
fixed,7657072
fixed,7715658
fixed,7686956
fixed,7791308
fixed,7491600
fixed,7667888
fixed,7515010
fixed,7979894
fixed,7803672
fixed,7687048
fixed,7562954
fixed,7482624
fixed,7502556
fixed,7593438
fixed,7462220
fixed,7579180
fixed,7163408
fixed,7892522
fixed,7501322
fixed,7898818
fixed,7830106
fixed,7834844
fixed,7821302
fixed,7842270
fixed,7852808
fixed,7797052
fixed,7844006
fixed,7461180
fixed,7780938
fixed,7931140
fixed,7917660
fixed,8110374
fixed,7887136
fixed,7899662
fixed,13753250
fixed,7391820
fixed,7785236
fixed,7778502
fixed,7325394
fixed,7658500
fixed,7477724
fixed,7473952
fixed,7569488
fixed,7389386
fixed,7388758
fixed,7711880
fixed,7740568
fixed,7500020
fixed,7453878
fixed,7890256
fixed,7873532
fixed,7811232
fixed,7300108
fixed,7335876
fixed,7247934
fixed,7398882
fixed,7755376
fixed,7435726
fixed,7707066
fixed,7831470
fixed,7906388
fixed,7807192
fixed,7732258
fixed,7832612
fixed,7807338
fixed,7816594
fixed,7951402
fixed,7273090
fixed,7376782
fixed,7673258
fixed,7536760
fixed,7441452
fixed,7509180
fixed,7144022
fixed,7803394
fixed,7736394
fixed,7760046
fixed,7724132
fixed,7541364
fixed,7594344
fixed,7887100
fixed,7853538
fixed,7263556
fixed,7231948
fixed,7377372
fixed,7761572
fixed,7603470
fixed,7292788
fixed,7648056
fixed,7908568
fixed,7975640
fixed,7844878
fixed,7562892
fixed,7385746
fixed,7408148
fixed,7159654
fixed,7386874
fixed,7562162
fixed,7375894
fixed,7384880
fixed,7587680
fixed,7394340
fixed,7655392
fixed,7693960
fixed,7495590
fixed,7617636
fixed,7166246
fixed,7493210
fixed,7485666
fixed,7473530
fixed,7451608
fixed,7549014
fixed,7535286
fixed,7388882
fixed,7175928
fixed,7160960
fixed,7295458
fixed,7420142
fixed,7379824
fixed,7457458
fixed,7557324
fixed,7732472
fixed,7590520
fixed,7564664
fixed,7903904
fixed,7716640
fixed,7579722
fixed,7186844
fixed,7161372
fixed,7457472
fixed,7325868
fixed,7595566
fixed,7854906
fixed,7825222
fixed,7800906
fixed,7846350
fixed,7848440
fixed,7813266
fixed,7968970
fixed,7670814
fixed,7727214
fixed,7847256
fixed,7781076
fixed,7955766
fixed,7564000
fixed,8131676
fixed,7742094
fixed,7774236
fixed,7632882
fixed,7582550
fixed,7726552
fixed,7668206
fixed,7441572
fixed,7956726
fixed,7852718
fixed,7748584
fixed,7946926
fixed,7808768
fixed,7737220
fixed,7620270
fixed,7817828
fixed,7740658
fixed,7848450
fixed,7736202
fixed,7754158
fixed,7537992
fixed,7736064
fixed,7793108
fixed,7721238
fixed,7795260
fixed,7836726
fixed,7836000
fixed,7790470
fixed,7921318
fixed,7726686
fixed,7516264
fixed,7667152
fixed,7878428
fixed,7591368
fixed,7575406
fixed,7895314
fixed,7754904
fixed,7860420
fixed,7812172
fixed,7724484
fixed,7844232
fixed,7835624
fixed,7662650
fixed,7816694
fixed,7754818
fixed,7839840
fixed,7789562
fixed,7966542
fixed,7751772
fixed,7754614
fixed,7891896
fixed,7927018
fixed,7744664
fixed,7816552
fixed,7940368
fixed,7829800
fixed,7792972
fixed,7860254
fixed,7737388
fixed,7461184
fixed,7683074
fixed,7607938
fixed,7382542
fixed,7398998
fixed,7594268
fixed,8013904
fixed,7813210
fixed,7746984
fixed,7739098
fixed,7838316
fixed,7722288
fixed,7706738
fixed,7809766
fixed,7937862
fixed,7573468
fixed,7705524
fixed,7610592
fixed,7633064
fixed,7592626
fixed,7817314
fixed,7740744
fixed,7917628
fixed,7573678
fixed,7320066
fixed,7828024
fixed,7709040
fixed,7777140
fixed,7783358
fixed,7695650
fixed,7839028
fixed,7801320
fixed,7901778
fixed,7817210
fixed,7825546
fixed,7747186
fixed,7606170
fixed,7693188
fixed,7561710
fixed,7635160
fixed,7554990
fixed,7173456
fixed,7245338
fixed,7578836
fixed,7711530
fixed,7687852
fixed,7496344
fixed,7406120
fixed,7521422
fixed,7715652
fixed,7400428
fixed,9209522
fixed,7895176
fixed,7814890
fixed,7890546
fixed,8032172
fixed,7819286
fixed,7541818
fixed,7583268
fixed,7833846
fixed,7965798
fixed,7736618
fixed,7311740
fixed,7396870
fixed,7982264
fixed,7883304
fixed,7465718
fixed,7158230
fixed,7570664
fixed,7667856
fixed,7587746
fixed,7386822
fixed,7725832
fixed,7327790
fixed,7174080
fixed,7645492
fixed,8151064
fixed,7376218
fixed,7859782
fixed,7748088
fixed,7403016
fixed,7772396
fixed,7311324
fixed,7965730
fixed,7878520
fixed,7533084
fixed,7618186
fixed,7551222
fixed,7841708
fixed,7476894
fixed,7642876
fixed,7457648
fixed,7548798
fixed,7365032
fixed,7611766
fixed,7151464
fixed,8151844
fixed,7779536
fixed,7894848
fixed,7743506
fixed,7699276
fixed,7572130
fixed,7611218
fixed,7511800
fixed,7753308
fixed,7531176
fixed,7894658
fixed,8061484
fixed,7955314
fixed,7360456
fixed,7505780
fixed,7866550
fixed,7481898
fixed,7546368
fixed,7486710
fixed,7325312
fixed,7515604
fixed,7759052
fixed,7476870
fixed,7330674
fixed,7351074
fixed,7605804
fixed,7334916
fixed,7592012
fixed,7225320
fixed,7757558
fixed,7878712
fixed,7415710
fixed,7386432
fixed,7708244
fixed,7840228
fixed,7345984
fixed,7529628
fixed,7384828
fixed,7382638
fixed,7498892
fixed,7754082
fixed,7429078
fixed,7581124
fixed,7295346
fixed,7390800
fixed,7519346
fixed,7607886
fixed,7504750
fixed,7693514
fixed,7674208
fixed,7480824
fixed,7800406
fixed,7596216
fixed,7779262
fixed,7311876
fixed,7531934
fixed,7726724
fixed,7602484
fixed,7597726
fixed,7781754
fixed,7903982
fixed,7746954
fixed,7706668
fixed,7800436
fixed,7443636
fixed,7735816
fixed,8058050
fixed,8069530
fixed,7443672
fixed,7475482
fixed,7443476
fixed,7720240
fixed,7694944
fixed,7374184
fixed,7601792
fixed,7876322
fixed,7828740
fixed,7896086
fixed,7786286
fixed,8075864
fixed,7831856
fixed,7794108
fixed,7758542
fixed,7844602
fixed,7786088
fixed,7887856
fixed,7974686
fixed,7533914
fixed,7473722
fixed,7769688
fixed,7673722
fixed,7730870
fixed,7777832
fixed,7646000
fixed,7733846
fixed,7661418
random,7835068
random,7837406
random,7831156
random,7918820
random,7851286
random,8278808
random,7833322
random,7813032
random,7856544
random,7988550
random,8163042
random,7857826
random,7832916
random,7835454
random,7686802
random,7877540
random,7480048
random,7806506
random,7848788
random,7533694
random,7494872
random,7563860
random,7725938
random,7651936
random,7854356
random,8422654
random,7811758
random,7822462
random,7650608
random,7748402
random,7953546
random,7918556
random,7759240
random,7349712
random,7341338
random,7850806
random,7475836
random,7941410
random,7969138
random,8482662
random,7887978
random,7809056
random,7830470
random,8391656
random,7953500
random,7816622
random,7924930
random,8007592
random,7820368
random,7933796
random,7795482
random,7943584
random,7824570
random,7828110
random,7789170
random,7795042
random,7880474
random,8292708
random,7932058
random,8245596
random,7794624
random,7998536
random,7840444
random,7906832
random,7812008
random,7886482
random,7808366
random,7944772
random,7964846
random,7656034
random,8039948
random,7727524
random,7809234
random,7817464
random,7821828
random,7816486
random,7821384
random,7997708
random,7832890
random,7746092
random,7822568
random,7827880
random,7801460
random,7797050
random,7817202
random,7841728
random,7828128
random,7826172
random,7827314
random,7818620
random,7790180
random,7714938
random,7875446
random,7731362
random,7803864
random,7462706
random,7693094
random,7712684
random,7830068
random,7741664
random,7747130
random,7682942
random,7559518
random,7607464
random,7498904
random,7819268
random,7843844
random,7855894
random,7814176
random,7838222
random,7814598
random,7810586
random,7784640
random,7551374
random,7593926
random,7914236
random,7695330
random,7812604
random,7829978
random,8098618
random,7913378
random,8082786
random,7844786
random,7899202
random,7851464
random,7859258
random,7841262
random,7812094
random,7983656
random,7842382
random,7868936
random,7836590
random,7849926
random,7896872
random,7843804
random,7840252
random,7788020
random,8145172
random,8014390
random,7815258
random,7856420
random,7828570
random,7832890
random,7811580
random,7844640
random,7755154
random,7906948
random,7820296
random,7788212
random,7999864
random,7859466
random,7789628
random,7855146
random,7939446
random,8287106
random,7884148
random,7829936
random,7972790
random,7826574
random,7823540
random,7829808
random,7987118
random,7826480
random,7820304
random,7820948
random,7815398
random,7832972
random,7974448
random,7829644
random,7800162
random,7822948
random,7809192
random,7805426
random,7809960
random,7812034
random,7826354
random,7816204
random,7791888
random,7921822
random,7815786
random,8119798
random,7911626
random,7977244
random,7816200
random,7818056
random,7827192
random,7824034
random,7842508
random,7831248
random,7817442
random,7822598
random,7840956
random,7811916
random,7799988
random,7906310
random,7818834
random,7896740
random,7814030
random,7821344
random,7840812
random,7822154
random,7835410
random,7822084
random,7821530
random,7830226
random,7820854
random,7835164
random,7825896
random,7819480
random,7832016
random,8045930
random,7881938
random,7882930
random,7938986
random,7916114
random,8008142
random,7962482
random,7825536
random,7882266
random,7920478
random,8061768
random,7976934
random,7946508
random,7953898
random,7891636
random,7971360
random,7974500
random,8381296
random,8239312
random,7870438
random,8085596
random,7987766
random,8115428
random,7838158
random,7830314
random,7864656
random,7824990
random,7822260
random,7944202
random,7797966
random,7831264
random,7829258
random,7792628
random,7806354
random,7811638
random,7824888
random,7836184
random,7878742
random,7824800
random,7793562
random,7813688
random,7826702
random,7825948
random,7825234
random,7832132
random,7961900
random,8026792
random,7839420
random,7844634
random,7853134
random,7928702
random,7836658
random,7826926
random,7838760
random,7837776
random,7830288
random,7844346
random,7960972
random,7815522
random,7824232
random,7833920
random,7897726
random,7837048
random,7807142
random,7827400
random,7835266
random,7809924
random,7786602
random,7837104
random,7865108
random,7873336
random,7847566
random,7987546
random,7841480
random,8139006
random,8072174
random,7819180
random,7840598
random,7827094
random,7842472
random,8030178
random,7828610
random,7837336
random,7825454
random,7838176
random,8108722
random,7825832
random,7819250
random,8107140
random,7998680
random,7844936
random,7816696
random,7836416
random,7820522
random,7845446
random,7820316
random,7872094
random,7839982
random,7840406
random,7820410
random,7831698
random,7829384
random,7833332
random,7837558
random,7845680
random,7828168
random,7824460
random,7830584
random,7837018
random,7820438
random,7853300
random,7809798
random,7838482
random,7777628
random,7919924
random,7703626
random,7855954
random,7821264
random,7679138
random,7789668
random,7755078
random,7882208
random,7817524
random,7365340
random,7725976
random,7659084
random,7755484
random,7801918
random,7790722
random,7907896
random,7910520
random,7353962
random,7787454
random,7948648
random,7732142
random,7830054
random,7603186
random,7708712
random,7750130
random,7964212
random,7699664
random,7816432
random,7732774
random,7686810
random,7840956
random,7824960
random,7829670
random,7808990
random,7840626
random,7818006
random,7828370
random,7825900
random,7832914
random,7828782
random,8110268
random,7840060
random,7935104
random,7978762
random,7953800
random,7831634
random,7920190
random,7828402
random,7829480
random,7834320
random,7817314
random,7988774
random,7826326
random,7844624
random,7829476
random,7837064
random,7845274
random,7829358
random,7835008
random,7840218
random,7818786
random,7838072
random,7839908
random,7831608
random,7819416
random,7842196
random,7829602
random,7809668
random,7823810
random,7823776
random,7840888
random,7882676
random,7988034
random,7833994
random,7845184
random,7837362
random,7822606
random,7828306
random,7847316
random,7835302
random,7806470
random,7840508
random,7826408
random,7827314
random,7805292
random,7821782
random,7828976
random,7844468
random,7837632
random,8277586
random,8222052
random,7865482
random,8054646
random,7836298
random,7803548
random,7829994
random,7832780
random,7897012
random,7823030
random,7811532
random,7826430
random,7838258
random,8011684
random,7826698
random,7824154
random,7823812
random,7835256
random,7827622
random,7849388
random,7899374
random,7918182
random,7827182
random,7828114
random,7826136
random,7834032
random,7980980
random,7823918
random,7819274
random,7832914
random,7978236
random,7833988
random,7821150
random,7840026
random,7838576
random,7844334
random,8050182
random,7822812
random,7810970
random,7826340
random,7844836
random,7838448
random,7828846
random,7837566
random,7834514
random,7844310
random,7827476
random,7806520
random,7804508
random,7846542
random,7825230
random,7838690
random,7860442
random,7877992
random,7839336
random,7834914
random,7811428
random,7834022
random,7864148
random,7816528
random,7830980
random,7981106
random,7852232
random,7839504
random,7828958
random,7805664
random,7827118
random,7831662
random,7955754
random,7848398
random,7866556
random,8231810
random,7830192
random,7832120
random,7810402
random,8058082
random,7832512
random,7833216
random,7804762
random,7888616
random,7841466
random,7827146
random,7839814
random,7831138
random,7848160
random,7998968
random,7821794
random,7919450
random,7847990
random,7825524
random,7820282
random,7902834
random,7835072
random,7833166
random,7837638
random,7838246
random,7842976
random,8302512
random,7887742
random,7809788
random,7981618
random,7837616
random,7923552
random,8108438
random,7844730
random,7960910
random,8045094
random,7951130
random,7829136
random,7906394
random,7937656
random,7810476
random,7815708
random,7966956
random,8083470
random,7808580
random,7823298
random,7944474
random,7899926
random,8118366
random,7952138
random,7816666
random,7839472
random,7901060
random,7984772
random,7831438
random,7978990
random,7835208
random,7828920
random,7809088
random,7824964
random,7902544
random,7818722
random,7887074
random,7852290
random,7930976
random,7815638
random,7832864
random,7924486
random,7809554
random,7846772
random,8027252
random,7815564
random,7831486
random,7819430
random,7821922
random,7989750
random,7831728
random,7926272
random,7827924
random,7846318
random,7813588
random,8001844
random,7991650
random,7837014
random,7944266
random,7837378
random,8052370
random,7925874
random,7844444
random,7829172
random,7979894
random,7907080
random,8316018
random,8161304
random,7865116
random,7804854
random,7828428
random,7880470
random,7922326
random,7842700
random,7970628
random,7835548
random,7828870
random,8049184
random,7871118
random,7907734
random,7955682
random,7836096
random,7827722
random,7879254
random,7810664
random,7835382
random,7985576
random,7834562
random,7879330
random,7803362
random,7832344
random,7842224
random,7827294
random,7832106
random,7836376
random,7834216
random,7841384
random,7838414
random,7825462
random,7827002
random,7885850
random,7835246
random,7813608
random,7779744
random,7845494
random,7857746
random,7835120
random,7837232
random,7863676
random,7969168
random,7819978
random,7893554
random,7924178
random,8001040
random,7825600
random,8229686
random,7958116
random,8006108
random,7963962
random,7988140
random,7973510
random,7908270
random,7814900
random,7825742
random,7971566
random,7839958
random,7972978
random,7883404
random,7998372
random,7929850
random,7833114
random,7836954
random,8033612
random,7812120
random,7984222
random,7980146
random,7812744
random,7832136
random,7910726
random,7916328
random,7838320
random,7817006
random,8002362
random,7904152
random,8043766
random,7995744
random,8031392
random,8061100
random,8034950
random,8002104
random,7984382
random,7826326
random,7830858
random,7840192
random,7910342
random,7849694
random,7852476
random,7837166
random,7844970
random,7807086
random,7844728
random,7844496
random,7827496
random,7974202
random,7821578
random,7833554
random,7834392
random,7889118
random,7858918
random,7840066
random,7806290
random,7840834
random,7835770
random,8042164
random,7971060
random,7929778
random,7862628
random,8058990
random,8684450
random,8176816
random,7999756
random,7931704
random,7874432
random,7861054
random,7833658
random,8014966
random,7836292
random,7897114
random,7980546
random,7818046
random,7887258
random,7831262
random,7840448
random,7826840
random,7824198
random,7828684
random,7839862
random,7807464
random,7846564
random,7987348
random,7839040
random,7997206
random,7936116
random,7838922
random,7823282
random,7840422
random,8080890
random,7834716
random,8121374
random,7907176
random,7913330
random,7815396
random,7828098
random,7838464
random,7809976
random,7833780
random,7831442
random,7829836
random,7829042
random,7844092
random,7869686
random,7820518
random,8006758
random,7987914
random,7946618
random,7813384
random,7853106
random,7983620
random,7815536
random,7830070
random,7839102
random,7926874
random,7835636
random,8006816
random,7808300
random,7791990
random,7820638
random,7829260
random,7788726
random,8016048
random,7825130
random,7788024
random,7827122
random,7800360
random,7812144
random,7798850
random,7807844
random,7822168
random,7873996
random,7999358
random,7794548
random,7814250
random,7813416
random,7823384
random,7809552
random,7807340
random,7982164
random,7818054
random,7820034
random,7809040
random,7820796
random,7822010
random,7793624
random,7817716
random,7807654
random,7817332
random,7839366
random,7828514
random,8030766
random,8214278
random,8010156
random,7979506
random,7903496
random,7820270
random,7797294
random,7809976
random,7813754
random,7820870
random,7808318
random,7809638
random,7825578
random,7826008
random,7910302
random,7819510
random,7897594
random,7821244
random,7826626
random,7817418
random,7859554
random,7824162
random,7819202
random,7811008
random,7944854
random,8061674
random,8562502
random,8032928
random,8064078
random,8131308
random,7976430
random,7820604
random,7813434
random,7812538
random,7818136
random,7809738
random,8020600
random,7825874
random,7813318
random,7795690
random,7795930
random,7853406
random,7813380
random,7823484
random,7816114
random,7821366
random,7793536
random,7839096
random,7819088
random,7793760
random,7880802
random,7901758
random,7830106
random,7814514
random,7823232
random,7816796
random,7816792
random,7917386
random,7915044
random,7815630
random,7818066
random,7800718
random,7789468
random,7869684
random,7819086
random,7823026
random,7827054
random,7902108
random,7813158
random,7823804
random,7874228
random,8234580
random,7816390
random,8306788
random,8339700
random,8021738
random,7967930
random,8015102
random,7961272
random,7818828
random,7824964
random,7825580
random,8118824
random,7829020
random,7809804
random,7817770
random,7820078
random,7841894
random,7794928
random,8210462
random,7962498
random,7877992
random,7827190
random,7816704
random,7815288
random,7859328
random,7818466
random,7800952
random,7817448
random,7809216
random,7826568
random,7814302
random,7831866
random,7749232
random,7602978
random,7734960
random,7847800
random,7676718
random,7747774
random,7420764
random,7819854
random,7610718
random,7605736
random,7786806
random,7947620
random,7701898
random,7703352
random,7881916
random,7829788
random,7809876
random,7876106
random,7242466
random,7866884
random,7322942
random,7628206
random,7576240
random,7245782
random,7721714
random,7163696
random,7432222
random,7859164
random,7803690
random,7786220
random,7707114
random,7492934
random,8132962
random,7903640
random,7860388
random,7888430
random,7906118
random,7811280
random,7799646
random,7829358
random,7810898
random,7834592
random,7792004
random,7823894
random,7807524
random,7815532
random,7854780
random,7875934
random,7813366
random,7851500
random,7825992
random,7825354
random,7827412
random,7804732
random,7809994
random,7809878
random,7819706
random,7794582
random,7815234
random,7809128
random,7787584
random,7809062
random,7946088
random,7786982
random,7826236
random,7818946
random,7822260
random,7819448
random,7823916
random,7823800
random,7813224
random,7822166
random,7820940
random,7858624
random,7821698
random,7810084
random,7819668
random,7817460
random,7824860
random,7810940
random,7826758
random,7837196
random,7817644
random,7812562
random,7825124
random,7819314
random,7787640
random,7807694
random,7814320
random,7829712
random,7825002
random,7715166
random,7848826
random,7809358
random,7837604
random,7902706
random,7880654
random,7747682
random,7728176
random,7752566
random,7500510
random,7678764
random,7867440
random,7820534
random,7792870
random,7825572
random,7771204
random,7839096
random,7702846
random,7585318
random,7630686
random,7653094
random,7677856
random,7875042
random,7247348
random,7593150
random,7832682
random,7838014
random,7715588
random,7557894
random,7850502
random,7901888
random,7826774
random,7803304
random,7786122
random,7817190
random,7821556
random,7829254
random,8200018
random,7819504
random,7799080
random,7864754
random,7810928
random,7809054
random,7921656
random,7811654
random,7819242
random,8090202
random,7787576
random,7897636
random,8208846
random,8056798
random,7822988
random,7868042
random,8041310
random,7964602
random,7922672
random,7786992
random,7775030
random,7756752
random,7367998
random,7621184
random,7818804
random,8172358
random,8230034
random,7197826
random,7751204
random,8166164
random,7721412
random,7396178
random,7419552
random,7376608
random,7747554
random,7595972
random,7792064
random,7642472
random,7735540
random,7891646
random,7667470
random,7876358
random,7613910
random,7704110
random,7844020
random,7819102
random,7821588
random,7846740
random,7727366
random,7662450
random,7835564
random,7802734
random,7875616
random,7807066
random,7702614
random,7724404
random,7745132
random,7751580
random,7778968
random,7746358
random,7939074
random,7861630
random,7745970
random,7791408
random,7572982
random,7391212
random,7734506
random,7732372
random,8035956
random,7786294
random,7833176
random,7806466
random,7777256
random,7754842
random,7442464
random,7425022
random,7778360
random,7670728
random,7805512
random,8030272
random,7687248
random,7939064
random,7726506
random,7529284
random,7819286
random,7733420
random,7879722
random,7666270
random,7612334
random,7881190
random,7648070
random,7959984
random,7687436
random,7495884
random,7659532
random,7808138
random,7813806
random,7685248
random,8060902
random,7818462
random,7827460
random,7478630
random,7895234
random,7582308
random,7423102
random,7486046
random,7937034
random,7761112
random,7525752
random,7739100
random,7414498
random,7228848
random,7658948
random,7836660
random,7366546
random,7452830
random,7731814
random,7765304
random,7408850
random,8128128
random,7806106
random,7595720
random,7568130
random,7727176
random,7828396
random,7614358
random,7581196
random,7669346
random,7698432
random,7872726
random,7812760
random,7380480
random,7484956
random,7383426
random,7762924
random,7167644
random,7171928
random,7742604
random,7817974
random,7291978
random,7608368
random,7161694
random,7543692
random,7275596
random,7418902
random,7350424
random,7746930
random,7554196
random,7660850
random,7872946
random,7504386
random,7771898
random,7431498
random,7649856
random,7854310
random,7492936
random,7856684
random,7782582
random,7451746
random,7973210
random,7303610
random,7384102
random,7885476
random,7804604
random,7705060
random,7515160
random,7343386
random,7754598
random,7670384
random,7712782
random,7751928
random,7566436
random,8193328
random,7579616
random,7345164
random,7686152
random,7671730
random,7827426
random,7416512
random,7599768
random,7607380
random,7862808
random,8149310
random,7374448
random,7393782
random,7606682
random,7357988
random,7715386
random,7168508
random,7517328
random,7616694
random,7603824
random,7823192
random,7865568
random,7839116
random,7848248
random,7849692
random,7832310
random,7845650
random,7843158
random,7774056
random,7810492
random,7296418
random,7266042
random,7882362
random,7349786
random,7839230
random,7931708
random,7862650
random,7920314
random,7822240
random,7817272
random,7991398
random,7823802
random,8104302
random,7803220
random,7832466
random,7883808
random,7540146
random,7616176
random,7388980
random,7219798
random,7377852
random,7841346
random,7350218
random,7499002
random,7379136
random,7851502
random,7723186
random,7700468
random,7880860
random,7851296
random,7631706
random,7660892
random,7286450
random,7943706
random,7536946
random,7597906
random,7657830
random,7949426
random,7749498
random,7887262
random,7831920
random,7937720
random,7847730
random,7844212
random,7845946
random,7849062
random,7818674
random,7815174
random,8011676
random,7645614
random,7873096
random,7448182
random,7345602
random,7695314
random,8037184
random,7458476
random,7677688
random,7702236
random,7864790
random,7974534
random,7429306
random,7508788
random,7589580
random,7298408
random,7782766
random,7470364
random,8028210
random,7518826
random,7868780
random,7804916
random,7713968
random,7322130
random,7377668
random,7605850
random,7602792
random,7663012
random,7512234
random,7361046
random,7436776
random,7801578
random,7398678
random,7483580
random,7768078
random,7323656
random,7557184
random,7167592
random,7972658
random,7648402
random,7563716
random,7625014
random,7288202
random,7645190
random,7482450
random,7391018
random,7679284
random,7252528
random,7727814
random,7756670
random,7582110
random,7590858
random,7425008
random,7166708
random,7560262
random,7541056
random,7771730
random,7522288
random,7385508
random,7525808
random,7767052
random,7822318
random,7833902
random,7817450
random,7838760
random,7964852
random,8054554
random,7811692
random,7665806
random,7504686
random,7402264
random,7179062
random,7670698
random,7758542
random,7331652
random,7988914
random,7875216
random,7776708
random,7780734
random,7485228
random,7677828
random,7563964
random,7734236
random,7835768
random,7595944
random,7391248
random,7518210
random,7624774
random,7906872
random,7466536
random,7513524
random,7861524
random,8052698
random,7705044
random,7607320
random,7683426
random,7381330
random,7542704
random,7379304
random,7830896
random,7872652
random,7708480
random,7551204
random,7665374
random,7845592
random,7806144
random,7477818
random,7698518
random,7940812
random,7651440
random,7616520
random,7553322
random,7865108
random,7802776
random,7284428
random,7212686
random,7377654
random,7800706
random,7463492
random,7684438
random,7465638
random,7328630
random,7371856
random,7540228
random,7393912
random,7534086
random,7271826
random,7291340
random,7799592
random,7770340
random,7721488
random,7813530
random,7631562
random,7728156
random,8022784
random,7646574
random,7469122
random,7463116
random,7412150
random,7379052
random,7543004
random,7387310
random,7416972
random,7787102
random,7631438
random,7609260
random,7390980
random,7460228
random,7761308
random,7647962
random,7278744
random,7581398
random,7763638
random,7519184
random,7676092
random,7578220
random,7502912
random,7534180
random,7860252
random,7504082
random,7897934
random,7476480
random,7772144
random,7482748
random,7661026
random,7694798
random,7290136
random,7769894
random,7844936
random,7749090
random,7888172
random,7674638
random,7336538
random,7229784
random,7897422
random,7592118
random,7838506
random,7356714
random,7736412
random,7386584
random,7589180
random,7831842
random,7574078
random,7465460
random,7468462
random,7250470
random,7824356
random,7605038
random,7547582
random,7855734
random,7168546
random,7787472
random,7412112
random,7466794
random,7749384
random,7561206
random,7308880
random,7659284
random,7676466
random,7594202
random,7885364
random,7466084
random,7437160
random,7877394
random,7817326
random,7615392
random,7320030
random,7421196
random,7776860
random,7769248
random,7694828
random,7776770
random,7566394
random,7822946
random,7742036
random,7350732
random,7686126
random,7739512
random,7683010
random,7459906
random,7557096
random,7453872
random,7404264
random,7823612
random,7905966
random,7459754
random,7326396
random,7232098
random,7648074
random,7764804
random,7470984
random,7169068
random,7163228
random,8015932
random,7391314
random,7871112
random,7375586
random,7660882
random,7462014
random,7222330
random,7230486
random,7377806
random,7470082
random,7383142
random,7323676
random,7339204
random,7674140
random,7696736
random,7777974
random,7325146
random,7703990
random,7466690
random,7664020
random,7635204
random,7764154
random,7789434
random,7199362
random,7320426
random,7179160
random,7164206
random,7635960
random,7834490
random,7766028
random,7397722
random,7490900
random,8311162
random,7756746
random,7612294
random,7390248
random,7824660
random,7404146
random,7517840
random,7363622
random,7669542
random,7333700
random,7253396
random,7906250
random,7950622
random,7525186
random,7319800
random,7279122
random,7743062
random,7515090
random,7164314
random,7674628
random,7917574
random,7639190
random,7561302
random,7813430
random,8105020
random,7832982
random,7407700
random,7594034
random,7550376
random,7576000
random,7573928
random,7422458
random,8047088
random,7252096
random,7817996
random,7740476
random,7565384
random,7555960
random,7315376
random,7314398
random,7813116
random,7789390
random,7550672
random,7852932
random,7872796
random,7779154
random,7527848
random,7352564
random,7756632
random,7829076
random,7445422
random,7544056
random,7423012
random,7392896
random,7772318
random,7429438
random,7716322
random,7516496
random,7905016
random,7743364
random,7615492
random,7684208
random,7393458
random,7682060
random,7736292
random,7817444
random,7799630
random,7433452
random,7489824
random,7772744
random,7687268
random,7857240
random,7661482
random,7886254
random,7439386
random,7559764
random,7689054
random,7329738
random,7683966
random,7504334
random,7831060
random,7802770
random,7553392
random,7636672
random,7826960
random,7819150
random,7310532
random,7384680
random,7639296
random,7304436
random,7536004
random,7524592
random,8198714
random,7487036
random,7865320
random,7826970
random,7496484
random,7636428
random,7697574
random,7453402
random,7436510
random,7470398
random,7352180
random,7174014
random,8183764
random,7455146
random,7513974
random,7771728
random,7887636
random,7633858
random,7649102
random,7648626
random,7570690
random,7365786
random,7483954
random,7585432
random,7151390
random,7747972
random,7850874
random,7608314
random,7526608
random,7400572
random,7167752
random,7377972
random,7826440
random,7388018
random,7829064
random,7701626
random,7495318
random,7543806
random,7851658
random,7751290
random,7694606
random,7536806
random,7438010
random,7469400
random,7444150
random,7313034
random,7507560
random,7877828
random,7752370
random,7584042
random,7395634
random,7321178
random,7612928
random,7383860
random,7493940
random,7444248
random,7432024
random,7384922
random,7516714
random,7480140
random,7461756
random,7371704
random,7408528
random,7567766
random,7687328
random,7558216
random,7605110
random,7574984
random,7895452
random,7802418
random,8170868
random,7795534
random,7673084
random,7620426
random,7731914
random,7684274
random,7622766
random,8032944
random,7870766
random,7381486
random,7575636
random,8010310
random,7523122
random,7923366
random,7906352
random,7855700
random,7485814
random,7375310
random,7504116
random,7501676
random,7336658
random,7646254
random,7600646
random,7905312
random,7847044
random,7654894
random,7737210
random,7673874
random,7699084
random,7954162
random,7422984
random,7524960
random,7842408
random,7435690
random,7641802
random,7285562
random,7323940
random,7870102
random,7659302
random,7891854
random,7317310
random,7614330
random,7793876
random,7255740
random,7549686
random,7874116
random,7463284
random,7652926
random,7335050
random,7430200
random,7754104
random,7791194
random,7870244
random,7642036
random,7466468
random,7743126
random,7825214
random,7503582
random,7542090
random,7577452
random,7505430
random,7170610
random,7712896
random,7666666
random,7699228
random,7534212
random,7510774
random,7410480
random,7701226
random,7619112
random,7523324
random,7522882
random,7787230
random,7721374
random,7858018
random,7720888
random,7544360
random,7751142
random,7167070
random,7370498
random,7863398
random,7574998
random,7823616
random,7842120
random,7810104
random,7839682
random,7831410
random,7381286
random,7749276
random,7704104
random,7335010
random,7773946
random,7764806
random,7876584
random,7896028
random,7897764
random,7752932
random,7466744
random,7505690
random,7165898
random,7712486
random,7362412
random,7850166
random,7825560
random,7954144
random,7663330
random,7652624
random,7713794
random,8066614
random,7840510
random,7872192
random,7612608
random,7898232
random,7362058
random,7704706
random,7747178
random,7855824
random,7285866
random,7348272
random,7874266
random,7701998
random,7506038
random,7397812
random,7494542
random,7781940
random,7904890
random,7856462
random,7868808
random,7679724
random,7930636
random,7416376
random,7672484
random,7669752
random,7701452
random,7724334
random,7558624
random,7760888
random,7605558
random,7640128
random,8105358
random,7455612
random,7833390
random,7353804
random,7563288
random,7724764
random,7458286
random,7442076
random,7763732
random,7540340
random,7560094
random,7427622
random,7769664
random,7804122
random,7177314
random,7807564
random,7578702
random,7810996
random,7431318
random,7393990
random,7801948
random,7749134
random,7922104
random,7776524
random,7360248
random,7441740
random,7899938
random,7425674
random,7349964
random,7485750
random,7484250
random,7622114
random,7662688
random,7621920
random,7471222
random,7482720
random,7594862
random,7282586
random,7420036
random,7640558
random,7584948
random,7413518
random,7505234
random,7750554
random,7848358
random,7537078
random,7761828
random,7826128
random,7608776
random,7579588
random,7540036
random,7362600
random,7508378
random,7498234
random,7744334
random,7784274
random,7854526
random,7828350
random,7839560
random,7834742
random,7852806
random,7844402
random,7970800
random,7868102
random,7614160
random,7434140
random,7391438
random,7796546
random,7760970
random,7555272
random,7697544
random,7532674
random,7389234
random,7593244
random,7165864
random,7964238
random,7289650
random,7508644
random,7751888
random,7290772
random,7229136
random,7809306
random,7179908
random,7220976
random,7693424
random,7421704
random,7400498
random,7925776
random,7589566
random,7652178
random,7674146
random,7675920
random,7600404
random,7186154
random,7527758
random,7795344
random,7293788
random,7776062
random,7985448
random,7577192
random,7511918
random,7376748
random,7782184
random,7746812
random,7307192
random,7694508
random,7511466
random,7598416
random,7518794
random,7412196
random,7711652
random,7313426
random,7842136
random,7705466
random,7803434
random,7573318
random,7560096
random,7647548
random,7700856
random,7524160
random,7572132
random,7573778
random,7771264
random,7947092
random,7688674
random,7758066
random,7756692
random,7834878
random,7866486
random,7891526
random,7894198
random,7311724
random,7175736
random,7457328
random,7695610
random,7419700
random,7602436
random,7813158
random,7842564
random,7417396
random,7833600
random,7814260
random,7845624
random,7582170
random,7822898
random,7179734
random,7391268
random,7406702
random,7500630
random,7860162
random,7558194
random,7313770
random,7776462
random,7834784
random,7810030
random,7414902
random,7763200
random,7557886
random,7445588
random,7749278
random,7718364
random,7615336
random,7526968
random,7661142
random,7259066
random,7578048
random,7222714
random,7584692
random,7400702
random,7974776
random,7767504
random,7873356
random,7914928
random,7919936
random,8018718
random,7910846
random,7611682
random,7918212
random,7747982
random,7717602
random,7564218
random,7281318
random,7553378
random,7796122
random,7815636
random,7384928
random,7403818
random,7722306
random,7724098
random,7295420
random,7315682
random,7776850
random,7698862
random,7540132
random,7174370
random,7606384
random,7528256
random,7423562
random,7840046
random,7538004
random,7316410
random,7495340
random,7494392
random,7337870
random,7338306
random,7681700
random,7602242
random,7755680
random,7701932
random,7697888
random,7172946
random,7172488
random,7288150
random,7459024
random,7656864
random,7910510
random,7218888
random,7376900
random,7493068
random,7641016
random,8053470
random,7379056
random,7532362
random,7406176
random,7559240
random,7952750
random,7511532
random,7681816
random,7768374
random,7773490
random,7900702
random,7697612
random,7462022
random,7287816
random,7839998
random,7570802
random,7725476
random,7454726
random,7628454
random,7746254
random,7813868
random,7473434
random,7381278
random,7704090
random,7290436
random,7419196
random,7761982
random,7641296
random,7908716
random,7183286
random,7678906
random,7479928
random,7729170
random,7566992
random,7352814
random,7424816
random,7343652
random,7169756
random,7449660
random,7512040
random,7653898
random,7377268
random,7838010
random,7771198
random,7652890
random,7749264
random,7632212
random,7320870
random,7902572
random,7586380
random,7392904
random,7855354
random,7391180
random,7659972
random,7724252
random,7605736
random,7339944
random,7175906
random,7557496
random,7409978
random,7667762
random,7526970
random,7174332
random,7672524
random,7716848
random,7257244
random,7658578
random,7498942
random,7343246
random,7683660
random,7495394
random,7405890
random,7445704
random,7618008
random,7490872
random,7709534
random,7433642
random,7376662
random,7819560
random,7408156
random,7354552
random,7533914
random,7513092
random,7186920
random,7804602
random,7513702
random,7176976
random,7464440
random,7727518
random,7571024
random,7491438
random,7687420
random,7530638
random,7307854
random,7861518
random,7424406
random,7589046
random,7947762
random,8307544
random,7942718
random,7827438
random,7279852
random,7658664
random,7475718
random,8033912
random,7775696
random,7261746
random,7243098
random,7474688
random,7170326
random,7487136
random,7470700
random,7398462
random,7316672
random,7396262
random,7885030
random,7811164
random,7546330
random,7534908
random,7873950
random,7753656
random,7813306
random,7290580
random,7488952
random,7804278
random,7711296
random,7591620
random,7304946
random,7279250
random,7483378
random,7239782
random,7368086
random,7746426
random,7355684
random,7538436
random,7559858
random,7180314
random,7869168
random,7571088
random,7863082
random,7393404
random,7577574
random,7591508
random,7388216
random,7459274
random,7716282
random,7479672
random,7424160
random,7776130
random,7688070
random,7629980
random,7635282
random,7489562
random,7443118
random,7975548
random,8344710
random,8044170
random,7840454
random,7689904
random,7614220
random,7143940
random,7405826
random,7651640
random,7361996
random,7384652
random,7515254
random,7610464
random,7386944
random,7613404
random,7670518
random,7589500
random,7459160
random,7239306
random,7386506
random,7808484
random,7837852
random,7636178
random,7463876
random,7700424
random,7675826
random,7550620
random,7873712
random,7867908
random,7391158
random,7390300
random,7259508
random,8006950
random,7844072
random,7760252
random,7874876
random,7620516
random,7697646
random,7492074
random,7846492
random,7686612
random,7777636
random,7540040
random,7416106
random,7227400
random,7743836
random,7424942
random,7585496
random,7658508
random,7842332
random,7425974
random,7318394
random,7739376
random,7148916
random,7524304
random,7688150
random,8505248
random,9337446
random,8083050
random,8208484
random,7940510
random,7945108
random,7521926
random,7515218
random,7788846
random,7817632
random,8019494
random,7595102
random,7394094
random,7666108
random,7786484
random,7708328
random,7898760
random,7366438
random,7637910
random,7163952
random,7832392
random,7827260
random,7281714
random,7918802
random,7393364
random,7711740
random,7317888
random,7518986
random,7914602
random,8137504
random,8234910
random,8124528
random,7635616
random,7406244
random,7386648
random,7471616
random,7613442
random,7988340
random,7822856
random,7858352
random,7831420
random,7614968
random,7549268
random,7796006
random,7716352
random,7428538
random,7536266
random,7487582
random,7946954
random,7386602
random,7456916
random,7665174
random,7500978
random,7386510
random,7619806
random,7603594
random,7614546
random,7883642
random,7735186
random,7530998
random,9046432
random,8059520
random,8167798
random,7980942
random,7818670
random,7559514
random,7465926
random,7734190
random,7613166
random,7484700
random,7376700
random,7694212
random,7544212
random,7598538
random,7776120
random,7823162
random,7811900
random,7836410
random,7813266
random,7864160
random,8262484
random,7840672
random,7820458
random,7814278
random,7902016
random,7536494
random,7634896
random,7514254
random,7315302
random,8133172
random,7878686
random,8071804
random,7633620
random,7321588
random,7656218
random,7620752
random,7350388
random,7660550
random,7733638
random,8063794
random,7239684
random,7819194
random,7634510
random,7451574
random,7542658
random,7868824
random,7590030
random,7549618
random,7435736
random,7372558
random,7599900
random,7752224
random,7712472
random,7660648
random,7620648
random,7630422
random,8702672
random,7825016
random,7823960
random,7816560
random,7880220
random,7769230
random,7815608
random,7813832
random,7456512
random,7535422
random,7650884
random,7519870
random,7728846
random,7315150
random,7189512
random,7398816
random,7251678
random,7534306
random,7238390
random,7169318
random,7685784
random,7381732
random,7772282
random,7628290
random,7633084
random,7557392
random,7384576
random,7164122
random,7560140
random,7509596
random,7533122
random,7969224
random,7789046
random,7802076
random,7751356
random,7884136
random,7901094
random,7851546
random,7745872
random,7394790
random,7831726
random,7986006
random,7617172
random,7700460
random,7641402
random,8173806
random,7766120
random,7994446
random,7390350
random,7719560
random,7835178
random,7545034
random,7860572
random,7566984
random,7483212
random,7324986
random,7943896
random,7899732
random,7876966
random,9089412
random,8030886
random,7976106
random,8079000
random,7356856
random,8120114
random,7550368
random,7889944
random,7160234
random,7692488
random,7800948
random,7787018
random,7847820
random,7670790
random,8033914
random,7854400
random,7386966
random,7600534
random,7237542
random,7383338
random,7842858
random,7838930
random,7817724
random,8019906
random,7961002
random,8054416
random,7322816
random,8118086
random,7923980
random,8087062
random,7869690
random,7674914
random,7852942
random,7658492
random,7953082
random,7844412
random,7774582
random,7329144
random,7285136
random,7554270
random,7478904
random,7710614
random,7595400
random,7735708
random,7763832
random,7663924
random,7578408
random,7882958
random,7488816
random,7391286
random,7728998
random,7614900
random,7818596
random,7814438
random,7809106
random,8144018
random,7717918
random,8085658
random,7768576
random,7650516
random,7815922
random,7743362
random,7792854
random,7566822
random,7737066
random,7805232
random,7542500
random,7491160
random,7314924
random,7710944
random,7821734
random,7489248
random,7844166
random,7755538
random,7678800
random,7826494
random,7869968
random,7939114
random,7792736
random,7582318
random,7650468
random,7343024
random,7823226
random,7759654
random,7689888
random,7663974
random,7770768
random,7599134
random,7688256
random,7316372
random,7169292
random,7318414
random,7379510
random,7509778
random,7574006
random,7534252
random,7546316
random,7612164
random,7479826
random,7632242
random,7659862
random,7419944
random,7576610
random,8439722
random,7961134
random,7987258
random,7823568
random,7732144
random,7648096
random,7692086
random,8249410
random,7504570
random,7551056
random,7548458
random,7691240
random,7817714
random,7702780
random,7363214
random,7161018
random,7267876
random,7377140
random,7411570
random,7385986
random,7756178
random,7748256
random,7753576
random,7836820
random,7530476
random,7657668
random,7748490
random,7782776
random,7843532
random,7553948
random,7327170
random,7870678
random,7634784
random,7509978
random,7230244
random,7384040
random,7209552
random,7721358
random,7348210
random,7412846
random,7663258
random,7483646
random,7807358
random,7342846
random,7694024
random,7530864
random,7712524
random,7485688
random,7380354
random,7764692
random,7487992
random,7472976
random,7263062
random,7690644
random,7349272
random,7615462
random,7575800
random,7491338
random,7893620
random,9508264
random,7832288
random,7849232
random,7465284
random,7532082
random,7619438
random,7894512
random,7968352
random,7598960
random,7900750
random,7755524
random,7599378
random,7773232
random,7309386
random,7430560
random,7384714
random,7155392
random,7755886
random,7431360
random,7367768
random,7569674
random,8283824
random,7778466
random,7657858
random,7860398
random,7835722
random,7647794
random,7385192
random,7817828
random,7834876
random,7636564
random,7157412
random,7293140
random,7179938
random,7448146
random,7869752
random,7618394
random,7775462
random,7330186
random,7503784
random,7699292
random,7996816
random,7790276
random,7584290
random,7841932
random,7758498
random,7594088
random,7610876
random,7444920
random,7850634
random,7517556
random,7662984
random,7303360
random,7716590
random,7525732
random,7404326
random,7167542
random,7817580
random,7886322
random,7586852
random,7646200
random,8995322
random,7915058
random,7987964
random,8085316
random,7300990
random,7324954
random,7861608
random,7745296
random,7520908
random,7507212
random,7855760
random,7685474
random,7395656
random,7566788
random,7611254
random,7638398
random,7502334
random,7640606
random,7473622
random,7379800
random,7447046
random,7459716
random,7249556
random,7485028
random,7554928
random,7307844
random,7811380
random,7378982
random,7164786
random,7493004
random,7301040
random,7755734
random,7462016
random,7532800
random,7643340
random,7558176
random,7520416
random,7458200
random,7504942
random,7467284
random,7497894
random,7452068
random,7719570
random,7764732
random,7896004
random,7849880
random,7510350
random,7688234
random,7302654
random,7283130
random,7462002
random,7358460
random,7409592
random,7646580
random,7810314
random,7816822
random,7819594
random,7665050
random,7813334
random,7371226
random,7784642
random,7575772
random,7317676
random,7798256
random,7599326
random,7600518
random,7581272
random,7938106
random,7799340
random,7326918
random,7850946
random,7927822
random,7742740
random,7665736
random,7548538
random,7348636
random,7620726
random,7481934
random,7467666
random,7786764
random,7810466
random,7584848
random,7620522
random,7758776
random,7412154
random,7392490
random,7720602
random,7214536
random,7932352
random,7902280
random,7484016
random,7948918
random,7711110
random,7327570
random,7656722
random,7629394
random,7719454
random,7331630
random,7603148
random,7846768
random,7381216
random,7676758
random,7596206
random,7584300
random,7766154
random,7296606
random,7468538
random,7852524
random,7571524
random,7471954
random,7446900
random,7395772
random,7488644
random,7888582
random,7686886
random,7253240
random,7694270
random,7376182
random,7402028
random,7430684
random,7295872
random,7446656
random,7613900
random,7464204
random,7807336
random,7657218
random,7605708
random,7678318
random,7920446
random,7668148
random,7788008
random,7748894
random,7551374
random,7720082
random,7532336
random,7686738
random,7387406
random,7761162
random,7813202
random,7648278
random,7427876
random,7724856
random,7264518
random,7176632
random,7429994
random,7211952
random,7433580
random,7377658
random,7337438
random,7811724
random,7718054
random,7534950
random,7689534
random,7270276
random,7606004
random,7587682
random,7476370
random,7589984
random,7767100
random,7928062
random,7706510
random,7647660
random,8027958
random,9337304
random,7988940
random,7828728
random,7834272
random,7836086
random,7292726
random,7430484
random,7226868
random,7757938
random,7345724
random,7371476
random,7802034
random,7445706
random,7284950
random,7629186
random,7253974
random,7596502
random,7523944
random,7498174
random,7219442
random,7914412
random,7377084
random,7959968
random,7297762
random,7168822
random,7902486
random,7592636
random,7864130
random,7781004
random,7518340
random,7659866
random,7472714
random,7664188
random,7589716
random,7217400
random,7711212
random,7370982
random,7672414
random,7604030
random,7728984
random,7318506
random,7173570
random,7572364
random,7904420
random,7615056
random,7338438
random,7560658
random,7429604
random,7419412
random,7771686
random,7818164
random,7488864
random,7449648
random,7251328
random,7828574
random,7806866
random,7654722
random,7586716
random,7533094
random,7889428
random,7849176
random,7825114
random,8871280
random,7811042
random,7824438
random,7808812
random,7820324
random,7393326
random,7455594
random,7290928
random,7362944
random,7369810
random,7467836
random,7894540
random,7628702
random,7807226
random,7381368
random,7395384
random,7876964
random,7392196
random,7794014
random,7806574
random,7732944
random,7306892
random,7470444
random,7898756
random,7862756
random,7924068
random,7815020
random,7835738
random,7817046
random,7851428
random,7819902
random,7838060
random,7841300
random,7897008
random,7805998
random,7796756
random,7904836
random,7885310
random,7794098
random,7919396
random,7791188
random,7806486
random,7819074
random,7791366
random,7881950
random,7818964
random,7757928
random,7731656
random,7854120
random,7850978
random,7802296
random,7880138
random,7835600
random,7848466
random,7746622
random,7871044
random,7573198
random,8149442
random,8055748
random,7825454
random,7731850
random,7555346
random,7372284
random,7572970
random,7928746
random,7729784
random,7762540
random,7446434
random,7759120
random,7456830
random,7817354
random,7856934
random,7728820
random,7804280
random,7689766
random,7734252
random,7849752
random,7888958
random,7833482
random,7805702
random,7838198
random,7833180
random,7825982
random,7933302
random,7478964
random,7831682
random,7537058
random,7611734
random,7458306
random,7441952
random,7291188
random,7477580
random,7524302
random,7682430
random,7669292
random,7354566
random,7546254
random,7479928
random,7840092
random,7500130
random,7735176
random,7816914
random,7831790
random,7846818
random,7576270
random,7398836
random,7879578
random,7410650
random,7708886
random,7553408
random,7439644
random,7504336
random,7653962
random,9049734
random,7842214
random,7793500
random,7671282
random,7702700
random,7348372
random,7778328
random,7669906
random,8006896
random,7402304
random,7466154
random,7383484
random,7247472
random,7324198
random,7444778
random,7393788
random,7783820
random,7791140
random,7647178
random,7800432
random,7513090
random,7816186
random,7694112
random,7803908
random,7648588
random,7483760
random,7666210
random,7857946
random,7818724
random,7847932
random,7824858
random,7798232
random,7824608
random,7830612
random,7867650
random,7591196
random,7344910
random,7525182
random,7704108
random,7322744
random,7480758
random,7417750
random,7405408
random,7562946
random,7716838
random,7345052
random,7536530
random,7487594
random,7471564
random,7328272
random,7545574
random,7777702
random,7853270
random,12436366
random,12562216
random,7410174
random,7569882
random,7468958
random,7487052
random,7713710
random,7439770
random,7544934
random,7397368
random,7171148
random,7263098
random,7313830
random,7529380
random,7545126
random,7456732
random,7847962
random,7393938
random,7256502
random,7598830
random,7248816
random,7671074
random,7929030
random,7719358
random,7716278
random,7547552
random,7557672
random,7380580
random,7502608
random,7509584
random,7559356
random,7671366
random,7443834
random,7607094
random,7656090
random,7929574
random,7399156
random,7714850
random,7382744
random,7184148
random,7227250
random,7368786
random,7171870
random,7388992
random,7153398
random,7537878
random,7389366
random,7606274
random,7294412
random,7321168
random,7389686
random,7551854
random,7793708
random,7410302
random,7967998
random,7903568
random,8144856
random,8167754
random,10946118
random,11829766
random,7720440
random,7203776
random,7725554
random,10262888
random,11362134
random,11325016
random,9133856
random,7375898
random,9205600
random,11073006
random,11548798
random,7311764
random,7172754
random,7049766
random,8171518
random,13307332
random,7196972
random,7369312
random,7307568
random,6970820
random,7689930
random,7194282
random,7210888
random,7196692
random,6956842
random,7681488
random,7650060
random,7273218
random,7668458
random,7873842
random,7841082
random,7915850
random,7710450
random,7838972
random,7698486
random,7461598
random,7753452
random,7448380
random,7786220
random,7623830
random,7710056
random,7416874
random,7821340
random,7436532
random,7954508
random,7587586
random,7401806
random,7760082
random,7659058
random,7604624
random,7531758
random,7562958
random,7775818
random,7174936
random,7354568
random,7647816
random,7652226
random,7334880
random,7960546
random,7806554
random,7827496
random,7559850
random,7575094
random,7607786
random,7463972
random,7493800
random,7646576
random,7384694
random,8044418
random,7806252
random,7472484
random,7363924
random,7579842
random,7453410
random,7374742
random,8015426
random,7598638
random,7619500
random,7770178
random,7671032
random,7695842
random,7942308
random,7428604
random,7514524
random,8375388
random,7282212
random,7281870
random,7522542
random,7211254
random,7593064
random,7551442
random,7484324
random,7312224
random,7375092
random,7598182
random,7606738
random,7370258
random,7415422
random,7245718
random,7133216
random,7091682
random,7650148
random,7605222
random,7221002
random,7061732
random,7407574
random,7248400
random,7436770
random,7462554
random,7377694
random,7061214
random,7443012
random,7401852
random,7383708
random,7298202
random,7569748
random,7781094
random,7630712
random,7353176
random,7686784
random,7211540
random,7577256
random,7194818
random,7461860
random,7672934
random,7515862
random,7647572
random,7572936
random,7284748
random,7524932
random,7285720
random,7551212
random,7264602
random,7327582
random,7710620
random,7506658
random,7153840
random,7308512
random,7632116
random,7243124
random,7306244
random,7442384
random,7236720
random,7723366
random,7452064
random,7446444
random,7126396
random,7283480
random,7353090
random,7206424
random,7404322
random,7659162
random,7556370
random,7355728
random,7437770
random,7617076
random,7485862
random,7417266
random,7620990
random,7050682
random,7596034
random,7269386
random,7300288
random,7538704
random,7481104
random,7587032
random,7393942
random,7572596
random,7061090
random,7771224
random,7054048
random,7402718
random,7585066
random,7647242
random,7055464
random,7275516
random,7470688
random,7131756
random,7560340
random,8014330
random,7761952
random,7475596
random,7310666
random,7762060
random,7617044
random,7513092
random,7609714
random,7570382
random,7386534
random,7794968
random,7390616
random,7750440
random,7241408
random,7788226
random,7789286
random,7860534
random,7623196
random,7644736
random,7632064
random,7793354
random,7727226
random,7528236
random,7952168
random,7494684
random,7461502
random,7436314
random,7491220
random,7688620
random,7461012
random,7679936
random,7562836
random,7250656
random,7683950
random,7926292
random,7332248
random,7907364
random,7795060
random,7301648
random,7354946
random,7807330
random,7786042
random,7928736
random,7835266
random,7465006
random,7270626
random,7724112
random,7631064
random,7169704
random,7623540
random,7722152
random,7422700
random,7171370
random,7810404
random,7775360
random,7703650
random,7616020
random,7395056
random,7342166
random,7435838
random,7808742
random,7654848
random,7655992
random,7387660
random,7592200
random,7620726
random,7761448
random,7933168
random,7449054
random,7615536
random,7629000
random,7769156
random,7428858
random,7380980
random,7556084
random,7387764
random,7633318
random,7284042
random,7538790
random,7256716
random,7411228
random,7653776
random,7451180
random,7684706
random,7577726
random,7450578
random,7591364
random,7637284
random,7902024
random,7693300
random,7620734
random,7167316
random,7589116
random,7148444
random,7734862
random,7658426
random,7930814
random,7673808
random,7557916
random,7515426
random,7664030
random,7793268
random,7282440
random,7309748
random,7381778
random,7558266
random,7493336
random,7890046
random,7498188
random,7804058
random,7947568
random,7569532
random,7912156
random,7935066
random,7887546
random,7706336
random,7752898
random,7396822
random,7688508
random,7481392
random,7954108
random,7671978
random,7395274
random,7578058
random,7893722
random,7797662
random,7541376
random,7453526
random,7711546
random,7568980
random,7822898
random,7846936
random,7866662
random,7711844
random,7264896
random,7343086
random,7441534
random,7891728
random,7607358
random,7523786
random,7695518
random,7283618
random,7556568
random,7596576
random,7171064
random,7464128
random,7584650
random,7422864
random,7825318
random,7297150
random,7778222
random,7907066
random,7617880
random,7680160
random,7317976
random,7534584
random,7490432
random,7153916
random,7558368
random,7900140
random,7720946
random,7595940
random,7789246
random,7889472
random,7474734
random,7391172
random,7819438
random,7854686
random,7719858
random,7726330
random,7913192
random,7661074
random,7318854
random,8606170
random,8291474
random,7969976
random,7838896
random,7531956
random,7683228
random,7666576
random,7617308
random,7725686
random,7298442
random,7260504
random,7683422
random,7306592
random,7274248
random,7622316
random,7789762
random,7838264
random,7839454
random,7290056
random,7487740
random,7805544
random,7263882
random,7162676
random,7554874
random,7433638
random,7830096
random,7825448
random,7841482
random,7824078
random,7764622
random,7832558
random,7810188
random,7821958
random,7393194
random,7388908
random,7900772
random,7759034
random,7855320
random,7808512
random,7315078
random,7452512
random,7551676
random,7515004
random,7659244
random,7666994
random,7490590
random,7926182
random,7612364
random,7519170
random,7702566
random,7685582
random,7854692
random,7288302
random,7821852
random,7566100
random,7768648
random,7704650
random,7757536
random,7310244
random,9274952
random,7873624
random,7816288
random,7983194
random,7924360
random,7492940
random,7884202
random,7479474
random,7821832
random,7658324
random,7462650
random,7774602
random,7536588
random,7804630
random,7395394
random,7594278
random,7162470
random,7672870
random,7547298
random,7283110
random,7627900
random,7251720
random,7444476
random,7772672
random,7490860
random,7277432
random,7369942
random,7286264
random,7748866
random,7586454
random,7722116
random,7759920
random,7149802
random,7338974
random,7779944
random,7722176
random,7383010
random,7388568
random,7533406
random,7788336
random,7711844
random,7387366
random,8044950
random,7777802
random,7620826
random,7804702
random,7866348
random,7764152
random,7716894
random,7824332
random,7636564
random,7268620
random,7549686
random,7478976
random,7811698
random,7591152
random,7663696
random,7458306
random,7819360
random,7744356
random,7478662
random,7559158
random,7431828
random,7903384
random,7810120
random,7842704
random,7598754
random,7474184
random,7794834
random,7665712
random,7293164
random,7423772
random,7395862
random,7594910
random,7230336
random,7825218
random,7484296
random,7693902
random,7548528
random,7719444
random,7771416
random,7677082
random,7385018
random,7792256
random,7637402
random,7772000
random,7731148
random,7731956
random,7916874
random,8155172
random,7830678
random,7962132
random,7630046
random,7934730
random,7858560
random,7851204
random,7818506
random,7832834
random,7842142
random,7908356
random,10166914
random,7928862
random,7899570
random,7935722
random,7596248
random,7294458
random,7574754
random,7939818
random,7941990
random,7908228
random,7669736
random,7698928
random,7760378
random,7607372
random,7482916
random,7591234
random,7680264
random,7574470
random,7653600
random,7750508
random,7234962
random,7343772
random,7743794
random,7248700
random,8284050
random,7841672
random,7744960
random,7712488
random,7673368
random,7779158
random,7335372
random,7975864
random,7635662
random,7500392
random,7528416
random,7841910
random,7640476
random,7820282
random,7594744
random,7957728
random,7778282
random,7338896
random,7359976
random,7706388
random,7681974
random,7734320
random,7500322
random,7444380
random,7699652
random,7687666
random,7399664
random,7771976
random,7893324
random,7492230
random,7436650
random,7725378
random,7880300
random,7409582
random,7886264
random,7839642
random,7710754
random,7790258
random,7733176
random,7386606
random,7893564
random,7606222
random,7517512
random,7292752
random,7884492
random,7739872
random,7852144
random,7684016
random,7711218
random,7845628
random,7504562
random,7552176
random,7318802
random,7810942
random,7829246
random,7413088
random,7380098
random,7832540
random,7822636
random,7624444
random,7361462
random,7813500
random,7318688
random,7412052
random,7325322
random,7480058
random,7485480
random,7699204
random,7855970
random,7357586
random,7687044
random,7763212
random,7444826
random,7594758
random,7396640
random,7662088
random,7177096
random,7346676
random,7358778
random,7841332
random,7534152
random,7496700
random,7967334
random,7820584
random,7697330
random,7493616
random,7742996
random,7910824
random,7276580
random,7596454
random,7507774
random,7915422
random,7287414
random,7784312
random,7912550
random,7753518
random,7887208
random,7176170
random,7818778
random,7772282
random,7504396
random,7424034
random,7741648
random,7777296
random,7410860
random,7820640
random,7624244
random,7564030
random,7589266
random,7578272
random,7328124
random,7531000
random,7575774
random,8046240
random,7832076
random,7815874
random,7827494
random,7722374
random,7520350
random,7855338
random,8045520
random,7737074
random,7750288
random,7776856
random,7625888
random,7844500
random,7865896
random,7740200
random,7516256
random,7588472
random,7467452
random,7420990
random,7352146
random,7856368
random,7367298
random,7509080
random,7685192
random,7743886
random,7530154
random,7584412
random,7390856
random,7833854
random,7286352
random,7383354
random,7632686
random,7285696
random,7819878
random,7834692
random,7670592
random,7179484
random,7699856
random,7742854
random,7468032
random,7786348
random,7851676
random,7933150
random,7458122
random,7770192
random,7722264
random,8081334
random,7717704
random,7600572
random,7191808
random,7550892
random,7387378
random,7499522
random,7819020
random,7881336
random,7824316
random,7411770
random,7837472
random,7690100
random,7488810
random,7782628
random,7839802
random,7789954
random,7952498
random,7827482
random,7541790
random,7453552
random,7373650
random,7323714
random,7892682
random,7798252
random,7518554
random,7388256
random,7174988
random,7820260
random,7758828
random,7901452
random,7659980
random,7834394
random,7708416
random,7808366
random,7752016
random,7686150
random,7507936
random,7696164
random,7601768
random,7929458
random,7335394
random,7629992
random,7398618
random,7373954
random,7608948
random,7699066
random,7568176
random,7900330
random,7874344
random,7414136
random,8016736
random,7391640
random,7893146
random,7603430
random,7840884
random,7246644
random,7569842
random,7609140
random,7393158
random,7554568
random,7691610
random,7382352
random,7933788
random,8527130
random,7888156
random,7783330
random,7635346
random,7632326
random,7528038
random,7888228
random,7245958
random,7639142
random,7754612
random,7650876
random,7876708
random,7595138
random,7792842
random,7480188
random,7634278
random,7453696
random,7324436
random,7395126
random,7714622
random,7558408
random,7427854
random,7810212
random,7309572
random,7874872
random,7621796
random,7476038
random,7839518
random,7402870
random,7549298
random,7557168
random,7637378
random,7225414
random,7642578
random,7839498
random,7511142
random,7633560
random,7754696
random,7787258
random,7809954
random,7792512
random,7351504
random,7925106
random,7537314
random,7779834
random,7343240
random,7576516
random,7534810
random,7749798
random,7446900
random,7912540
random,7904328
random,7303194
random,7500772
random,7933248
random,7797528
random,7804290
random,7777672
random,7737590
random,7721302
random,7756716
random,7728738
random,7989694
random,7869054
random,7664520
random,7556992
random,7308290
random,7673734
random,7430214
random,7541894
random,7895842
random,7542158
random,7521690
random,7598318
random,7822872
random,7482284
random,7876472
random,7715320
random,7783482
random,7815484
random,7416458
random,7701472
random,7787420
random,7721458
random,7288742
random,7840438
random,7737496
random,7389290
random,7562358
random,7587114
random,7426458
random,7813348
random,7515568
random,7558908
random,7390240
random,7883948
random,7385424
random,7789108
random,7746186
random,7850738
random,7719970
random,7504208
random,7451312
random,8054210
random,7921006
random,7566772
random,7645358
random,7386596
random,7445356
random,7382122
random,7725558
random,7695652
random,7535712
random,7765854
random,7651074
random,7607902
random,7372536
random,7201360
random,7227818
random,7592640
random,7776340
random,7923264
random,7572012
random,7597636
random,7572352
random,7745044
random,7473400
random,7791530
random,7328608
random,7529926
random,7657690
random,7500944
random,7789624
random,7454588
random,7392782
random,7163332
random,7883076
random,7566410
random,8034142
random,7469154
random,8020142
random,7383000
random,7814866
random,7600668
random,7648732
random,7507506
random,7969930
random,8061550
random,7749452
random,7764604
random,7870034
random,7802766
random,7673052
random,7339308
random,7785028
random,7867336
random,7713816
random,7826132
random,7378802
random,7733680
random,7982752
random,7822012
random,7808886
random,7867518
random,7847530
random,7436252
random,7598612
random,7400138
random,7373982
random,7715598
random,7857318
random,7590772
random,7527900
random,7684884
random,7360610
random,7706298
random,7404376
random,7772592
random,7760766
random,7558220
random,7741036
random,7836094
random,7823592
random,7880820
random,7836706
random,7839710
random,7886920
random,7851310
random,7837340
random,7819790
random,7906130
random,7390746
random,7417456
random,7389664
random,7653926
random,7586020
random,7465076
random,7173588
random,7661838
random,7309970
random,7706624
random,7310394
random,7167770
random,7372992
random,7712504
random,7669784
random,7621194
random,7485104
random,7172528
random,7593212
random,7938752
random,7443748
random,7648056
random,7751606
random,7559510
random,7512834
random,7595724
random,7541316
random,7578580
random,7307966
random,8724252
random,7945576
random,7836662
random,7841122
random,7829702
random,7385182
random,7566686
random,8026696
random,7845892
random,7748938
random,7656926
random,7752144
random,7425688
random,7777568
random,7904006
random,7713134
random,7844168
random,7940696
random,7494892
random,7788282
random,7426368
random,7678284
random,7913844
random,7699484
random,7782026
random,7527916
random,7559756
random,7484582
random,7837066
random,7512650
random,7586216
random,7704182
random,7616528
random,7646162
random,7385962
random,7567546
random,7724158
random,7787548
random,7752820
random,7680160
random,7646622
random,7988754
random,7918586
random,7608102
random,7846738
random,7336530
random,7519094
random,7747290
random,7989096
random,7942746
random,7726650
random,7625416
random,7581986
random,7706260
random,7624528
random,7943754
random,7838026
random,7820038
random,7672914
random,7594868
random,7590896
random,7733482
random,7244272
random,7992728
random,7301438
random,7447314
random,7721178
random,7662660
random,7679574
random,7704038
random,7411968
random,7349712
random,7173514
random,7157482
random,7696316
random,7763266
random,7688106
random,7810122
random,7890776
random,7847094
random,7619608
random,7705922
random,7624832
random,7611694
random,7354224
random,7423248
random,7395464
random,7300734
random,7464710
random,7533358
random,7336690
random,7257662
random,7469570
random,7534998
random,7890542
random,7374606
random,7433742
random,7624898
random,8028808
random,7452244
random,7342558
random,7561052
random,7277794
random,8480780
random,7809352
random,7880632
random,7746714
random,7503232
random,7605256
random,7590516
random,7727768
random,7555582
random,7780946
random,7692204
random,7502580
random,7857212
random,7872298
random,7626600
random,7636790
random,7729952
random,7948182
random,7685890
random,8193086
random,8017160
random,7817076
random,7789918
random,7744230
random,7727258
random,7862452
random,7950458
random,7323306
random,7575460
random,7818256
random,7710374
random,7732260
random,7952782
random,7844468
random,7871684
random,7889290
random,7882548
random,7821564
random,7431334
random,7554444
random,7346910
random,7243672
random,7770478
random,7224272
random,7570646
random,7985360
random,7466708
random,7494592
random,7480196
random,7619980
random,7474730
random,7377644
random,8069156
random,8082716
random,7823168
random,7807994
random,7815516
random,7890836
random,7861668
random,7698714
random,7355196
random,7863860
random,7588534
random,7791440
random,7675852
random,7797138
random,7727234
random,7592360
random,7914468
random,7777806
random,7396048
random,7563778
random,7585850
random,7682774
random,7520616
random,7679950
random,7753744
random,7709002
random,7631710
random,7528826
random,7639698
random,7373862
random,7729224
random,7337610
random,7460184
random,7545096
random,7730858
random,7666162
random,7385486
random,7626452
random,7483072
random,7690648
random,7382660
random,7641886
random,7772544
random,7841846
random,7748846
random,7518182
random,7509664
random,7176514
random,7606656
random,7575016
random,7690708
random,7738060
random,7728950
random,7280830
random,7863096
random,7721928
random,7628208
random,7854726
random,7550024
random,7854040
random,7886248
random,7964448
random,7937360
random,7890732
random,7756524
random,7777710
random,7574832
random,7316410
random,7678268
random,7351082
random,7574458
random,7882634
random,7858298
random,7605048
random,7388844
random,7702848
random,7723728
random,7444596
random,7850446
random,7340568
random,7626610
random,7693046
random,7673744
random,7338988
random,7974422
random,7473306
random,7599146
random,7575706
random,7457918
random,7589660
random,7525380
random,7545812
random,7986094
random,7379330
random,7762984
random,7413926
random,7376938
random,7853818
random,7842330
random,7606442
random,7383196
random,7392606
random,7906858
random,7524582
random,7548094
random,7723304
random,7882914
random,7808820
random,7705832
random,7261800
random,7310930
random,9058942
random,8034530
random,7818776
random,7883312
random,7818056
random,7755822
random,7812162
random,7651372
random,7720234
random,7572310
random,7806072
random,7584582
random,7551312
random,7714884
random,7635306
random,7634350
random,7811034
random,7739422
random,7389054
random,7871276
random,7684862
random,7377622
random,7831564
random,7641296
random,7703928
random,7606024
random,7276090
random,7549136
random,7791328
random,7685066
random,7568752
random,7289842
random,7338172
random,7564434
random,7785158
random,7617854
random,7571916
random,7548424
random,8001326
random,7578276
random,7508092
random,7637958
random,7361860
random,7506058
random,7873634
random,7532040
random,7391222
random,7639376
random,7320494
random,7839206
random,8044030
random,7975638
random,7824852
random,7824284
random,7852576
random,7978240
random,7695294
random,7450220
random,7911842
random,7814954
random,7836534
random,7968046
random,7748016
random,7389340
random,7707704
random,7305376
random,7703680
random,7579558
random,7676540
random,7650548
random,7863072
random,7395648
random,7534638
random,7637704
random,7881026
random,7740832
random,7440080
random,7656526
random,7325622
random,7729504
random,7753894
random,7477210
random,7457704
random,7632990
random,7635256
random,7435352
random,7294300
random,7173584
random,7432914
random,7486264
random,7451758
random,7785818
random,7853616
random,7901448
random,7875752
random,7881094
random,7646580
random,7465052
random,7679480
random,7474736
random,7378264
random,7829192
random,7693766
random,7478608
random,7851964
random,9141592
random,7961630
random,7827834
random,7283696
random,7242934
random,7868706
random,7406564
random,7547478
random,7387536
random,7694008
random,7287106
random,7277562
random,7464118
random,7504894
random,7524596
random,7743736
random,7658902
random,7411736
random,7635658
random,7526886
random,7269572
random,7389144
random,7473418
random,7464276
random,7607842
random,7462456
random,7607444
random,7443012
random,7602962
random,7771030
random,7853224
random,7468842
random,7551762
random,7797380
random,7889164
random,7854936
random,7678000
random,7451788
random,7492994
random,7385722
random,7501910
random,7494194
random,7621342
random,7496476
random,7662878
random,7576130
random,7862154
random,7849826
random,7617942
random,7386302
random,7833046
random,7526754
random,7412490
random,7693342
random,7674996
random,7960954
random,7821702
random,7831908
random,7804046
random,7338940
random,7829248
random,7498962
random,7513656
random,7336224
random,7762542
random,7526068
random,7976724
random,7595734
random,7663542
random,7829630
random,7596338
random,7960668
random,7866940
random,7368680
random,7213226
random,7406794
random,7615468
random,7785528
random,7628320
random,7392230
random,7151862
random,7654182
random,7442118
random,7680438
random,7381702
random,7909054
random,7789040
random,7441232
random,7763370
random,7720562
random,7638750
random,7613564
random,7529450
random,7691162
random,7863394
random,7756566
random,7806696
random,7405982
random,7691380
random,7626910
random,7482256
random,7293036
random,7569008
random,7640562
random,7869582
random,7704000
random,7851238
random,7584066
random,7592860
random,7628692
random,7515184
random,7829028
random,7816826
random,7513926
random,7498022
random,7467608
random,7785658
random,7688500
random,7829592
random,7478600
random,7918988
random,7599206
random,7741076
random,7561076
random,7782258
random,7852678
random,7753074
random,7535540
random,7297364
random,7539010
random,7800658
random,7481706
random,7620072
random,7699034
random,7613304
random,7487200
random,7707830
random,7303964
random,7592622
random,7164668
random,7669268
random,7709408
random,7833136
random,7810694
random,7815732
random,7823796
random,7858014
random,7832524
random,7857672
random,7934038
random,7641866
random,7742668
random,7745242
random,7591306
random,7866066
random,7332454
random,7865506
random,7889234
random,7645086
random,7828028
random,7955502
random,7886098
random,7809224
random,7913128
random,11533226
random,12667330
random,7921226
random,8095238
random,7858916
random,7709528
random,7334942
random,7458946
random,7633778
random,7573576
random,7853600
random,7734478
random,7906128
random,7828698
random,7568994
random,7404574
random,7638122
random,7592346
random,7673164
random,7768336
random,7356672
random,7782786
random,7621274
random,7703048
random,7672968
random,7767760
random,7584354
random,7533516
random,7431254
random,7745424
random,7698518
random,7726674
random,7804092
random,7811482
random,7815190
random,7835976
random,7839228
random,7922300
random,7843568
random,7784186
random,7613398
random,7704728
random,7909330
random,7505660
random,7676024
random,7757562
random,7756742
random,7547994
random,7667526
random,7507034
random,7644864
random,7658186
random,7271442
random,7335596
random,7951718
random,7282186
random,7773430
random,7760110
random,7623138
random,7714574
random,7793994
random,7703508
random,7466624
random,7413678
random,7495464
random,7371466
random,7637226
random,7254192
random,7495010
random,7814124
random,7541826
random,7286006
random,7600146
random,7482584
random,7495252
random,7426588
random,7569050
random,7260906
random,7566814
random,7524646
random,7519660
random,7897310
random,7732872
random,7834060
random,7782406
random,7319446
random,7251298
random,7685092
random,7635254
random,7520258
random,7497942
random,7590860
random,7769454
random,7767348
random,7581494
random,7849894
random,7570434
random,7412476
random,7877918
random,7773300
random,7840736
random,7823798
random,7824734
random,7844050
random,7705762
random,7824542
random,7754912
random,7827656
random,7751482
random,7756126
random,7691000
random,7882886
random,7540312
random,7829150
random,7730008
random,7915672
random,7785666
random,8067436
random,7844792
random,7784244
random,7908862
random,7654606
random,7745990
random,7816778
random,7836722
random,8658780
random,8016448
random,7818938
random,7894392
random,7831382
random,7822034
random,7712608
random,7732838
random,7623638
random,7583964
random,7878224
random,7825940
random,8238948
random,7755032
random,7744840
random,7929314
random,7655362
random,7603588
random,7692210
random,7695724
random,7805798
random,7392842
random,7704422
random,8053968
random,7906860
random,8026648
random,8070030
random,7696616
random,7775998
random,7444432
random,7761732
random,7806860
random,7616260
random,7952976
random,7856848
random,7848166
random,7751000
random,7766574
random,7873214
random,7707446
random,7892338
random,7600218
random,7628862
random,7538462
random,7585074
random,7572824
random,7809920
random,7706124
random,7815996
random,7643214
random,7593852
random,7553964
random,7593942
random,7790166
random,7398404
random,7882524
random,7542538
random,7799070
random,7460846
random,8634568
random,7814370
random,7793620
random,7816500
random,7818926
random,7704562
random,7822022
random,7740862
random,7759514
random,7708224
random,7590838
random,7779442
random,7594396
random,7994444
random,7665336
random,7821096
random,7514874
random,7524484
random,7784442
random,7709676
random,7766382
random,7647660
random,7599662
random,7734894
random,7761396
random,7610000
random,7738322
random,7888644
random,7817162
random,7882564
random,7676470
random,7681868
random,7416970
random,7671574
random,7933652
random,7712956
random,7852812
random,7840538
random,7860694
random,7666906
random,7674376
random,7807354
random,7851644
random,7755788
random,7463922
random,7781106
random,7766890
random,7676856
random,7687494
random,7925096
random,7621594
random,7253180
random,7587864
random,7532202
random,7354006
random,7457108
random,7683774
random,7737384
random,7471868
random,7560398
random,7876776
random,7537880
random,7980382
random,7812746
random,7823510
random,7551410
random,7530270
random,7411616
random,7765292
random,7799038
random,7291120
random,7847742
random,7159866
random,7473718
random,7895140
random,7855164
random,7904806
random,7416018
random,7944580
random,7637174
random,7330704
random,7553530
random,7672740
random,7712006
random,7444784
random,7632646
random,7710476
random,7544424
random,7522316
random,7171810
random,7520628
random,7522690
random,7537090
random,7486304
random,7396268
random,7748496
random,7349944
random,7582086
random,7431948
random,7642854
random,7182346
random,7616720
random,7498058
random,7496016
random,7607388
random,7850358
random,7749898
random,7669524
random,7807698
random,7629916
random,7769386
random,7851300
random,7658750
random,7546018
random,7485054
random,7732910
random,7642322
random,7436676
random,7519272
random,8136102
random,7361364
random,7561128
random,7865354
random,7298570
random,7167224
random,7842612
random,7897204
random,8959634
random,7301828
random,7803190
random,7506544
random,7861224
random,7298198
random,7384402
random,7773662
random,7812602
random,7560676
random,7832756
random,7812006
random,7885018
random,7358840
random,7498402
random,7643786
random,7438682
random,7493490
random,7527406
random,7778770
random,7479790
random,7601464
random,7380948
random,7606882
random,7612464
random,7341224
random,7159374
random,7634904
random,7449540
random,7574600
random,7788808
random,7809456
random,7597448
random,7478590
random,7561402
random,7916756
random,7541286
random,7829504
random,7362360
random,7909436
random,7600790
random,7569388
random,7586422
random,7685884
random,7387838
random,7779538
random,7356824
random,7951532
random,7931588
random,7761326
random,7850498
random,9261796
random,8603214
random,8295474
random,8149884
random,7893056
random,7610972
random,7681028
random,7768434
random,7584816
random,7744888
random,7766540
random,7723488
random,7945942
random,7952654
random,7385302
random,7599248
random,7834510
random,7819068
random,7745164
random,7893572
random,7877420
random,7632698
random,7689062
random,8139100
random,7900922
random,7749520
random,7705854
random,7800728
random,7519576
random,7527554
random,7829316
random,7665506
random,7791614
