class,cycles
fixed,23743546
fixed,23512820
fixed,23449796
fixed,22889060
fixed,23067144
fixed,22606684
fixed,22721844
fixed,23383334
fixed,23026546
fixed,22831744
fixed,22931864
fixed,22269142
fixed,22742782
fixed,22957090
fixed,23456142
fixed,22887478
fixed,23324098
fixed,23670110
fixed,23326476
fixed,22802664
fixed,23302904
fixed,22849358
fixed,22135160
fixed,23700096
fixed,23224152
fixed,22420786
fixed,23107500
fixed,22493664
fixed,23196358
fixed,22460406
fixed,22578750
fixed,23741598
fixed,23758200
fixed,23718806
fixed,23545672
fixed,22674554
fixed,23402930
fixed,23921476
fixed,23040092
fixed,23693328
fixed,23674800
fixed,22940564
fixed,22851130
fixed,24226846
fixed,23179348
fixed,23251726
fixed,23499318
fixed,23495856
fixed,23595568
fixed,23268648
fixed,23073650
fixed,22753068
fixed,22840154
fixed,23330534
fixed,23073466
fixed,23774060
fixed,22573022
fixed,23362608
fixed,23817258
fixed,23777862
fixed,22982946
fixed,23405616
fixed,23500558
fixed,23614870
fixed,23801056
fixed,22422336
fixed,22886842
fixed,23045410
fixed,23767734
fixed,23423258
fixed,22919122
fixed,23101644
fixed,23064200
fixed,23035512
fixed,23145600
fixed,22854944
fixed,23474732
fixed,23164714
fixed,23727638
fixed,22774904
fixed,23185718
fixed,23452556
fixed,23302258
fixed,23521688
fixed,23249586
fixed,23558140
fixed,25500642
fixed,24028394
fixed,23680178
fixed,23714272
fixed,23632284
fixed,23927588
fixed,23594434
fixed,23419916
fixed,22932456
fixed,23609804
fixed,23400238
fixed,23277820
fixed,22176514
fixed,22897132
fixed,22659120
fixed,23169670
fixed,23495588
fixed,23449612
fixed,23428982
fixed,22430454
fixed,23641872
fixed,23707000
fixed,23732046
fixed,25430824
fixed,23696596
fixed,23393522
fixed,23542770
fixed,23690706
fixed,22863030
fixed,23262056
fixed,23226406
fixed,22799116
fixed,23231168
fixed,24041800
fixed,23710312
fixed,23675938
fixed,23732554
fixed,23400498
fixed,23281206
fixed,24020324
fixed,23394146
fixed,23377708
fixed,23161612
fixed,23651116
fixed,23686232
fixed,22998828
fixed,23639050
fixed,23696378
fixed,23759400
fixed,23171462
fixed,23286442
fixed,23552852
fixed,23399768
fixed,23609454
fixed,23394600
fixed,23575480
fixed,22891094
fixed,24046968
fixed,23265052
fixed,23682864
fixed,22985870
fixed,23667782
fixed,23726054
fixed,23204330
fixed,23657944
fixed,23272098
fixed,22866394
fixed,23919304
fixed,23186116
fixed,22890578
fixed,23729010
fixed,23242386
fixed,23149294
fixed,23222112
fixed,22710968
fixed,23025606
fixed,22787320
fixed,23110592
fixed,23449872
fixed,23782174
fixed,23624712
fixed,23689522
fixed,23028380
fixed,22855526
fixed,23564330
fixed,23371416
fixed,22408752
fixed,22861646
fixed,23472030
fixed,23132752
fixed,22486416
fixed,23107928
fixed,23297538
fixed,22916984
fixed,23615340
fixed,23457416
fixed,23343392
fixed,22928430
fixed,22946934
fixed,23579094
fixed,22372436
fixed,22787306
fixed,23221922
fixed,23244672
fixed,23081090
fixed,22475708
fixed,24246738
fixed,24552054
fixed,23747002
fixed,23264964
fixed,22701904
fixed,23266124
fixed,23038892
fixed,22728136
fixed,23218438
fixed,23309304
fixed,22644316
fixed,22493698
fixed,23086802
fixed,22681274
fixed,22408710
fixed,23385050
fixed,23326590
fixed,22769296
fixed,23592148
fixed,23991926
fixed,22667656
fixed,23240782
fixed,23805020
fixed,22886430
fixed,23321010
fixed,23697726
fixed,22641206
fixed,22249154
fixed,22433116
fixed,22113808
fixed,22152160
fixed,22497342
fixed,23209616
fixed,22076944
fixed,22920708
fixed,22156000
fixed,22537046
fixed,22927860
fixed,22433552
fixed,23177652
fixed,23351138
fixed,22746692
fixed,22868784
fixed,23351600
fixed,23295098
fixed,23046900
fixed,22552416
fixed,21779858
fixed,23147090
fixed,22671702
fixed,22207054
fixed,23207314
fixed,22602144
fixed,23191446
fixed,23164202
fixed,23635080
fixed,23190942
fixed,22975210
fixed,23782618
fixed,22905066
fixed,23758386
fixed,23542060
fixed,23246520
fixed,22741684
fixed,23337680
fixed,23980490
fixed,23557096
fixed,22665728
fixed,23040312
fixed,23813728
fixed,23276128
fixed,23413450
fixed,23798020
fixed,23326362
fixed,23241870
fixed,23162584
fixed,23093218
fixed,23783512
fixed,23990846
fixed,23733860
fixed,23103660
fixed,23389462
fixed,23136820
fixed,23882556
fixed,23794486
fixed,23845310
fixed,23249568
fixed,23083294
fixed,23202304
fixed,23141196
fixed,23332638
fixed,23559076
fixed,23229616
fixed,23170936
fixed,23755740
fixed,24118124
fixed,22642162
fixed,23713884
fixed,23035680
fixed,22830314
fixed,23773486
fixed,23203738
fixed,22122666
fixed,22860110
fixed,22056274
fixed,23329912
fixed,23179094
fixed,22846358
fixed,23002454
fixed,23201986
fixed,23813578
fixed,22369706
fixed,23278606
fixed,23391794
fixed,22421020
fixed,23076170
fixed,22979044
fixed,23021712
fixed,23280378
fixed,22878306
fixed,22278692
fixed,23032098
fixed,24119528
fixed,23425682
fixed,23410264
fixed,22676814
fixed,23167746
fixed,22814936
fixed,22582774
fixed,23649574
fixed,23630290
fixed,23480958
fixed,23218780
fixed,22946050
fixed,23547580
fixed,23245190
fixed,23616058
fixed,23301846
fixed,24057460
fixed,22676682
fixed,23799826
fixed,23549792
fixed,23639998
fixed,23677278
fixed,23866854
fixed,23410162
fixed,22859462
fixed,24082716
fixed,23881422
fixed,23817204
fixed,24391872
fixed,23696304
fixed,23618594
fixed,22658004
fixed,22391326
fixed,22526264
fixed,23247412
fixed,23917834
fixed,23380980
fixed,23977624
fixed,23933738
fixed,23064142
fixed,23796732
fixed,23669156
fixed,22887480
fixed,22719948
fixed,23099290
fixed,23361586
fixed,23207588
fixed,24074584
fixed,23796164
fixed,23503902
fixed,23260980
fixed,23385756
fixed,23354210
fixed,23661362
fixed,23661906
fixed,23501618
fixed,23045392
fixed,22266956
fixed,23102774
fixed,22833436
fixed,22147144
fixed,22796522
fixed,22808696
fixed,22429182
fixed,22312554
fixed,22974902
fixed,23360036
fixed,23102112
fixed,23380720
fixed,22417642
fixed,22430324
fixed,23172892
fixed,22406100
fixed,22277832
fixed,23674996
fixed,23225482
fixed,22936674
fixed,23036586
fixed,23626530
fixed,23292694
fixed,23300250
fixed,23853466
fixed,23995002
fixed,23927484
fixed,22978564
fixed,22312634
fixed,23177100
fixed,23379174
fixed,22798566
fixed,23240134
fixed,23222558
fixed,22475932
fixed,22205252
fixed,22975898
fixed,23410626
fixed,23536184
fixed,22891762
fixed,23631702
fixed,23048246
fixed,23137430
fixed,23716426
fixed,23392976
fixed,22636264
fixed,22469298
fixed,23008016
fixed,23445558
fixed,23683034
fixed,22370422
fixed,22811282
fixed,22150694
fixed,22750184
fixed,23447536
fixed,23849714
fixed,23586860
fixed,23547924
fixed,23890962
fixed,23221926
fixed,22927656
fixed,23227458
fixed,23511502
fixed,23131694
fixed,23198008
fixed,22928634
fixed,23622702
fixed,23004950
fixed,22617486
fixed,22525006
fixed,23013304
fixed,22761874
fixed,23184564
fixed,22773100
fixed,23818862
fixed,23814342
fixed,23512998
fixed,21912602
fixed,23488372
fixed,23684992
fixed,23766292
fixed,23108010
fixed,23082484
fixed,23388746
fixed,23476282
fixed,23271016
fixed,23269538
fixed,23720020
fixed,23756296
fixed,23702596
fixed,23431934
fixed,22837204
fixed,23657262
fixed,23697810
fixed,23758574
fixed,23650930
fixed,23637178
fixed,23500978
fixed,24107464
fixed,23722496
fixed,24063816
fixed,23455248
fixed,23661898
fixed,23297088
fixed,23656742
fixed,23074294
fixed,23343936
fixed,23784230
fixed,23667142
fixed,23639048
fixed,23237326
fixed,23561806
fixed,23366484
fixed,23112064
fixed,23491382
fixed,23559330
fixed,23490888
fixed,23073108
fixed,23205302
fixed,22387962
fixed,23551354
fixed,23502388
fixed,23382746
fixed,23782982
fixed,23495818
fixed,23184222
fixed,22488150
fixed,23583072
fixed,23663978
fixed,23424094
fixed,23680990
fixed,23321758
fixed,23538026
fixed,23763130
fixed,23683564
fixed,23772600
fixed,23477330
fixed,23373032
fixed,23526614
fixed,25438216
fixed,23899870
fixed,23657372
fixed,23300926
fixed,23978714
fixed,23639648
fixed,23092706
fixed,22407144
fixed,23440850
fixed,23225172
fixed,23751350
fixed,23492878
fixed,23431412
fixed,23438532
fixed,23497036
fixed,23561182
fixed,24017620
fixed,23674256
fixed,23574398
fixed,23722390
fixed,23353444
fixed,23664298
fixed,25147652
fixed,23710248
fixed,23527216
fixed,23715792
fixed,23580740
fixed,22925324
fixed,24143310
fixed,23710758
fixed,23859592
fixed,23323528
fixed,23659678
fixed,23762606
fixed,23664086
fixed,23417316
fixed,23547730
fixed,23071960
fixed,23297350
fixed,23688474
fixed,23686136
fixed,23391748
fixed,23632514
fixed,23493402
fixed,22660918
fixed,23290140
fixed,23523168
fixed,23612448
fixed,23138630
fixed,22887116
fixed,23285624
fixed,23426444
fixed,23657868
fixed,23680922
fixed,23584484
fixed,23832620
fixed,23846308
fixed,25287054
fixed,23609870
fixed,23360700
fixed,23086350
fixed,23401368
fixed,22974112
fixed,23646918
fixed,23696074
fixed,23186084
fixed,23294888
fixed,23704156
fixed,23877040
fixed,23344336
fixed,23337330
fixed,23565112
fixed,23868474
fixed,23590454
fixed,23672454
fixed,23499682
fixed,24094572
fixed,23991680
fixed,23782658
fixed,23453474
fixed,23543886
fixed,23817080
fixed,23659006
fixed,23541114
fixed,23371280
fixed,23834356
fixed,23507564
fixed,23815816
fixed,23547758
fixed,23415850
fixed,23908302
fixed,23291322
fixed,23827370
fixed,23708400
fixed,24014430
fixed,23849188
fixed,23050092
fixed,23696978
fixed,23956522
fixed,23559142
fixed,23693562
fixed,23816026
fixed,23471876
fixed,23477728
fixed,23730330
fixed,23008844
fixed,23788520
fixed,23335798
fixed,23783492
fixed,22696014
fixed,23431832
fixed,23806322
fixed,23546732
fixed,23166386
fixed,23801198
fixed,25816488
fixed,23581838
fixed,23987128
fixed,23589632
fixed,23602712
fixed,22836376
fixed,22934630
fixed,23398216
fixed,23342206
fixed,23773140
fixed,23683774
fixed,24162448
fixed,24059154
fixed,23722106
fixed,23422878
fixed,23647672
fixed,23778434
fixed,23799846
fixed,23630614
fixed,23253134
fixed,23782474
fixed,23373610
fixed,23507326
fixed,23548976
fixed,23471256
fixed,23048898
fixed,23308262
fixed,23449316
fixed,23747788
fixed,23774500
fixed,23432280
fixed,23225942
fixed,23490312
fixed,23579394
fixed,23469416
fixed,24464664
fixed,24156466
fixed,23523342
fixed,23711334
fixed,23259258
fixed,23088818
fixed,23305840
fixed,23709760
fixed,23443100
fixed,23411690
fixed,23512302
fixed,23166048
fixed,23998632
fixed,23802256
fixed,23574896
fixed,23709482
fixed,23082334
fixed,24888414
fixed,23601834
fixed,23323472
fixed,24063986
fixed,23860592
fixed,23761256
fixed,23646228
fixed,23117826
fixed,23156120
fixed,23579930
fixed,23809384
fixed,23288940
fixed,23583912
fixed,22823532
fixed,24736482
fixed,23719340
fixed,23528366
fixed,23396960
fixed,23602772
fixed,23675998
fixed,23545750
fixed,23728916
fixed,23445204
fixed,23714696
fixed,23447832
fixed,23384080
fixed,23567588
fixed,23760858
fixed,23694960
fixed,23547702
fixed,23380866
fixed,23702432
fixed,23409404
fixed,23465800
fixed,23763812
fixed,23708074
fixed,23482194
fixed,23457496
fixed,23571408
fixed,23602734
fixed,23005966
fixed,23557324
fixed,23612444
fixed,23300140
fixed,22998574
fixed,23373438
fixed,23339998
fixed,23063926
fixed,23170568
fixed,23926388
fixed,23536776
fixed,23594352
fixed,22965186
fixed,23787336
fixed,24211734
fixed,23648974
fixed,23618110
fixed,23662814
fixed,23658092
fixed,23448940
fixed,23585178
fixed,23899274
fixed,23726772
fixed,23228562
fixed,23589608
fixed,23578158
fixed,23740306
fixed,23602984
fixed,23700630
fixed,23552294
fixed,23385998
fixed,24669412
fixed,23459786
fixed,23524774
fixed,22941650
fixed,23463042
fixed,23481900
fixed,23427144
fixed,23664008
fixed,23481080
fixed,23635754
fixed,23215876
fixed,23806066
fixed,23476336
fixed,23760784
fixed,23311974
fixed,23637242
fixed,23883354
fixed,23799504
fixed,23846746
fixed,23673952
fixed,23909862
fixed,23610266
fixed,23545980
fixed,23723756
fixed,23571052
fixed,23694286
fixed,23554302
fixed,23724608
fixed,23568798
fixed,23519674
fixed,23055304
fixed,23704730
fixed,23601680
fixed,23488886
fixed,23570126
fixed,23637974
fixed,23453422
fixed,23666962
fixed,23443682
fixed,23600930
fixed,23991234
fixed,23726218
fixed,23275962
fixed,23828856
fixed,23814198
fixed,23747232
fixed,23728222
fixed,24043564
fixed,23802650
fixed,23676566
fixed,23875430
fixed,23623500
fixed,23660536
fixed,23688134
fixed,24024476
fixed,23655278
fixed,23761832
fixed,23381862
fixed,23162272
fixed,23300990
fixed,23661122
fixed,22618910
fixed,23761162
fixed,23462716
fixed,23091314
fixed,23595152
fixed,23549050
fixed,23830286
fixed,23128758
fixed,23373736
fixed,23594752
fixed,24135036
fixed,23726816
fixed,23403142
fixed,23742784
fixed,23728056
fixed,23706588
fixed,23764108
fixed,23717050
fixed,23912132
fixed,23946154
fixed,23660080
fixed,24015164
fixed,23890018
fixed,23730926
fixed,23611576
fixed,23391192
fixed,23816320
fixed,23589844
fixed,23939614
fixed,23765488
fixed,23451460
fixed,23725044
fixed,23698746
fixed,22786148
fixed,23212906
fixed,23588954
fixed,23538104
fixed,23671756
fixed,23845524
fixed,23376324
fixed,23275794
fixed,23601024
fixed,23835454
fixed,23622886
fixed,23980698
fixed,23612716
fixed,23484390
fixed,23725810
fixed,23438570
fixed,23567134
fixed,22962504
fixed,22918584
fixed,23569106
fixed,23580880
fixed,23597326
fixed,23584250
fixed,23484580
fixed,23425532
fixed,23674690
fixed,23519704
fixed,23617578
fixed,23320134
fixed,23547704
fixed,23758606
fixed,23339930
fixed,23226996
fixed,23755812
fixed,23572148
fixed,23400000
fixed,23668850
fixed,23495440
fixed,23864158
fixed,23446302
fixed,23803820
fixed,22925516
fixed,23601496
fixed,22987320
fixed,23568896
fixed,22894278
fixed,23294468
fixed,23735822
fixed,23274130
fixed,23668278
fixed,23202650
fixed,24030774
fixed,22574218
fixed,22768734
fixed,21996198
fixed,22754738
fixed,23670874
fixed,23413710
fixed,22708568
fixed,23340628
fixed,24054370
fixed,23560620
fixed,23583388
fixed,23570206
fixed,23631164
fixed,23226968
fixed,23370566
fixed,23661466
fixed,23710098
fixed,23583790
fixed,23647430
fixed,24047932
fixed,23898018
fixed,22988854
fixed,23718696
fixed,23544008
fixed,22874986
fixed,23836404
fixed,23120220
fixed,23138990
fixed,23581730
fixed,23333082
fixed,23533516
fixed,22571462
fixed,22680192
fixed,22737380
fixed,23333940
fixed,23162054
fixed,23701012
fixed,23033782
fixed,22155600
fixed,22680962
fixed,23594948
fixed,23270618
fixed,23726246
fixed,23010274
fixed,22999894
fixed,22914840
fixed,23150334
fixed,23112992
fixed,23418488
fixed,23559160
fixed,23084510
fixed,23463874
fixed,23358312
fixed,22978308
fixed,23794332
fixed,23029152
fixed,23474638
fixed,22480054
fixed,22778198
fixed,23948698
fixed,23140790
fixed,23135854
fixed,23774692
fixed,23446642
fixed,23519666
fixed,22903134
fixed,23544200
fixed,23401880
fixed,23624522
fixed,23555706
fixed,23643160
fixed,23656232
fixed,23501808
fixed,23917778
fixed,24145520
fixed,25187558
fixed,24931940
fixed,23660428
fixed,23659270
fixed,23896244
fixed,23684718
fixed,23858472
fixed,23614556
fixed,23461578
fixed,23408830
fixed,23593996
fixed,23685804
fixed,23528290
fixed,23577464
fixed,23717942
fixed,24021640
fixed,23326156
fixed,23733124
fixed,23753202
fixed,23617304
fixed,23650750
fixed,23569734
fixed,23783750
fixed,23737208
fixed,23533888
fixed,23445394
fixed,23673392
fixed,23663190
fixed,23643954
fixed,23714738
fixed,23662382
fixed,23679510
fixed,23985834
fixed,23723904
fixed,23980588
fixed,24382384
fixed,23964680
fixed,23979538
fixed,23980666
fixed,23782078
fixed,23718478
fixed,23409068
fixed,23494670
fixed,23379466
fixed,24015506
fixed,23484852
fixed,23817004
fixed,23912548
fixed,23839150
fixed,24022006
fixed,23910640
fixed,23829460
fixed,23952166
fixed,24173162
fixed,24793578
fixed,23901612
fixed,23610148
fixed,23631120
fixed,23735354
fixed,23648786
fixed,23676690
fixed,23545300
fixed,23623848
fixed,23658102
fixed,23886666
fixed,24642728
fixed,23812208
fixed,23789952
fixed,23701150
fixed,24154560
fixed,23978710
fixed,23870126
fixed,23715706
fixed,23651356
fixed,23523400
fixed,23468206
fixed,23533594
fixed,23946500
fixed,23544764
fixed,23847392
fixed,23560454
fixed,23676194
fixed,23683152
fixed,23635800
fixed,23411566
fixed,23698894
fixed,24010096
fixed,24407354
fixed,23558950
fixed,23331044
fixed,23399506
fixed,23958418
fixed,23767938
fixed,23635278
fixed,23725564
fixed,23681610
fixed,23519408
fixed,23118696
fixed,23661326
fixed,23706256
fixed,23659164
fixed,23792776
fixed,23776000
fixed,23776310
fixed,23756912
fixed,23246030
fixed,23884256
fixed,23454514
fixed,23745864
fixed,23329212
fixed,23891544
fixed,23607932
fixed,23455196
fixed,23363622
fixed,23976904
fixed,24298324
fixed,24058410
fixed,23732380
fixed,23730032
fixed,23760352
fixed,23763338
fixed,24071286
fixed,24188344
fixed,22942160
fixed,23577684
fixed,23402002
fixed,23437486
fixed,23384492
fixed,23474538
fixed,23491250
fixed,23585208
fixed,22818206
fixed,22917720
fixed,22534752
fixed,23744244
fixed,23756070
fixed,23665710
fixed,25820008
fixed,24014922
fixed,23496330
fixed,22832788
fixed,23361926
fixed,23634680
fixed,23674358
fixed,24186618
fixed,24102474
fixed,23871394
fixed,23957802
fixed,23651524
fixed,24038228
fixed,23674534
fixed,23609614
fixed,23573790
fixed,23694174
fixed,23529528
fixed,23184276
fixed,23447388
fixed,23370102
fixed,23520882
fixed,23673306
fixed,23673554
fixed,23662960
fixed,24060924
fixed,23889702
fixed,23756106
fixed,23741472
fixed,23679700
fixed,23681772
fixed,23919200
fixed,23793430
fixed,24218492
fixed,24167240
fixed,24967252
fixed,24112736
fixed,23985736
fixed,23864188
fixed,23214042
fixed,23472226
fixed,23735468
fixed,23714938
fixed,23742230
fixed,23840130
fixed,23671516
fixed,23647908
fixed,23642636
fixed,23383286
fixed,23651480
fixed,23549284
fixed,23383536
fixed,23760014
fixed,23548308
fixed,23936066
fixed,23457326
fixed,23136326
fixed,23714248
fixed,23746604
fixed,23737096
fixed,23701456
fixed,23741544
fixed,23732958
fixed,23674838
fixed,24003484
fixed,24102594
fixed,23759198
fixed,23798892
fixed,23773010
fixed,23689098
fixed,24142022
fixed,24140772
fixed,23848920
fixed,24108150
fixed,24052558
fixed,23953726
fixed,23778934
fixed,23973858
fixed,25696260
fixed,24071586
fixed,23797126
fixed,23717770
fixed,23824750
fixed,24019980
fixed,23973762
fixed,23895502
fixed,23800314
fixed,23709616
fixed,23743278
fixed,24385584
fixed,25544400
fixed,24829884
fixed,24217630
fixed,23767120
fixed,24136346
fixed,23808830
fixed,24046236
fixed,23827686
fixed,24149418
fixed,23852238
fixed,24259302
fixed,24207326
fixed,23807032
fixed,23953576
fixed,24086092
fixed,24097864
fixed,23897652
fixed,24263404
fixed,23778034
fixed,23862438
fixed,23907016
fixed,23868668
fixed,23870118
fixed,23838078
fixed,23823656
fixed,23684324
fixed,23579134
fixed,23746658
fixed,23472170
fixed,23297842
fixed,23776792
fixed,23668230
fixed,23692036
fixed,23571024
fixed,24637600
fixed,24584998
fixed,23670620
fixed,23793572
fixed,23941088
fixed,23859630
fixed,23855552
fixed,23768678
fixed,24041402
fixed,23896916
fixed,23806660
fixed,24402338
fixed,23961190
fixed,24358878
fixed,23972872
fixed,25799898
fixed,24023510
fixed,23823962
fixed,24265722
fixed,23869034
fixed,23771898
fixed,23856146
fixed,23790428
fixed,23792040
fixed,24222396
fixed,24024658
fixed,23860320
fixed,23837950
fixed,23846574
fixed,24040090
fixed,24439438
fixed,24051108
fixed,23843386
fixed,23810294
fixed,23854408
fixed,24375506
fixed,24239786
fixed,24278540
fixed,23999380
fixed,24038040
fixed,23975624
fixed,24096020
fixed,24076542
fixed,24331990
fixed,23878242
fixed,23796774
fixed,23757308
fixed,24138036
fixed,23799546
fixed,23895400
fixed,23837060
fixed,23969370
fixed,24095322
fixed,24069376
fixed,23890584
fixed,24166670
fixed,25657060
fixed,23873272
fixed,24033316
fixed,23866264
fixed,23789318
fixed,23899742
fixed,24384518
fixed,23789250
fixed,23944200
fixed,24283102
fixed,23874088
fixed,23894008
fixed,23783962
fixed,23766182
fixed,23793190
fixed,23780820
fixed,24171458
fixed,24638108
fixed,24252578
fixed,24366682
fixed,24418938
fixed,24106752
fixed,23772834
fixed,24564564
fixed,24673060
fixed,24245586
fixed,23915542
fixed,23742452
fixed,23978762
fixed,23823174
fixed,23823186
fixed,24449870
fixed,24185040
fixed,23877080
fixed,23760164
fixed,23821692
fixed,23903088
fixed,23834250
fixed,24122326
fixed,23877292
fixed,24160226
fixed,23990416
fixed,24020362
fixed,23773186
fixed,23751034
fixed,23813080
fixed,23930736
fixed,23836788
fixed,24150768
fixed,24192014
fixed,24111306
fixed,23975092
fixed,24053582
fixed,25417574
fixed,23833902
fixed,24016498
fixed,23867424
fixed,23806456
fixed,24024632
fixed,24052428
fixed,23902894
fixed,23900922
fixed,23855258
fixed,23849706
fixed,24206944
fixed,24048840
fixed,24340720
fixed,24274086
fixed,23838604
fixed,23806762
fixed,24000574
fixed,24213402
fixed,23814970
fixed,24037780
fixed,23895728
fixed,25093194
fixed,24641542
fixed,24010164
fixed,24157320
fixed,24076108
fixed,23778202
fixed,23802130
fixed,23931228
fixed,23822000
fixed,24257472
fixed,24120972
fixed,24074236
fixed,24258066
fixed,23812688
fixed,23770238
fixed,23744528
fixed,23955152
fixed,24044154
fixed,23715572
fixed,23707674
fixed,24012106
fixed,24050312
fixed,24118450
fixed,23895462
fixed,23839624
fixed,23893990
fixed,24902510
fixed,24160950
fixed,23768714
fixed,23825408
fixed,24344972
fixed,23793794
fixed,23798592
fixed,23736310
fixed,23495792
fixed,23811818
fixed,23414000
fixed,23638804
fixed,23497876
fixed,23683212
fixed,22495008
fixed,23399162
fixed,23297580
fixed,24252504
fixed,23989966
fixed,23855406
fixed,23905994
fixed,23837142
fixed,23757776
fixed,24212926
fixed,24181086
fixed,23808400
fixed,23754370
fixed,23831468
fixed,23761110
fixed,23892880
fixed,23983982
fixed,23768198
fixed,23820218
fixed,24152126
fixed,23878408
fixed,23818602
fixed,22904134
fixed,23784140
fixed,23452726
fixed,23922172
fixed,23471756
fixed,23905378
fixed,23785540
fixed,23755968
fixed,23839614
fixed,24286136
fixed,24177712
fixed,24797200
fixed,23797854
fixed,24169378
fixed,24251512
fixed,23791180
fixed,23941424
fixed,23810564
fixed,23743960
fixed,23495588
fixed,23030628
fixed,23955890
fixed,23146898
fixed,22488908
fixed,23125744
fixed,23121758
fixed,23354076
fixed,23589254
fixed,23141138
fixed,22650072
fixed,23504112
fixed,23620134
fixed,23953014
fixed,23830322
fixed,23622606
fixed,22957478
fixed,22960168
fixed,23492682
fixed,23856544
fixed,23492658
fixed,23477620
fixed,23618272
fixed,23041770
fixed,23188094
fixed,22756114
fixed,23286782
fixed,22900556
fixed,22694746
fixed,23178680
fixed,22902826
fixed,22664832
fixed,22918128
fixed,23106334
fixed,23184492
fixed,23477546
fixed,23345910
fixed,23737888
fixed,22325776
fixed,22602520
fixed,22771764
fixed,22912618
fixed,22399716
fixed,22646452
fixed,22980546
fixed,23167162
fixed,23377970
fixed,22715432
fixed,23334282
fixed,23107626
fixed,22207466
fixed,22601264
fixed,22957544
fixed,22581414
fixed,22931186
fixed,22871672
fixed,23271126
fixed,23732804
fixed,23589276
fixed,22718932
fixed,24312152
fixed,23841248
fixed,23607598
fixed,23074006
fixed,22814804
fixed,22595058
fixed,23398082
fixed,23516890
fixed,23802002
fixed,23689580
fixed,23813742
fixed,23622312
fixed,23580730
fixed,23780136
fixed,23665524
fixed,23469186
fixed,23113098
fixed,22793338
fixed,23807840
fixed,23263810
fixed,23780772
fixed,23582526
fixed,23893562
fixed,22814216
fixed,23202654
fixed,23191174
fixed,22463382
fixed,23131076
fixed,23384054
fixed,23540852
fixed,23594618
fixed,22882914
fixed,23251978
fixed,22757798
fixed,22577014
fixed,23603594
fixed,23604506
fixed,23436178
fixed,23158060
fixed,23652352
fixed,23146094
fixed,23581046
fixed,23496446
fixed,23608122
fixed,23786968
fixed,22706946
fixed,23359298
fixed,23635534
fixed,23322864
fixed,23718318
fixed,23806062
fixed,23843228
fixed,22871168
fixed,23241300
fixed,23093952
fixed,23451922
fixed,23295854
fixed,23599802
fixed,23605324
fixed,23544600
fixed,23608382
fixed,23799170
fixed,23477332
fixed,23674618
fixed,23668516
fixed,23453286
fixed,22847318
fixed,23558878
fixed,23576538
fixed,23589066
fixed,23048230
fixed,23590646
fixed,23828914
fixed,22801970
fixed,23628552
fixed,23925332
fixed,23715322
fixed,23454870
fixed,23932584
fixed,23959734
fixed,23541802
fixed,22928524
fixed,23781136
fixed,23878134
fixed,23535662
fixed,23936670
fixed,23219148
fixed,23829454
fixed,23554932
fixed,22761768
fixed,23235764
fixed,23651712
fixed,23535958
fixed,23145072
fixed,25101054
fixed,24251024
fixed,24261646
fixed,23750508
fixed,23402876
fixed,22904852
fixed,23503666
fixed,23089054
fixed,23132008
fixed,23514334
fixed,23228294
fixed,22875182
fixed,23360342
fixed,23786650
fixed,22425160
fixed,23720506
fixed,23284348
fixed,24215652
fixed,23657656
fixed,23234400
fixed,23076894
fixed,23029682
fixed,23144750
fixed,22803592
fixed,23482516
fixed,24244534
fixed,24073174
fixed,22714750
fixed,23219580
fixed,23122132
fixed,22899608
fixed,23434654
fixed,23451682
fixed,24599626
fixed,23266510
fixed,22966762
fixed,23129098
fixed,23648704
fixed,23142996
fixed,23014054
fixed,23312096
fixed,23544320
fixed,23336380
fixed,22935556
fixed,22975888
fixed,22896904
fixed,22556376
fixed,23345096
fixed,23805228
fixed,23475046
fixed,23061932
fixed,25037460
fixed,24277844
fixed,23376522
fixed,23942292
fixed,23194162
fixed,22622652
fixed,22979244
fixed,22576910
fixed,23632400
fixed,22433852
fixed,23606674
fixed,23564972
fixed,23585990
fixed,22708934
fixed,23434552
fixed,23607370
fixed,23036968
fixed,23217158
fixed,22604724
fixed,22961990
fixed,23481436
fixed,24570976
fixed,23887958
fixed,23365042
fixed,22902554
fixed,22978380
fixed,23502726
fixed,23428958
fixed,22900588
fixed,22937002
fixed,23436678
fixed,23625638
fixed,22333384
fixed,23403090
fixed,23847096
fixed,22796836
fixed,23429246
fixed,24738520
fixed,23666730
fixed,23511502
fixed,23942320
fixed,23506100
fixed,23054530
fixed,22953822
fixed,22772268
fixed,23472184
fixed,23643230
fixed,23390950
fixed,23356296
fixed,23290944
fixed,23742372
fixed,23015198
fixed,22949674
fixed,24368524
fixed,23793234
fixed,23713502
fixed,23211714
fixed,22652012
fixed,23602568
fixed,24097590
fixed,23349806
fixed,23427496
fixed,22810648
fixed,23262244
fixed,23909894
fixed,23702506
fixed,22925728
fixed,23550690
fixed,23495968
fixed,24327098
fixed,23619382
fixed,23807552
fixed,23611810
fixed,23263382
fixed,23136956
fixed,23522368
fixed,23496774
fixed,23477408
fixed,23221800
fixed,23345642
fixed,22971462
fixed,22606998
fixed,23550136
fixed,23680162
fixed,22939314
fixed,25803494
fixed,23503952
fixed,23745014
fixed,23280460
fixed,23277056
fixed,22560568
fixed,23499278
fixed,24079664
fixed,23746296
fixed,23236970
fixed,23153810
fixed,23495576
fixed,23272912
fixed,23173708
fixed,23069226
fixed,23938516
fixed,23735968
fixed,23035340
fixed,23824370
fixed,23165626
fixed,22781166
fixed,23617248
fixed,23397422
fixed,23911414
fixed,23742666
fixed,23647504
fixed,23700180
fixed,23181940
fixed,25961358
fixed,24429698
fixed,24128694
fixed,23273808
fixed,23647350
fixed,23383136
fixed,23688066
fixed,24049378
fixed,23786206
fixed,23837922
fixed,23986760
fixed,22901910
fixed,23327704
fixed,22522582
fixed,23164848
fixed,22616092
fixed,22847850
fixed,23486796
fixed,22808594
fixed,22780244
fixed,23365116
fixed,23020690
fixed,23840282
fixed,23040060
fixed,23798036
fixed,23848288
fixed,23744524
fixed,23498734
fixed,23229650
fixed,22860060
fixed,22726594
fixed,23271672
fixed,23397734
fixed,23766618
fixed,23886244
fixed,23680238
fixed,23617744
fixed,23190206
fixed,22765634
fixed,22820618
fixed,23476418
fixed,22914166
fixed,23436344
fixed,22825350
fixed,22539568
fixed,22374528
fixed,22952282
fixed,23079410
fixed,22527328
fixed,23179896
fixed,23441872
fixed,22687684
fixed,23282898
fixed,23617682
fixed,23815346
fixed,23342632
fixed,23051248
fixed,23365526
fixed,23338380
fixed,23129208
fixed,23246632
fixed,23838774
fixed,23807418
fixed,23753540
fixed,22138936
fixed,23663022
fixed,23778530
fixed,22730554
fixed,23016366
fixed,23049660
fixed,23451026
fixed,22769366
fixed,22403058
fixed,23517598
fixed,22956136
fixed,22627798
fixed,22977642
fixed,22620624
fixed,22825474
fixed,22612094
fixed,22992564
fixed,22594676
fixed,22771342
fixed,22371646
fixed,22578442
fixed,22565248
fixed,23404728
fixed,23718822
fixed,23015528
fixed,23879414
fixed,23037932
fixed,23142584
fixed,23108944
fixed,23177718
fixed,22973274
fixed,23288518
fixed,23732126
fixed,23427526
fixed,23721874
fixed,23314872
fixed,23476892
fixed,22876772
fixed,23071264
fixed,23581548
fixed,23018892
fixed,23027066
fixed,23482778
fixed,23151204
fixed,23242276
fixed,22784228
fixed,22401560
fixed,23659690
fixed,23691262
fixed,22562394
fixed,22612820
fixed,22726258
fixed,22849612
fixed,23227652
fixed,22808142
fixed,22619126
fixed,22896942
fixed,23435532
fixed,23380836
fixed,23795874
fixed,23420708
fixed,23257134
fixed,23242598
fixed,23168080
fixed,24115978
fixed,23382612
fixed,23299292
fixed,23592910
fixed,22929316
fixed,23382092
fixed,22592740
fixed,23550252
fixed,24263952
fixed,23647504
fixed,23447948
fixed,22790244
fixed,23260022
fixed,23210432
fixed,22966448
fixed,22981542
fixed,23492556
fixed,23337888
fixed,23445676
fixed,23501952
fixed,24376056
fixed,24193954
fixed,23321930
fixed,23598770
fixed,23464070
fixed,23596890
fixed,23300574
fixed,22998078
fixed,23217570
fixed,23448980
fixed,24115702
fixed,23735250
fixed,23556294
fixed,22931668
fixed,23904396
fixed,23723004
fixed,23576382
fixed,23740160
fixed,24006732
fixed,24323752
fixed,23945216
fixed,23194458
fixed,22950568
fixed,23327758
fixed,23173210
fixed,23027580
fixed,22971560
fixed,23716134
fixed,23034368
fixed,22791922
fixed,22296146
fixed,23207070
fixed,23291418
fixed,22864364
fixed,23168628
fixed,23570436
fixed,23570706
fixed,25002884
fixed,24247218
fixed,23220092
fixed,24051904
fixed,22519688
fixed,23479144
fixed,23113274
fixed,23057136
fixed,23218432
fixed,23480674
fixed,23202990
fixed,23858672
fixed,23569540
fixed,23075260
fixed,23474770
fixed,22728888
fixed,23892400
fixed,23323496
fixed,23527574
fixed,23166940
fixed,23065758
fixed,25218300
fixed,24107112
fixed,23745954
fixed,23872312
fixed,23138800
fixed,23054006
fixed,23388334
fixed,23793158
fixed,23736796
fixed,23732230
fixed,23904546
fixed,23739498
fixed,22684864
fixed,22371248
fixed,23291250
fixed,23452794
fixed,23210560
fixed,23301776
fixed,23612592
fixed,23383204
fixed,23526128
fixed,23533292
fixed,23731030
fixed,23155612
fixed,22911660
fixed,23169704
fixed,23602436
fixed,23531022
fixed,23993436
fixed,23800556
fixed,23253384
fixed,23761760
fixed,23594452
fixed,22991186
fixed,25459138
fixed,23486708
fixed,23326412
fixed,23652612
fixed,22804424
fixed,22996444
fixed,21722638
fixed,23029196
fixed,22823048
fixed,22998830
fixed,23550260
fixed,22355958
fixed,23414876
fixed,22825626
fixed,23042766
fixed,23270158
fixed,22892018
fixed,22415342
fixed,23750958
fixed,23805124
fixed,22812896
fixed,22737562
fixed,23195126
fixed,22845222
fixed,22701784
fixed,23147426
fixed,22953070
fixed,24007770
fixed,23348806
fixed,23279564
fixed,22655636
fixed,22698744
fixed,23534532
fixed,23226326
fixed,22445922
fixed,23499804
fixed,22855084
fixed,23194770
fixed,23060328
fixed,23317432
fixed,23387132
fixed,22361948
fixed,23240166
fixed,23535066
fixed,23109590
fixed,22871348
fixed,23579214
fixed,22827954
fixed,23753384
fixed,22846880
fixed,23652262
fixed,23592608
fixed,23349444
fixed,23246856
fixed,23754926
fixed,26229128
fixed,23187882
fixed,22539072
fixed,22081842
fixed,22840206
fixed,23273870
fixed,23150740
fixed,22886012
fixed,23254970
fixed,23385612
fixed,23455904
fixed,24055476
fixed,23017704
fixed,22845752
fixed,23425382
fixed,25209816
fixed,23747816
fixed,23242486
fixed,24030254
fixed,22912382
fixed,23078394
fixed,23556054
fixed,23370986
fixed,23953774
fixed,23066990
fixed,23412810
fixed,23358014
fixed,22861872
fixed,23187334
fixed,23463180
fixed,24159128
fixed,23233092
fixed,23342594
fixed,23137062
fixed,24015120
fixed,23502016
fixed,22735118
fixed,25767804
fixed,24305548
fixed,24140144
fixed,23808516
fixed,23378488
fixed,23437656
fixed,23941068
fixed,23295512
fixed,23704938
fixed,23747744
fixed,23621446
fixed,23768528
fixed,22934146
fixed,23862118
fixed,23424150
fixed,23329546
fixed,23390772
fixed,23124378
fixed,23589232
fixed,23779918
fixed,23662764
fixed,23488088
fixed,23052728
fixed,23259830
fixed,22821446
fixed,23564648
fixed,23475978
fixed,23342878
fixed,24154938
fixed,23080876
fixed,23133884
fixed,23396554
fixed,23670556
fixed,23553908
fixed,23088906
fixed,23450194
fixed,23725982
fixed,23893760
fixed,22994420
fixed,22573000
fixed,23965312
fixed,23828570
fixed,23705530
fixed,23832224
fixed,23067712
fixed,22951770
fixed,23344864
fixed,22936548
fixed,23533800
fixed,23731020
fixed,23404258
fixed,23923632
fixed,23460478
fixed,23831310
fixed,23729938
fixed,23562202
fixed,23140672
fixed,23686978
fixed,23183824
fixed,23689896
fixed,22939550
fixed,22397044
fixed,23336184
fixed,23046328
fixed,23062418
fixed,23605640
fixed,23065222
fixed,23269686
fixed,23022192
fixed,22797942
fixed,22428494
fixed,23373998
fixed,23294188
fixed,22083710
fixed,23753680
fixed,22181852
fixed,22282746
fixed,22579452
fixed,22749720
fixed,22666754
fixed,23558968
fixed,23195110
fixed,22722426
fixed,23221968
fixed,23538892
fixed,23460668
fixed,23294208
fixed,23483094
fixed,22596004
fixed,22208724
fixed,23570948
fixed,23353278
fixed,21772234
fixed,22277368
fixed,23322548
fixed,23091614
fixed,23439050
fixed,22896538
fixed,23175870
fixed,22972526
fixed,22890720
fixed,22878320
fixed,22446984
fixed,23075434
fixed,23824992
fixed,23288750
fixed,23096166
fixed,23135980
fixed,22310126
fixed,24221746
fixed,23805168
fixed,23804576
fixed,23652708
fixed,23753246
fixed,22121310
fixed,22915624
fixed,23037136
fixed,22501736
fixed,23533268
fixed,23583308
fixed,23170030
fixed,23453482
fixed,23537616
fixed,23926880
fixed,23766888
fixed,23600444
fixed,22679128
fixed,22832824
fixed,22638610
fixed,26685560
fixed,22972924
fixed,23091800
fixed,23445724
fixed,22973676
fixed,23038372
fixed,23716940
fixed,23650016
fixed,22962314
fixed,23409888
fixed,23042498
fixed,23097186
fixed,22474216
fixed,23181688
fixed,23630706
fixed,23027114
fixed,23719906
fixed,23060170
fixed,23338016
fixed,23623954
fixed,23006440
fixed,23072126
fixed,23752886
fixed,23567936
fixed,23541614
fixed,23592014
fixed,23642436
fixed,23612446
fixed,22325840
fixed,23821342
fixed,22997790
fixed,23069864
fixed,23104024
fixed,23294854
fixed,23799812
fixed,23690946
fixed,23095808
fixed,23664012
fixed,23536668
fixed,23720606
fixed,23411840
fixed,23552944
fixed,23735374
fixed,23860904
fixed,23421756
fixed,22670252
fixed,22444874
fixed,23452724
fixed,23188650
fixed,22489612
fixed,23657976
fixed,22950548
fixed,23295480
fixed,23271488
fixed,23783038
fixed,22992690
fixed,23458358
fixed,23189594
fixed,22253364
fixed,23200234
fixed,23605462
fixed,23466898
fixed,23113864
fixed,23340946
fixed,23330328
fixed,23134676
fixed,23443194
fixed,23840222
fixed,23500418
fixed,24236694
fixed,22999782
fixed,23629886
fixed,23916704
fixed,23809936
fixed,23710486
fixed,23722568
fixed,23839402
fixed,23563434
fixed,23711082
fixed,23551390
fixed,23288838
fixed,23753870
fixed,23434706
fixed,23203728
fixed,22980076
fixed,23779896
fixed,23645900
fixed,23860986
fixed,23884526
fixed,23679800
fixed,23365368
fixed,23074508
fixed,23738894
fixed,23340128
fixed,23500332
fixed,23800488
fixed,23743844
fixed,23743536
fixed,24108826
fixed,23487010
fixed,23091532
fixed,22616056
fixed,23447736
fixed,23787958
fixed,23733642
fixed,23491042
fixed,23712190
fixed,23502886
fixed,23055828
fixed,23307764
fixed,22718714
fixed,23416100
fixed,23615030
fixed,23405900
fixed,23004320
fixed,23698510
fixed,23909492
fixed,23827278
fixed,23691696
fixed,23624516
fixed,23092220
fixed,23557900
fixed,23014312
fixed,22654282
fixed,23257842
fixed,22788890
fixed,23486494
fixed,23721846
fixed,22643640
fixed,23747928
fixed,23118046
fixed,23267874
fixed,23408464
fixed,23650360
fixed,23028900
fixed,23244034
fixed,23467210
fixed,23486708
fixed,23248314
fixed,23121648
fixed,23383540
fixed,23531542
fixed,23773184
fixed,23451402
fixed,23615250
fixed,22862054
fixed,23774028
fixed,22711182
fixed,23201684
fixed,23205028
fixed,23499372
fixed,23251810
fixed,23285332
fixed,23229128
fixed,23392146
fixed,23785486
fixed,23230270
fixed,23305388
fixed,23769632
fixed,23325216
fixed,23264828
fixed,23259074
fixed,23594022
fixed,23321672
fixed,23734944
fixed,23863454
fixed,23545058
fixed,23615546
fixed,23662602
fixed,22802124
fixed,23509952
fixed,23428672
fixed,23147330
fixed,23067240
fixed,23536868
fixed,23447692
fixed,23512508
fixed,23314248
fixed,23175638
fixed,22807376
fixed,22674548
fixed,23496510
fixed,23526932
fixed,23230556
fixed,23694052
fixed,23566046
fixed,23599628
fixed,23661304
fixed,23185644
fixed,22463100
fixed,22986400
fixed,23191456
fixed,23416476
fixed,23697576
fixed,23600492
fixed,23258102
fixed,23135402
fixed,23322192
fixed,23469236
fixed,22878828
fixed,23288412
fixed,23339164
fixed,22700230
fixed,23150832
fixed,23620520
fixed,23633152
fixed,23257520
fixed,22137104
fixed,23555416
fixed,23585950
fixed,23547846
fixed,23681398
fixed,23426118
fixed,23679866
fixed,23356674
fixed,23907278
fixed,23414736
fixed,23777510
fixed,23333970
fixed,22565430
fixed,23568626
fixed,23675412
fixed,23368406
fixed,23270504
fixed,23890912
fixed,22945484
fixed,23271018
fixed,23903702
fixed,23256586
fixed,23122880
fixed,23709884
fixed,23387414
fixed,23326074
fixed,23484270
fixed,23467358
fixed,23325412
fixed,23559562
fixed,22740006
fixed,23305174
fixed,23580186
fixed,23549370
fixed,23564864
fixed,22658532
fixed,22461862
fixed,23320682
fixed,23177296
fixed,23800904
fixed,23457862
fixed,23055628
fixed,23219464
fixed,23212312
fixed,23386470
fixed,23621812
fixed,23534934
fixed,23219080
fixed,23438380
fixed,22907786
fixed,23148464
fixed,23500788
fixed,24971100
fixed,23843558
fixed,23733864
fixed,23391822
fixed,22945650
fixed,23142020
fixed,23137162
fixed,22797352
fixed,22613282
fixed,23257742
fixed,23217708
fixed,23041282
fixed,23689212
fixed,22969920
fixed,23185976
fixed,22502456
fixed,21942200
fixed,22978224
fixed,23298414
fixed,23031666
fixed,22936456
fixed,24392598
fixed,22857346
fixed,23483602
fixed,22930106
fixed,23066192
fixed,23539356
fixed,23127128
fixed,22630140
fixed,23195774
fixed,23574860
fixed,24057364
fixed,22894426
fixed,23652352
fixed,23420542
fixed,22884524
fixed,23406010
fixed,23876830
fixed,23637952
fixed,23586202
fixed,23111822
fixed,25714278
fixed,23724464
fixed,23711832
fixed,23834736
fixed,22880794
fixed,23264552
fixed,23771584
fixed,23639042
fixed,23807224
fixed,23495614
fixed,23479794
fixed,23186764
fixed,22938022
fixed,23677334
fixed,23728172
fixed,24024744
fixed,23591390
fixed,23080386
fixed,23160156
fixed,23027446
fixed,23339896
fixed,23670178
fixed,23461500
fixed,23736334
fixed,22978694
fixed,23661552
fixed,23659446
fixed,23965470
fixed,23236342
fixed,22945166
fixed,23739922
fixed,23299468
fixed,23419504
fixed,23101670
fixed,23817276
fixed,22863610
fixed,23084874
fixed,23822184
fixed,23651344
fixed,23526370
fixed,23625184
fixed,23427570
fixed,23665908
fixed,22843358
fixed,21971364
fixed,23547412
fixed,23517166
fixed,24078990
fixed,24871986
fixed,23162460
fixed,22857312
fixed,23232384
fixed,23410734
fixed,23004324
fixed,23237472
fixed,23590270
fixed,23627082
fixed,23883636
fixed,23600964
fixed,24002978
fixed,23742026
fixed,23232356
fixed,23736900
fixed,23562946
fixed,23272416
fixed,22787404
fixed,23369086
fixed,23091460
fixed,23125878
fixed,23541052
fixed,22991800
fixed,23589378
fixed,23496386
fixed,23204882
fixed,23349264
fixed,23969786
fixed,23681656
fixed,23439358
fixed,23598040
fixed,23492500
fixed,23715966
fixed,23756002
fixed,23445468
fixed,23523370
fixed,23055616
fixed,23030856
fixed,23604742
fixed,23125704
fixed,23293500
fixed,23581682
fixed,23821800
fixed,25533716
fixed,25199618
fixed,23890916
fixed,23725878
fixed,23324150
fixed,23603056
fixed,23203060
fixed,23177510
fixed,23634144
fixed,23012206
fixed,22929206
fixed,23274804
fixed,23506794
fixed,23542888
fixed,23249910
fixed,23645668
fixed,23181572
fixed,23773160
fixed,23717424
fixed,23698552
fixed,23382604
fixed,23620786
fixed,23584732
fixed,23193738
fixed,22895276
fixed,22935540
fixed,23008746
fixed,23552470
fixed,23337270
fixed,22815388
fixed,23394398
fixed,23438356
fixed,23756924
fixed,23817598
fixed,23691170
fixed,23526434
fixed,23542674
fixed,23625992
fixed,23836036
fixed,23767202
fixed,26482104
fixed,26765082
fixed,23873584
fixed,23722636
fixed,23320512
fixed,23278068
fixed,23061294
fixed,23222716
fixed,23869182
fixed,23694328
fixed,23684532
fixed,23027588
fixed,23147042
fixed,23737658
fixed,23601388
fixed,22867084
fixed,23220954
fixed,22596836
fixed,22773940
fixed,23163998
fixed,23433424
fixed,23008158
fixed,23261660
fixed,22603966
fixed,23640644
fixed,23521978
fixed,23497868
fixed,22822012
fixed,23611610
fixed,22701214
fixed,23308434
fixed,23893930
fixed,23456292
fixed,23584298
fixed,23131544
fixed,23116344
fixed,23999922
fixed,23604222
fixed,23676584
fixed,23826574
fixed,23785806
fixed,23295886
fixed,23594616
fixed,23297718
fixed,23354196
fixed,22749844
fixed,23212318
fixed,23830620
fixed,23606146
fixed,22514632
fixed,22881122
fixed,23721654
fixed,22814402
fixed,23797574
fixed,22950376
fixed,23130500
fixed,23839160
fixed,23416160
fixed,23900994
fixed,23228086
fixed,23428212
fixed,23283546
fixed,23468042
fixed,23167764
fixed,23627018
fixed,26387282
fixed,23253488
fixed,23033986
fixed,23008218
fixed,23153932
fixed,23339804
fixed,23544666
fixed,23325924
fixed,23540762
fixed,22805106
fixed,23421262
fixed,23239726
fixed,23519370
fixed,23319100
fixed,23811536
fixed,23824876
fixed,23569670
fixed,25734422
fixed,23785766
fixed,23404178
fixed,23642612
fixed,23540160
fixed,23105030
fixed,23380490
fixed,23250372
fixed,23674480
fixed,23883526
fixed,22891748
fixed,23007028
fixed,23061070
fixed,22971876
fixed,22961412
fixed,23327230
fixed,23558232
fixed,23422820
fixed,23424172
fixed,23715008
fixed,23324088
fixed,23968232
fixed,22747886
fixed,23328804
fixed,23666710
fixed,23614282
fixed,23626708
fixed,23162518
fixed,23408592
fixed,23796856
fixed,23466800
fixed,23458988
fixed,23475652
fixed,23006372
fixed,23139286
fixed,22508986
fixed,23139498
fixed,23880972
fixed,22415864
fixed,23840016
fixed,23174452
fixed,23872090
fixed,22299950
fixed,23462204
fixed,23132682
fixed,22588410
fixed,23495496
fixed,23306210
fixed,23268030
fixed,23068906
fixed,22888118
fixed,23781832
fixed,23731212
fixed,23757822
fixed,23459084
fixed,23599652
fixed,22854584
fixed,23122696
fixed,22921448
fixed,22760938
fixed,23604990
fixed,22879360
fixed,27632398
fixed,23932920
fixed,23522354
fixed,23164664
fixed,23329026
fixed,23204540
fixed,23220364
fixed,22737876
fixed,23009312
fixed,22866004
fixed,23220248
fixed,23422822
fixed,23141774
fixed,23227664
fixed,23386470
fixed,22684744
fixed,23167682
fixed,23522672
fixed,23444470
fixed,23265542
fixed,22432794
fixed,23290268
fixed,22868696
fixed,23529510
fixed,22599958
fixed,22868466
fixed,22230204
fixed,23615206
fixed,22848356
fixed,22768052
fixed,22795368
fixed,22766022
fixed,23187950
fixed,23928446
fixed,23770590
fixed,23573804
fixed,23630778
fixed,23374864
fixed,23450948
fixed,22693240
fixed,23313138
fixed,23577536
fixed,23240794
fixed,23730908
fixed,23574898
fixed,23864164
fixed,23608912
fixed,23481000
fixed,23435720
fixed,23437638
fixed,23070088
fixed,23850840
fixed,23487104
fixed,23265050
fixed,23135640
fixed,23539022
fixed,23237886
fixed,22799774
fixed,23515268
fixed,23640358
fixed,23449112
fixed,22859068
fixed,22985362
fixed,23596054
fixed,23747268
fixed,22756194
fixed,23043516
fixed,23938988
fixed,22693712
fixed,23716884
fixed,23234516
fixed,23527272
fixed,22993448
fixed,22905166
fixed,22740624
fixed,22955568
fixed,22919830
fixed,23783620
fixed,23664154
fixed,23170384
fixed,23611176
fixed,23725492
fixed,23687786
fixed,23906216
fixed,23119648
fixed,23631034
fixed,23373664
fixed,23776898
fixed,23738410
fixed,23612110
fixed,23905440
fixed,23685606
fixed,23733018
fixed,23214382
fixed,22959658
fixed,22933772
fixed,22989326
fixed,23346282
fixed,23730370
fixed,23447530
fixed,23480324
fixed,23034212
fixed,23382766
fixed,22926712
fixed,23217702
fixed,23860508
fixed,23921444
fixed,23625220
fixed,23003236
fixed,23510852
fixed,23583048
fixed,23496244
fixed,22860188
fixed,23180250
fixed,23740258
fixed,23878914
fixed,23462228
fixed,23321966
fixed,22625818
fixed,23541616
fixed,23625736
fixed,23533430
fixed,23825892
fixed,23889078
fixed,22623418
fixed,23537560
fixed,23564856
fixed,23015210
fixed,23838966
fixed,23763576
fixed,23375244
fixed,23671224
fixed,23591626
fixed,23497224
fixed,23315790
fixed,25429816
fixed,23993030
fixed,23715818
fixed,23489028
fixed,23610314
fixed,23049478
fixed,23019176
fixed,23019746
fixed,23445976
fixed,23086896
fixed,23009528
fixed,23267056
fixed,23625604
fixed,23553378
fixed,23723486
fixed,23818202
fixed,23764716
fixed,23198538
fixed,22971122
fixed,24527824
fixed,22563790
fixed,23631122
fixed,23839022
fixed,23114984
fixed,23694760
fixed,22776464
fixed,22920812
fixed,23625240
fixed,24011640
fixed,22979402
fixed,23519604
fixed,23946902
fixed,22998452
fixed,23597050
fixed,23501412
fixed,23284154
fixed,23115028
fixed,23322956
fixed,23965558
fixed,23499284
fixed,23620838
fixed,24096384
fixed,23073080
fixed,23527778
fixed,23402974
fixed,23946742
fixed,23060858
fixed,23878842
fixed,23788344
fixed,23235360
fixed,22962808
fixed,23465620
fixed,23423928
fixed,24620960
fixed,22822862
fixed,23153466
fixed,23592132
fixed,23709806
fixed,23065336
fixed,22455544
fixed,22833346
fixed,23268778
fixed,23651388
fixed,23597376
fixed,23040978
fixed,22421534
fixed,22928916
fixed,23822704
fixed,23900368
fixed,23695784
fixed,24159410
fixed,23168332
fixed,23401072
fixed,23249398
fixed,23638554
fixed,22691044
fixed,23000912
fixed,22804234
fixed,23694026
fixed,23240580
fixed,23713006
fixed,24239824
fixed,23481484
fixed,23699674
fixed,23671428
fixed,23599416
fixed,23585958
fixed,23583372
fixed,23116410
fixed,23432002
fixed,22632722
fixed,23470170
fixed,23575636
fixed,23810026
fixed,22879280
fixed,23372504
fixed,23182308
fixed,23731968
fixed,23782510
fixed,23353184
fixed,23083548
fixed,23359438
fixed,23589080
fixed,23420530
fixed,23994372
fixed,23570440
fixed,23240754
fixed,23068256
fixed,23164170
fixed,23833836
fixed,23781428
fixed,23800032
fixed,23903108
fixed,23460284
fixed,23670822
fixed,23273054
fixed,23469582
fixed,23529886
fixed,23627030
fixed,23118730
fixed,23338786
fixed,23680606
fixed,22820700
fixed,23846874
fixed,23648090
fixed,23675910
fixed,23687444
fixed,23663952
fixed,22994758
fixed,23561998
fixed,24006176
fixed,22853720
fixed,23723204
fixed,23191794
fixed,23628434
fixed,23688596
fixed,23466084
fixed,23675966
fixed,23714118
fixed,23764306
fixed,23413812
fixed,23325992
fixed,23207506
fixed,24254868
fixed,23556546
fixed,23483310
fixed,23233368
fixed,23418494
fixed,22460512
fixed,22977836
fixed,23466130
fixed,23201942
fixed,23149348
fixed,22033086
fixed,22510946
fixed,23271210
fixed,22491628
fixed,22742930
fixed,24056270
fixed,22646368
fixed,22299886
fixed,22839066
fixed,23006092
fixed,23834756
fixed,22899234
fixed,22482602
fixed,22169368
fixed,24392100
fixed,24122178
fixed,23702862
fixed,23830708
fixed,22643324
fixed,23348590
fixed,23511962
fixed,22986362
fixed,23180808
fixed,22760644
fixed,22990064
fixed,22615068
fixed,22861568
fixed,23408764
fixed,23274608
fixed,22527930
fixed,23372858
fixed,23427618
fixed,23493166
fixed,23818904
fixed,23231344
fixed,23414672
fixed,23164550
fixed,23061098
fixed,23443628
fixed,22886438
fixed,22890448
fixed,22651756
fixed,23047968
fixed,22838360
fixed,22752864
fixed,23499468
fixed,23381954
fixed,23137046
fixed,22697956
fixed,23618686
fixed,23672898
fixed,23137906
fixed,23614094
fixed,23765900
fixed,24566028
fixed,23231014
fixed,23791970
fixed,23084900
fixed,23487650
fixed,23137574
fixed,22832492
fixed,23420910
fixed,23083278
fixed,23293510
fixed,23213130
fixed,23082160
fixed,23608304
fixed,23452100
fixed,23549396
fixed,23779990
fixed,24285670
fixed,23545016
fixed,23441368
fixed,23589076
fixed,23815852
fixed,23418270
fixed,23868446
fixed,23798634
fixed,23701882
fixed,23773142
fixed,23668650
fixed,23681470
fixed,23253140
fixed,23043384
fixed,23884478
fixed,23906484
fixed,23840516
fixed,23696700
fixed,23702808
fixed,26823806
fixed,26021104
fixed,23453036
fixed,23202194
fixed,23639928
fixed,23963060
fixed,23708188
fixed,23583780
fixed,23737510
fixed,23812212
fixed,23757206
fixed,23965782
fixed,23769446
fixed,23826814
fixed,23894140
fixed,23798340
fixed,24097326
fixed,23758214
fixed,23842200
fixed,24111138
fixed,23769260
fixed,24874662
fixed,24433684
fixed,23655312
fixed,23470436
fixed,23746498
fixed,23808072
fixed,23841994
fixed,23488802
fixed,23787500
fixed,23809912
fixed,23497794
fixed,24564284
fixed,24747078
fixed,24370112
fixed,24447826
fixed,24829366
fixed,24973134
fixed,24574490
fixed,23721054
fixed,22737636
fixed,23433472
fixed,23211756
fixed,23426872
fixed,23560424
fixed,23370764
fixed,23553220
fixed,23987468
fixed,23919024
fixed,24269104
fixed,23910006
fixed,25739392
fixed,24003278
fixed,23592294
fixed,23553992
fixed,23701744
fixed,23576194
fixed,23512934
fixed,23553416
fixed,23411000
fixed,23292848
fixed,23743662
fixed,23744264
fixed,23952000
fixed,23892458
fixed,24820832
fixed,23711118
fixed,23766738
fixed,23486264
fixed,23689724
fixed,23872422
fixed,23548532
fixed,23783788
fixed,24094428
fixed,24178276
fixed,24248250
fixed,24106866
fixed,24062400
fixed,25338920
fixed,24310724
fixed,24179426
fixed,24089830
fixed,23970626
fixed,24100568
fixed,24071386
fixed,24153018
fixed,24730310
fixed,24487318
fixed,24317112
fixed,24329396
fixed,23826232
fixed,22847804
fixed,23722862
fixed,23973130
fixed,23341406
fixed,23112288
fixed,23579028
fixed,24073906
fixed,24105628
fixed,23724936
fixed,23827374
fixed,23721196
fixed,22956806
fixed,23594592
fixed,25033926
fixed,23671694
fixed,23358702
fixed,23390386
fixed,24089816
fixed,24627738
fixed,24087370
fixed,24106202
fixed,24104118
fixed,24137864
fixed,24397822
fixed,25262908
fixed,23973986
fixed,23112892
fixed,23392362
fixed,23680614
fixed,23316850
fixed,22882896
fixed,23819042
fixed,24441028
fixed,24207934
fixed,24055490
fixed,24737760
fixed,24238216
fixed,24153896
fixed,24051494
fixed,24194432
fixed,24288014
fixed,24207816
fixed,24312306
fixed,24171596
fixed,24261540
fixed,24574686
fixed,24898054
fixed,23713638
fixed,23576260
fixed,23818530
fixed,23709844
fixed,23730506
fixed,23516962
fixed,24132910
fixed,24250308
fixed,23466426
fixed,23725226
fixed,24023032
fixed,23276490
fixed,24111100
fixed,23679860
fixed,23317532
fixed,22997574
fixed,23673178
fixed,23636096
fixed,23911228
fixed,26108676
fixed,25355824
fixed,24202708
fixed,23815432
fixed,23806050
fixed,23712136
fixed,23728160
fixed,23827550
fixed,23746298
fixed,23717498
fixed,23883262
fixed,23919472
fixed,24033274
fixed,23886958
fixed,23735568
fixed,23917586
fixed,23757336
fixed,25523064
fixed,24795324
fixed,24232554
fixed,23798022
fixed,23836464
fixed,23919470
fixed,23701330
fixed,23749914
fixed,24017018
fixed,23898426
fixed,23702848
fixed,24001610
fixed,24141700
fixed,23850124
fixed,23849342
fixed,23906458
fixed,23629842
fixed,23929452
fixed,24405132
fixed,23985590
fixed,24194214
fixed,23822976
fixed,23741426
fixed,23901358
fixed,23732430
fixed,23902688
fixed,23758574
fixed,23987834
fixed,23701772
fixed,24024566
fixed,26621020
fixed,24414090
fixed,23856984
fixed,23489604
fixed,23758182
fixed,23950546
fixed,23746614
fixed,23787398
fixed,23638366
fixed,23813204
fixed,23946442
fixed,23640972
fixed,23711808
fixed,24047708
fixed,24499620
fixed,24323352
fixed,23776114
fixed,23815720
fixed,24244462
fixed,23801608
fixed,23868962
fixed,24250242
fixed,23975926
fixed,23943714
fixed,24279662
fixed,24419818
fixed,24033944
fixed,23808550
fixed,23739212
fixed,23938500
fixed,24193940
fixed,23825466
fixed,23709792
fixed,24558702
fixed,23691922
fixed,23908718
fixed,23740694
fixed,23736152
fixed,23844708
fixed,23754494
fixed,23847330
fixed,23747226
fixed,23795210
fixed,23770604
fixed,23734482
fixed,23875752
fixed,24641468
fixed,24574972
fixed,23821086
fixed,26505552
fixed,24294828
fixed,24000934
fixed,23736476
fixed,23853434
fixed,23869824
fixed,23839518
fixed,23880060
fixed,23757240
fixed,23781972
fixed,23918410
fixed,24122992
fixed,23756690
fixed,23816476
fixed,23874572
fixed,23705868
fixed,23878544
fixed,23756106
fixed,23773632
fixed,23815344
fixed,24058222
fixed,23744878
fixed,23746610
fixed,23746746
fixed,23856686
fixed,23768698
fixed,23990500
fixed,23892218
fixed,23765594
fixed,23727978
fixed,24047148
fixed,23764088
fixed,23731830
fixed,23797744
fixed,23844380
fixed,23777576
fixed,25693372
fixed,25018238
fixed,25314064
fixed,23761296
fixed,23948096
fixed,23963690
fixed,23713278
fixed,23734832
fixed,24161324
fixed,23728366
fixed,23719398
fixed,23727438
fixed,23836502
fixed,23992308
fixed,23711122
fixed,23763336
fixed,23890246
fixed,23758544
fixed,23727198
fixed,23708756
fixed,23911218
fixed,23686708
fixed,23686268
fixed,23706672
fixed,23670196
fixed,23767558
fixed,23690316
fixed,23891394
fixed,23669286
fixed,23673838
fixed,23724196
fixed,23670478
fixed,23692742
fixed,24070196
fixed,23867954
fixed,23738796
fixed,23716938
fixed,23664654
fixed,23672452
fixed,24308058
fixed,23782752
fixed,24093574
fixed,23674064
fixed,23779476
fixed,23924518
fixed,23799036
fixed,23887656
fixed,23671756
fixed,23689876
fixed,24513942
fixed,23846394
fixed,23761478
fixed,23694686
fixed,23674718
fixed,24190524
fixed,23843356
fixed,23672998
fixed,23657694
fixed,23681674
fixed,23732706
fixed,25520958
fixed,23648730
fixed,23756080
fixed,23681256
fixed,23771428
fixed,23755378
fixed,23667372
fixed,23645958
fixed,23881102
fixed,23665708
fixed,23658694
fixed,23662260
fixed,24114578
fixed,23685698
fixed,23656162
fixed,23651630
fixed,24701162
fixed,23719584
fixed,23876304
fixed,24078034
fixed,25686024
fixed,24544876
fixed,24136532
fixed,23650766
fixed,23660262
fixed,23962862
fixed,23667422
fixed,23734458
fixed,23180830
fixed,23404896
fixed,23859134
fixed,23773462
fixed,23895902
fixed,23872700
fixed,23674342
fixed,23669288
fixed,23657612
fixed,23672638
fixed,24149358
fixed,24001332
fixed,23672060
fixed,23822536
fixed,23769554
fixed,23844128
fixed,23247064
fixed,23777476
fixed,23603154
fixed,23547876
fixed,23688474
fixed,23426412
fixed,23635866
fixed,23535042
fixed,24167514
fixed,23660052
fixed,23652928
fixed,23678448
fixed,23653666
fixed,23662244
fixed,23661182
fixed,23667428
fixed,24137116
fixed,23678836
fixed,23658010
fixed,23668582
fixed,23699216
fixed,23709044
fixed,23057628
fixed,23530540
fixed,23691000
fixed,23799210
fixed,23770260
fixed,23472562
fixed,23555666
fixed,22800974
fixed,23530170
fixed,23553000
fixed,23474248
fixed,23576428
fixed,23537476
fixed,23509940
fixed,23646492
fixed,23311142
fixed,23749780
fixed,23548496
fixed,23516688
fixed,23180100
fixed,23263794
fixed,23271360
fixed,23477226
fixed,23587342
fixed,22663718
fixed,23952288
fixed,23975100
fixed,22478254
fixed,23481052
fixed,23087772
fixed,23227194
fixed,22566458
fixed,22566294
fixed,22951272
fixed,22609376
fixed,23068866
fixed,22773542
fixed,23382826
fixed,22565210
fixed,23216172
fixed,23291566
fixed,23347962
fixed,23172568
fixed,22942964
fixed,22789106
fixed,22787186
fixed,23537238
fixed,23082934
fixed,23548940
fixed,23460846
fixed,23266762
fixed,23731034
fixed,23538024
fixed,23568264
fixed,22678600
fixed,22322558
fixed,23301360
fixed,22854470
fixed,22846832
fixed,22791942
fixed,23432880
fixed,22965656
fixed,22352568
fixed,22711844
fixed,22496750
fixed,22361892
fixed,22694132
fixed,22341776
fixed,22981696
fixed,22272560
fixed,23863514
fixed,23556332
fixed,23550470
fixed,22996716
fixed,22885186
fixed,23879970
fixed,23473082
fixed,23286460
fixed,23085978
fixed,22833886
fixed,23117434
fixed,23237998
fixed,23253078
fixed,24181336
fixed,23631350
fixed,23492524
fixed,23162972
fixed,23810362
fixed,23636680
fixed,23036040
fixed,23792068
fixed,23690612
fixed,23901646
fixed,23661090
fixed,23693670
fixed,23854662
fixed,23445316
fixed,23498548
fixed,23575760
fixed,22499730
fixed,22418890
fixed,22715198
fixed,23393454
fixed,23533290
fixed,22411980
fixed,23083852
fixed,22467820
fixed,23167348
fixed,23000736
fixed,24959982
fixed,23407280
fixed,23657440
fixed,23546084
fixed,23069886
fixed,23109206
fixed,22954542
fixed,23477480
fixed,23778622
fixed,22934964
fixed,23495524
fixed,22982434
fixed,22726550
fixed,23244674
fixed,23733002
fixed,23879234
fixed,23568240
fixed,23685334
fixed,23069136
fixed,23252064
fixed,23568058
fixed,23687796
fixed,23432290
fixed,23357886
fixed,23470176
fixed,23168812
fixed,22537806
fixed,23322732
fixed,22731568
fixed,23606002
fixed,22864716
fixed,23376978
fixed,23486938
fixed,23679028
fixed,23233748
fixed,22661498
fixed,23712108
fixed,23244046
fixed,23604978
fixed,23642364
fixed,23142564
fixed,22764230
fixed,23921802
fixed,23491188
fixed,23775530
fixed,23770920
fixed,23671238
fixed,23807954
fixed,23240338
fixed,23673564
fixed,23600792
fixed,23337482
fixed,22403000
fixed,23301694
fixed,22951924
fixed,22784780
fixed,22875948
fixed,23623450
fixed,23654978
fixed,22968794
fixed,23406620
fixed,22647890
fixed,22984776
fixed,22914634
fixed,23045840
fixed,22755094
fixed,22888186
fixed,23779084
fixed,23507088
fixed,23561154
fixed,23035910
fixed,23421914
fixed,22233706
fixed,23660806
fixed,23609974
fixed,23709812
fixed,23484188
fixed,23462734
fixed,23512762
fixed,23610648
fixed,23541646
fixed,22567778
fixed,23558114
fixed,23738872
fixed,23219566
fixed,23730476
fixed,23713568
fixed,23558610
fixed,23361772
fixed,23740178
fixed,23731554
fixed,23564142
fixed,23644046
fixed,23429818
fixed,23579550
fixed,23506966
fixed,22901856
fixed,23000656
fixed,22800782
fixed,23113726
fixed,23635242
fixed,23781256
fixed,23240914
fixed,23801018
fixed,23366726
fixed,22634636
fixed,22372436
fixed,23589762
fixed,23291332
fixed,22818180
fixed,23022124
fixed,23394012
fixed,23661672
fixed,23583514
fixed,23432194
fixed,23602484
fixed,23057612
fixed,23510122
fixed,23285660
fixed,22880108
fixed,22584598
fixed,23444760
fixed,22980880
fixed,23270400
fixed,22796876
fixed,23730258
fixed,22897524
fixed,23213774
fixed,23358292
fixed,23409500
fixed,23085566
fixed,23233272
fixed,23117460
fixed,23427766
fixed,22810750
fixed,22868048
fixed,23310914
fixed,23543624
fixed,23996704
fixed,22779508
fixed,23307572
fixed,23796176
fixed,22617058
fixed,23743466
fixed,23076562
fixed,23431664
fixed,23279622
fixed,23699910
fixed,22546380
fixed,22641972
fixed,23298614
fixed,23598320
fixed,23206484
fixed,23732260
fixed,23487986
fixed,22972916
fixed,23022416
fixed,23104364
fixed,22734458
fixed,22654584
fixed,22842418
fixed,23134326
fixed,22807842
fixed,23664954
fixed,23799384
fixed,23949944
fixed,23522788
fixed,23681570
fixed,23473684
fixed,23518558
fixed,23448062
fixed,22649822
fixed,22327106
fixed,22957442
fixed,22164908
fixed,23372234
fixed,23750542
fixed,23846766
fixed,23587860
fixed,23370678
fixed,23403926
fixed,23380032
fixed,23192240
fixed,23323138
fixed,23221690
fixed,23431510
fixed,22996422
fixed,23826042
fixed,22652702
fixed,23010422
fixed,22313810
fixed,22784206
fixed,23525554
fixed,22862018
fixed,22875068
fixed,23601828
fixed,23519204
fixed,23912168
fixed,22564386
fixed,22839394
fixed,23682086
fixed,22983214
fixed,23680000
fixed,23787654
fixed,23413218
fixed,23008184
fixed,22712134
fixed,23272882
fixed,22748132
fixed,22821332
fixed,23550982
fixed,22701496
fixed,23199598
fixed,23500128
fixed,23160444
fixed,23689696
fixed,23760548
fixed,23649430
fixed,23676876
fixed,23685878
fixed,23793484
fixed,22822944
fixed,23811656
fixed,23583210
fixed,23602730
fixed,23488418
fixed,23321726
fixed,23689486
fixed,23361100
fixed,22879598
fixed,23281622
fixed,23548356
fixed,23327998
fixed,22933842
fixed,23002350
fixed,22981464
fixed,23276064
fixed,23061840
fixed,23152338
fixed,23308864
fixed,23402540
fixed,23730594
fixed,23228978
fixed,23193562
fixed,23527042
fixed,23835330
fixed,23699218
fixed,23427256
fixed,23495266
fixed,23033596
fixed,23297206
fixed,23581720
fixed,23540876
fixed,24213096
fixed,23507846
fixed,22921756
fixed,23857670
fixed,23675444
fixed,23592216
fixed,23285140
fixed,23211224
fixed,23602122
fixed,23282210
fixed,22995728
fixed,24100988
fixed,23475020
fixed,23329260
fixed,22815926
fixed,22447260
fixed,23269366
fixed,23307660
fixed,23223174
fixed,23754956
fixed,23250550
fixed,22575346
fixed,22703106
fixed,23535358
fixed,23092214
fixed,22656648
fixed,24050632
fixed,22831228
fixed,23013802
fixed,22013558
fixed,22763046
fixed,23011732
fixed,23720872
fixed,24354394
fixed,23686960
fixed,23317384
fixed,23715862
fixed,23744848
fixed,22789180
fixed,23436620
fixed,22598916
fixed,22820672
fixed,22768136
fixed,23492400
fixed,22750922
fixed,23836250
fixed,24087952
fixed,23197170
fixed,23546982
fixed,23202752
fixed,23737396
fixed,22915960
fixed,22683352
fixed,23601212
fixed,23721816
fixed,23475962
fixed,23853976
fixed,23144716
fixed,23655372
fixed,23439958
fixed,22913198
fixed,23416950
fixed,23787688
fixed,23665082
fixed,23091958
fixed,23822050
fixed,23634926
fixed,23695802
fixed,23680278
fixed,23644184
fixed,23731322
fixed,23707272
fixed,23669592
fixed,23216402
fixed,23439218
fixed,23268852
fixed,24270444
fixed,23984294
fixed,22449704
fixed,23405068
fixed,24118550
fixed,23681236
fixed,23692970
fixed,23463074
fixed,22579510
fixed,22786766
fixed,23069190
fixed,22904026
fixed,22797584
fixed,23162862
fixed,23170076
fixed,22541534
fixed,23005734
fixed,23490478
fixed,23654070
fixed,23138394
fixed,23386550
fixed,23304044
fixed,23321368
fixed,23051358
fixed,22690428
fixed,23715732
fixed,23482538
fixed,23412384
fixed,23437994
fixed,23661438
fixed,23480782
fixed,23026310
fixed,23046484
fixed,22684162
fixed,23347820
fixed,23456968
fixed,23499238
fixed,23668350
fixed,23084036
fixed,23196212
fixed,23068214
fixed,23229716
fixed,23566866
fixed,22516516
fixed,22330788
fixed,23491120
fixed,22961740
fixed,23064164
fixed,23804176
fixed,23414856
fixed,22814630
fixed,23542460
fixed,23214230
fixed,23501660
fixed,23394506
fixed,23131310
fixed,22903058
fixed,23897106
fixed,23089574
fixed,23611218
fixed,23519426
fixed,23554644
fixed,23579964
fixed,23839222
fixed,23495312
fixed,23593534
fixed,23995480
fixed,23698084
fixed,23298778
fixed,23541390
fixed,23643848
fixed,23729282
fixed,23087774
fixed,22982940
fixed,23658492
fixed,22994324
fixed,23372676
fixed,23129440
fixed,23955636
fixed,23474330
fixed,23264754
fixed,22435456
fixed,22871450
fixed,22738130
fixed,23670696
fixed,26977938
fixed,23538012
fixed,22754818
fixed,23284064
fixed,23603996
fixed,22966338
fixed,22520946
fixed,23283972
fixed,23689330
fixed,23396356
fixed,23258238
fixed,23447436
fixed,23085950
fixed,23475194
fixed,23144108
fixed,23415612
fixed,22811550
fixed,23092058
fixed,23701578
fixed,23712530
fixed,23374776
fixed,23538678
fixed,23142364
fixed,23052832
fixed,23099962
fixed,23611074
fixed,23537206
fixed,22161320
fixed,23232180
fixed,23275926
fixed,23380588
fixed,23170130
fixed,23531056
fixed,22781074
fixed,23812200
fixed,22835576
fixed,23065276
fixed,23407388
fixed,23239864
fixed,23369120
fixed,23921978
fixed,23665900
fixed,23614732
fixed,23291110
fixed,23220774
fixed,23797496
fixed,23056874
fixed,22916952
fixed,23583348
fixed,23112346
fixed,23475208
fixed,22527728
fixed,23261094
fixed,23645364
fixed,23135702
fixed,23198448
fixed,23380642
fixed,26043204
fixed,23909678
fixed,23168920
fixed,23123178
fixed,22863394
fixed,23251294
fixed,23425580
fixed,23867074
fixed,24032716
fixed,23776518
fixed,23513054
fixed,23459474
fixed,23142076
fixed,23114398
fixed,23937030
fixed,22002632
fixed,23238034
fixed,23102842
fixed,22595168
fixed,23347518
fixed,23040068
fixed,23252970
fixed,23055244
fixed,23213836
fixed,23421426
fixed,22974434
fixed,22509256
fixed,22488516
fixed,22750564
fixed,22865992
fixed,22524306
fixed,23603618
fixed,23669366
fixed,23886778
fixed,23464316
fixed,23690928
fixed,22843558
fixed,23668910
fixed,22372172
fixed,22583524
fixed,23200556
fixed,23205222
fixed,22476884
fixed,22999986
fixed,23225468
fixed,23448930
fixed,23323000
fixed,23864220
fixed,23632328
fixed,23735960
fixed,23288000
fixed,23451208
fixed,23096136
fixed,23057398
fixed,23739166
fixed,22782586
fixed,23326764
fixed,23595422
fixed,23127898
fixed,23282378
fixed,23182956
fixed,23241614
fixed,23802442
fixed,23776726
fixed,23711320
fixed,23810178
fixed,23371282
fixed,23554836
fixed,23439982
fixed,24006958
fixed,23154644
fixed,23474552
fixed,23499756
fixed,23206870
fixed,22767322
fixed,23541130
fixed,23090852
fixed,22384176
fixed,23101798
fixed,23109590
fixed,23498736
fixed,22998106
fixed,23186322
fixed,23097970
fixed,23513496
fixed,23066212
fixed,23468702
fixed,22374634
fixed,22948442
fixed,23763660
fixed,23342944
fixed,23227670
fixed,23525200
fixed,23233074
fixed,22386960
fixed,23585026
fixed,23339482
fixed,22879514
fixed,23025286
fixed,23336104
fixed,23174018
fixed,23945456
fixed,22996410
fixed,23039844
fixed,23216744
fixed,23178994
fixed,22434602
fixed,23913296
fixed,24567774
fixed,23724672
fixed,23700178
fixed,23678564
fixed,23344710
fixed,22996842
fixed,23474984
fixed,23363872
fixed,23679242
fixed,22870234
fixed,23615962
fixed,23181652
fixed,23010752
fixed,22613930
fixed,24411244
fixed,23101730
fixed,23152334
fixed,24036774
fixed,24802478
fixed,23221222
fixed,23361572
fixed,22953216
fixed,22989650
fixed,23809230
fixed,23447854
fixed,24732950
fixed,23857820
fixed,23374338
fixed,23543508
fixed,23443614
fixed,22621412
fixed,25397094
fixed,23168024
fixed,23353722
fixed,23273226
fixed,22728670
fixed,23487742
fixed,22329674
fixed,23635204
fixed,23894972
fixed,23028992
fixed,23245488
fixed,23274288
fixed,23905766
fixed,23270328
fixed,24312606
fixed,22890224
fixed,23630078
fixed,23549348
fixed,23481048
fixed,23370668
fixed,23328864
fixed,23090562
fixed,23168374
fixed,23150456
fixed,23121368
fixed,23365264
fixed,23761312
fixed,24229464
fixed,23757144
fixed,24674964
fixed,23802050
fixed,23188034
fixed,23744016
fixed,23670110
fixed,23415506
fixed,23450984
fixed,23362086
fixed,23269162
fixed,23688816
fixed,23462304
fixed,23461186
fixed,23334492
fixed,23257334
fixed,23422318
fixed,23538744
fixed,23559970
fixed,23228262
fixed,22716158
fixed,23173336
fixed,23682082
fixed,23655876
fixed,23100928
fixed,23108092
fixed,23775056
fixed,23774412
fixed,23143722
fixed,23370460
fixed,22654212
fixed,23370678
fixed,23076660
fixed,22691400
fixed,23122254
fixed,23165026
fixed,23643876
fixed,23134994
fixed,22809434
fixed,24250132
fixed,23157750
fixed,23515612
fixed,23176922
fixed,23072342
fixed,22997900
fixed,23510608
fixed,22789634
fixed,23738370
fixed,23314234
fixed,24985890
fixed,31723070
fixed,22564906
fixed,33051894
fixed,23456832
fixed,22833252
fixed,22396918
fixed,22849234
fixed,22792296
fixed,22273882
fixed,23106778
fixed,23740516
fixed,23570048
fixed,23537606
fixed,23666528
fixed,22838182
fixed,24060716
fixed,22913108
fixed,22879220
fixed,22343084
fixed,23073738
fixed,22944810
fixed,22501084
fixed,23132266
fixed,23044384
fixed,23545428
fixed,22968422
fixed,23817070
fixed,23284892
fixed,23292780
fixed,23359962
fixed,23435700
fixed,23777654
fixed,24049936
fixed,23271612
fixed,22983274
fixed,23012092
fixed,22666258
fixed,23166844
fixed,23638876
fixed,22863448
fixed,22658694
fixed,23349498
fixed,23478794
fixed,23028736
fixed,23701456
fixed,23683102
fixed,23181960
fixed,22746672
fixed,22705064
fixed,23205798
fixed,23460482
fixed,22816756
fixed,22975716
fixed,22767044
fixed,22415206
fixed,22674938
fixed,22722008
fixed,23761204
fixed,23746798
fixed,23692960
fixed,23223324
fixed,24545278
fixed,23099970
fixed,23093512
fixed,23127664
fixed,23137768
fixed,23530644
fixed,23908344
fixed,23748604
fixed,23721082
fixed,23811218
fixed,23773932
fixed,23614810
fixed,23693952
fixed,23854044
fixed,24259040
fixed,23851698
fixed,23763360
fixed,23620172
fixed,23433166
fixed,23229592
fixed,23877612
fixed,23771010
fixed,23149668
fixed,22589304
fixed,23362840
fixed,23570488
fixed,23745618
fixed,23706592
fixed,22662844
fixed,24732268
fixed,23541990
fixed,23084130
fixed,23331834
fixed,23227768
fixed,25509270
fixed,23835600
fixed,23161344
fixed,23189456
fixed,23828824
fixed,23318488
fixed,23304754
fixed,22982406
fixed,23266924
fixed,23129282
fixed,23019496
fixed,22468182
fixed,22419428
fixed,22486164
fixed,22796974
fixed,22455772
fixed,23688832
fixed,30696254
fixed,22725308
fixed,23274638
fixed,21693788
fixed,22524114
fixed,22713312
fixed,23502210
fixed,23731734
fixed,23743666
fixed,23862896
fixed,23679872
fixed,23098742
fixed,23849470
fixed,23716570
fixed,23235748
fixed,23480294
fixed,22410124
fixed,23525544
fixed,23219108
fixed,22793428
fixed,22879032
fixed,24008196
fixed,23052418
fixed,23812526
fixed,22869168
fixed,23086128
fixed,22632450
fixed,24857312
fixed,23815684
fixed,23220022
fixed,22963474
fixed,23293496
fixed,23304574
fixed,22818226
fixed,23409160
fixed,23508160
fixed,22846854
fixed,23138554
fixed,23058048
fixed,23128724
fixed,23112530
fixed,22924938
fixed,22831058
fixed,23162076
fixed,23635970
fixed,24980692
fixed,23675732
fixed,23634810
fixed,23684970
fixed,23409406
fixed,23603928
fixed,23674768
fixed,22951622
fixed,23430222
fixed,22398912
fixed,23477196
fixed,23774406
fixed,23533318
fixed,23549430
fixed,23463430
fixed,23596018
fixed,23484352
fixed,23274362
fixed,22825150
fixed,23416050
fixed,24047328
fixed,23601324
fixed,23149468
fixed,23317104
fixed,22904862
fixed,23387372
fixed,23346192
fixed,23433588
fixed,22977420
fixed,23035234
fixed,23492336
fixed,22548120
fixed,23500806
fixed,22992568
fixed,23304190
fixed,23872940
fixed,23129268
fixed,23113568
fixed,22770018
fixed,26318368
fixed,23058500
fixed,23473456
fixed,23026076
fixed,23672970
fixed,22966886
fixed,22833698
fixed,22916892
fixed,22864768
fixed,22790026
fixed,23535842
fixed,22948148
fixed,22638444
fixed,23113606
fixed,23421592
fixed,22586228
fixed,22842766
fixed,23236882
fixed,23235982
fixed,22491832
fixed,22445072
fixed,22928920
fixed,22945528
fixed,22691200
fixed,22777620
fixed,23770144
fixed,23365582
fixed,23132854
fixed,23165838
fixed,23399088
fixed,23179020
fixed,23805974
fixed,23225804
fixed,23666730
fixed,23557152
fixed,22864214
fixed,22513446
fixed,23030866
fixed,23149090
fixed,23232014
fixed,22609144
fixed,22667962
fixed,22794706
fixed,23109116
fixed,23057352
fixed,23154084
fixed,23165934
fixed,23914080
fixed,23744608
fixed,23722822
fixed,23396632
fixed,22601944
fixed,22594346
fixed,22533256
fixed,23683620
fixed,23251072
fixed,23566714
fixed,23252900
fixed,23435516
fixed,24144708
fixed,23337676
fixed,23413962
fixed,24159572
fixed,22935330
fixed,23378782
fixed,23584702
fixed,23672034
fixed,23108408
fixed,23018334
fixed,22836934
fixed,22751064
fixed,22903822
fixed,23297644
fixed,23388422
fixed,23099936
fixed,23179994
fixed,22950252
fixed,22936536
fixed,22301086
fixed,22160116
fixed,22677106
fixed,23707086
fixed,23046942
fixed,22444516
fixed,23299330
fixed,23090184
fixed,23424338
fixed,22648504
fixed,23080390
fixed,23176332
fixed,22791798
fixed,23651874
fixed,22882230
fixed,23450382
fixed,22440604
fixed,22785214
fixed,23533606
fixed,23611724
fixed,23862674
fixed,23498494
fixed,23321400
fixed,23415386
fixed,22999152
fixed,23465176
fixed,22867452
fixed,22555976
fixed,22259808
fixed,22819786
fixed,23247858
fixed,22819454
fixed,22638774
fixed,23100038
fixed,23592628
fixed,22740088
fixed,23415840
fixed,23059740
fixed,23390084
fixed,22881950
fixed,22968586
fixed,23818842
fixed,23684060
fixed,23653342
fixed,23075140
fixed,23123468
fixed,23731948
fixed,22870098
fixed,23538408
fixed,22917064
fixed,23330992
fixed,22931668
fixed,23261006
fixed,23708958
fixed,23689134
fixed,23823902
fixed,23511666
fixed,22607726
fixed,23755306
fixed,23307578
fixed,23093180
fixed,22841804
fixed,23435566
fixed,24675196
fixed,23229812
fixed,23833098
fixed,22832300
fixed,23208236
fixed,23173296
fixed,23284236
fixed,23338842
fixed,23471770
fixed,23010210
fixed,23477580
fixed,23681768
fixed,23452370
fixed,23598818
fixed,23393470
fixed,23460736
fixed,23609508
fixed,23604550
fixed,23601896
fixed,23887602
fixed,23584528
fixed,22732510
fixed,23289980
fixed,23313870
fixed,23332442
fixed,23548788
fixed,23331340
fixed,22873478
fixed,23425218
fixed,23046990
fixed,22980678
fixed,23745556
fixed,23701980
fixed,23678512
fixed,22843762
fixed,22983274
fixed,22801946
fixed,23232658
fixed,23287316
fixed,22976164
fixed,23686868
fixed,23029718
fixed,23300014
fixed,23407774
fixed,23543570
fixed,23420842
fixed,23416720
fixed,22993804
fixed,23070770
fixed,23093704
fixed,22798056
fixed,23061558
fixed,23640788
fixed,22853718
fixed,23214142
fixed,23530630
fixed,23050748
fixed,23180758
fixed,22890954
fixed,23539568
fixed,22203626
fixed,22671118
fixed,23142242
fixed,23349144
fixed,23581262
fixed,23563338
fixed,23484096
fixed,23583944
fixed,23692562
fixed,23429346
fixed,23482744
fixed,22873494
fixed,23013116
fixed,23444686
fixed,23399798
fixed,23117606
fixed,22969464
fixed,23654382
fixed,23926064
fixed,23619406
fixed,23598426
fixed,23622870
fixed,24907066
fixed,23076304
fixed,22975290
fixed,23303510
fixed,23649624
fixed,26296926
fixed,23252998
fixed,23562280
fixed,22857254
fixed,22741404
fixed,22915302
fixed,22502264
fixed,22967644
fixed,22649228
fixed,23378150
fixed,23535108
fixed,23264306
fixed,22643744
fixed,23632998
fixed,23584280
fixed,23481252
fixed,23044678
fixed,23635572
fixed,23600014
fixed,23636080
fixed,23498558
fixed,23192966
fixed,23127138
fixed,23526900
fixed,22761388
fixed,22856274
fixed,22761780
fixed,23140382
fixed,22424356
fixed,22816396
fixed,22934670
fixed,22706228
fixed,22488766
fixed,23676732
fixed,23777010
fixed,23694166
fixed,23718870
fixed,23036342
fixed,22985526
fixed,23344678
fixed,23568410
fixed,23505056
fixed,23250884
fixed,22506892
fixed,23810474
fixed,23650376
fixed,23568764
fixed,22904066
fixed,23077688
fixed,23468702
fixed,23013318
fixed,23084854
fixed,23535380
fixed,23249892
fixed,23335770
fixed,23167014
fixed,23228838
fixed,23520588
fixed,22679544
fixed,22771100
fixed,23396534
fixed,23768886
fixed,23080274
fixed,23057832
fixed,23054976
fixed,24950908
fixed,22536328
fixed,23149682
fixed,23310710
fixed,22441512
fixed,22174160
fixed,22323418
fixed,22734976
fixed,23046132
fixed,23302132
fixed,23001430
fixed,23057774
fixed,24256086
fixed,22881752
fixed,22794252
fixed,23146084
fixed,23591328
fixed,23312000
fixed,23314308
fixed,23718602
fixed,23585186
fixed,22852826
fixed,23474048
fixed,23540332
fixed,24036166
fixed,23799524
fixed,23775120
fixed,23479124
fixed,23985996
fixed,23385912
fixed,23355640
fixed,23248948
fixed,23165424
fixed,23557036
fixed,23359160
fixed,23901216
fixed,23377192
fixed,23544738
fixed,23614982
fixed,23367540
fixed,23895586
fixed,23262766
fixed,23323186
fixed,23421414
fixed,23067312
fixed,23311552
fixed,23217798
fixed,23198614
random,23680302
random,23880442
random,23465992
random,22535126
random,23522530
random,23811002
random,23301010
random,23479848
random,23159136
random,23583048
random,22944386
random,23565212
random,22472096
random,22804690
random,23227960
random,23737528
random,23177794
random,23228498
random,22495506
random,23150744
random,22988490
random,22333244
random,23485714
random,23449366
random,23534428
random,23554848
random,22532114
random,23235322
random,22751316
random,26243806
random,23567866
random,23697012
random,22743776
random,22481018
random,23119406
random,23892488
random,23629152
random,23797102
random,23940974
random,23107464
random,22865012
random,23815122
random,23539180
random,23320696
random,22896872
random,21807492
random,22623226
random,24276322
random,23298654
random,23277428
random,23745240
random,23393002
random,22515870
random,22746464
random,23688454
random,23744408
random,23997286
random,23357810
random,22883480
random,23734342
random,23235074
random,23873072
random,23642364
random,23294236
random,23526494
random,23523162
random,23336356
random,24024988
random,23121588
random,23255612
random,22898258
random,23736946
random,23671626
random,22959376
random,23200558
random,23410532
random,23390840
random,23752964
random,23787552
random,23471404
random,23558016
random,23523276
random,23646506
random,24017754
random,23648400
random,23613806
random,23632134
random,23578842
random,23558142
random,22912844
random,23064066
random,23499232
random,22945012
random,23078404
random,23485976
random,22997898
random,23472584
random,23714660
random,23467582
random,23702992
random,23257072
random,23511784
random,23258790
random,23338592
random,23367568
random,23540368
random,23616150
random,23557140
random,23690754
random,24124848
random,23686768
random,23948696
random,23828910
random,23648448
random,25608304
random,23757810
random,23367810
random,23752422
random,22889684
random,23542066
random,23477488
random,23676208
random,23491012
random,22467226
random,22400610
random,23410998
random,23600970
random,23692666
random,23585482
random,23372126
random,23513276
random,23670602
random,22982046
random,22920788
random,25599448
random,23348764
random,23509998
random,23269176
random,23736148
random,22926778
random,23246156
random,22638732
random,23600384
random,23507976
random,23145598
random,23016300
random,23642456
random,23376172
random,22689188
random,23418702
random,23655890
random,23554938
random,25821886
random,24526910
random,23515802
random,23290044
random,23591606
random,23819212
random,22907076
random,22765852
random,22036666
random,22963896
random,22794696
random,23045656
random,22478356
random,22649162
random,22677460
random,22822874
random,22876840
random,23450688
random,23580590
random,23408302
random,23642482
random,23491138
random,23309124
random,23017068
random,21874836
random,23148418
random,23303660
random,23703174
random,23745278
random,23560304
random,22997642
random,23100834
random,22792142
random,23690296
random,23081670
random,23286512
random,23447636
random,22709890
random,23013866
random,22295712
random,22983764
random,23427042
random,23205772
random,22622300
random,22474240
random,21920460
random,22514974
random,22534556
random,22795562
random,22340550
random,22113436
random,22615480
random,22831950
random,22617006
random,22831604
random,23445504
random,22693770
random,22886298
random,22449048
random,23315856
random,23326358
random,23400494
random,22707368
random,23146514
random,22648524
random,22354710
random,23081576
random,22885656
random,23257208
random,23753706
random,23479920
random,22741952
random,23649816
random,23166338
random,23707986
random,22764830
random,23221510
random,23783444
random,23894960
random,23424272
random,23488576
random,23465022
random,22687334
random,23172110
random,22963358
random,23585176
random,24188938
random,23533738
random,23619784
random,23163876
random,22783280
random,22674056
random,23030416
random,22549240
random,23447898
random,23762832
random,23141038
random,23282104
random,23573254
random,23258566
random,23671064
random,23815596
random,22994404
random,23793424
random,23338624
random,23700062
random,23479060
random,24100824
random,24254720
random,23184216
random,23508036
random,23273544
random,23343024
random,23891426
random,22959884
random,23766334
random,23374806
random,23630646
random,23493806
random,23354480
random,23777646
random,22746308
random,23304654
random,23022542
random,23184764
random,23166588
random,22596944
random,22766036
random,22924904
random,22999720
random,23223646
random,23140514
random,22950332
random,23555990
random,23358714
random,23165676
random,23067618
random,23060644
random,23715790
random,23234378
random,23670478
random,23802886
random,23912168
random,23338044
random,23655934
random,24162798
random,23391222
random,24417306
random,23461490
random,23849872
random,22167480
random,23396338
random,23157762
random,23622554
random,23694554
random,23735830
random,23786546
random,23293256
random,23381614
random,23349702
random,23274976
random,22969956
random,23425996
random,23300322
random,23265812
random,23301366
random,24159954
random,23651208
random,23408986
random,23252450
random,23006036
random,22880650
random,23049908
random,22768672
random,23338086
random,22299878
random,22508816
random,23624178
random,23251710
random,23333174
random,22928934
random,23380132
random,22297306
random,22917710
random,23108052
random,23591622
random,23039784
random,22562080
random,22596692
random,23399810
random,23288022
random,23015426
random,22944172
random,23130868
random,23633008
random,23398168
random,22151272
random,22894876
random,21844000
random,22644752
random,23578814
random,22701150
random,23212500
random,22703556
random,22760468
random,22960448
random,23879110
random,23565456
random,23341254
random,22454316
random,23562304
random,23505880
random,22429688
random,22745180
random,23638628
random,23321606
random,23094646
random,23736700
random,23633428
random,23723334
random,23548334
random,23919266
random,23239460
random,23210478
random,22795678
random,23310490
random,23591452
random,23657998
random,23426068
random,23747136
random,23824452
random,23439908
random,22745962
random,22558828
random,22779948
random,22938710
random,23007828
random,23654416
random,23495150
random,23678680
random,23706864
random,23922548
random,24070680
random,23559660
random,22916658
random,23795140
random,23780134
random,23470778
random,23266104
random,22346330
random,23152950
random,22794846
random,22827814
random,23653552
random,23002626
random,22949964
random,23161850
random,24078558
random,22842042
random,22925972
random,23218840
random,23528344
random,23845078
random,23517482
random,22561128
random,23587044
random,23148212
random,23742118
random,22952364
random,22936320
random,23783822
random,23529618
random,23743700
random,24129674
random,23309718
random,23323308
random,22897768
random,22046564
random,23805036
random,23484542
random,23529584
random,23573606
random,22672388
random,22467426
random,24138086
random,24027010
random,23395170
random,23545630
random,23436170
random,23153868
random,23759462
random,23676084
random,23560530
random,23861264
random,23752118
random,23692316
random,23668576
random,23838700
random,23691316
random,23816292
random,23534864
random,23552200
random,23603260
random,23416188
random,23191444
random,23788692
random,23596192
random,23283678
random,23778656
random,23379708
random,23455170
random,23492758
random,23258182
random,23512246
random,23290634
random,23380412
random,23552720
random,23627106
random,23392498
random,23328758
random,23198646
random,23487752
random,23628264
random,23751950
random,23514324
random,23517938
random,24421916
random,23541046
random,23787748
random,23494052
random,23549044
random,23642646
random,23393034
random,23522970
random,22479414
random,23440342
random,23666952
random,23873828
random,23359698
random,23192538
random,23483318
random,23750164
random,23156034
random,23598330
random,22631988
random,23612524
random,23764656
random,23279622
random,23771454
random,23761756
random,23906848
random,23502230
random,23868150
random,23272510
random,23571972
random,23053882
random,23108016
random,23352824
random,23444860
random,23396072
random,23467454
random,23368866
random,23737750
random,23856144
random,23222800
random,23610680
random,23597066
random,23463066
random,23312690
random,23831394
random,23779922
random,23364774
random,23481280
random,23808056
random,23298080
random,23787798
random,23561060
random,23271558
random,22774854
random,23895958
random,23502344
random,23174668
random,23598728
random,23662842
random,23831942
random,23355302
random,24048726
random,23725936
random,23527118
random,25656540
random,23621910
random,23681212
random,23200516
random,23536390
random,22921686
random,22971196
random,23053174
random,23604418
random,23730946
random,23929884
random,23217142
random,23869780
random,23577824
random,23440934
random,23502704
random,23668782
random,23910808
random,22884322
random,23682960
random,23683422
random,23307284
random,23321120
random,23171546
random,23262474
random,23843928
random,23519084
random,23557740
random,22794122
random,23928456
random,23494724
random,24095010
random,23797920
random,23068552
random,23903630
random,23727160
random,23430324
random,23627844
random,23296018
random,23697532
random,23691144
random,23834432
random,23547404
random,23802530
random,23684802
random,23756410
random,23671392
random,23678470
random,23795580
random,23256914
random,23864272
random,25361236
random,24086358
random,23367584
random,23399902
random,23553170
random,23302984
random,23134514
random,23607870
random,23737328
random,22902704
random,23612734
random,23373802
random,23953942
random,23430538
random,23586734
random,23464110
random,24084156
random,23361262
random,23386536
random,23523324
random,23556600
random,23815488
random,23096160
random,22979736
random,23268558
random,22791366
random,22909580
random,23594876
random,23510912
random,23664590
random,23427166
random,23750628
random,23566888
random,23323230
random,23304740
random,23409688
random,23821116
random,23818042
random,25924108
random,23752696
random,23787396
random,23609022
random,23654626
random,23768692
random,23969808
random,23485408
random,23373496
random,23378406
random,23888108
random,23272296
random,23086686
random,23253394
random,23330992
random,23396840
random,22982898
random,23835624
random,23452258
random,24044618
random,24637538
random,23973080
random,23425408
random,23428562
random,23326866
random,23594374
random,23670982
random,23552020
random,23457240
random,23857486
random,23024964
random,23582468
random,23789216
random,24156164
random,23833234
random,23781884
random,23992978
random,23502900
random,23504788
random,24602994
random,23785280
random,23497898
random,23539600
random,23180452
random,23630300
random,23696964
random,23766020
random,23758912
random,23897792
random,23797020
random,23516852
random,23439354
random,23199492
random,23619624
random,23200948
random,23445598
random,23468728
random,23624808
random,24062404
random,23608560
random,24451238
random,23656812
random,23031548
random,23496044
random,23093296
random,23597832
random,23649406
random,23777772
random,23653516
random,23602108
random,23250402
random,23397798
random,23474458
random,23989862
random,23358170
random,23832124
random,24673048
random,25391650
random,23802648
random,23326826
random,23609914
random,23298940
random,23006022
random,23524976
random,23966546
random,23447718
random,23348090
random,23576044
random,23413420
random,23517118
random,23178456
random,23724302
random,23459966
random,23449864
random,23670364
random,24551088
random,23693330
random,23544936
random,23161090
random,23671320
random,23466104
random,23405860
random,23773082
random,23453756
random,23590704
random,23723710
random,23762482
random,23258278
random,23455042
random,23505542
random,23746496
random,23872404
random,23914906
random,23285320
random,24357830
random,23664046
random,23358286
random,23598844
random,23693184
random,23631394
random,23574562
random,23692428
random,23724230
random,23198688
random,23492542
random,23211334
random,23549216
random,23114482
random,22968808
random,23329522
random,23469358
random,25736004
random,23493860
random,23715008
random,23717206
random,23842720
random,23627992
random,23659354
random,23090314
random,23605630
random,23614588
random,23404954
random,23581784
random,23870252
random,23684072
random,23368292
random,23838032
random,23795140
random,23860568
random,23683012
random,23543496
random,23636440
random,23757876
random,23471260
random,23777836
random,23830732
random,23594262
random,23730964
random,23512842
random,23421780
random,23947028
random,23554190
random,23943348
random,23699846
random,23406890
random,23083832
random,23554428
random,23413442
random,23688990
random,23289536
random,23784738
random,23390502
random,23922402
random,23398400
random,23063286
random,23486306
random,23865358
random,23338680
random,23653854
random,23574126
random,23438178
random,23637106
random,23765430
random,23819936
random,23793796
random,23452606
random,23938938
random,23626126
random,23466524
random,23785306
random,23813056
random,23851204
random,23796894
random,24113244
random,23809832
random,23680678
random,23771406
random,23529610
random,23623446
random,24159884
random,23642074
random,23259768
random,23911204
random,23407322
random,23687260
random,23726898
random,23766706
random,23512402
random,23572152
random,23208232
random,23534302
random,23989600
random,24029338
random,23444484
random,23548450
random,23967838
random,23572044
random,24389966
random,23885078
random,23685234
random,23385908
random,23310742
random,22974304
random,22784642
random,23540328
random,23468094
random,23971696
random,23357566
random,23977614
random,23619508
random,23692970
random,23655364
random,22989818
random,23787978
random,23826268
random,23552360
random,23753632
random,23762670
random,22442186
random,23372574
random,23864616
random,23287274
random,24080224
random,23444674
random,22860164
random,23582080
random,23916834
random,24079952
random,23862260
random,23447532
random,23580168
random,23317086
random,23520920
random,23320562
random,22500376
random,23729100
random,22868276
random,22759922
random,22961052
random,23351636
random,23126678
random,23574460
random,23637032
random,23455048
random,23315836
random,23260966
random,23428064
random,23395772
random,23858974
random,23344374
random,23674786
random,23308908
random,23216534
random,23334666
random,22390592
random,22762890
random,23854304
random,22558582
random,22919912
random,22486966
random,23124002
random,22771168
random,23355872
random,23237054
random,23536154
random,22959064
random,23535224
random,23444374
random,31484130
random,23740118
random,23747038
random,23263598
random,23189440
random,23104752
random,23691412
random,23429186
random,23429378
random,23495826
random,23594994
random,22859540
random,23433650
random,23672996
random,23093718
random,22397990
random,23014924
random,23827660
random,22978442
random,23593832
random,23778110
random,23530496
random,23825742
random,23064408
random,23465892
random,23825588
random,23629672
random,23610612
random,23706216
random,23828114
random,23422114
random,23594822
random,23433256
random,23233232
random,23705162
random,23415330
random,24203454
random,23690882
random,23243468
random,23681260
random,23671166
random,23570848
random,23874754
random,23402332
random,23569536
random,23433404
random,23576498
random,23398502
random,23535212
random,23377124
random,24048484
random,23667002
random,23658320
random,23640920
random,23493328
random,23842776
random,23631238
random,23759734
random,23589902
random,23762404
random,23607164
random,23648518
random,23590024
random,23357360
random,23730218
random,23600790
random,23473780
random,23668258
random,23680074
random,23688272
random,23645146
random,23830758
random,23952544
random,23687136
random,24056704
random,24251964
random,23646502
random,23869148
random,23825204
random,23994770
random,23650416
random,23581850
random,23568132
random,23696452
random,23534334
random,23416016
random,23429974
random,23735910
random,24136246
random,23796268
random,23661010
random,23722026
random,24327856
random,23791888
random,23724002
random,23882164
random,23703288
random,23657170
random,23945866
random,24091226
random,23893692
random,23518882
random,23607998
random,23681632
random,23846928
random,23577424
random,23727718
random,24609258
random,23729012
random,23625448
random,23524616
random,23584608
random,23505218
random,23463020
random,23568266
random,23627986
random,23763296
random,23838440
random,23695276
random,23921332
random,23832518
random,24258264
random,23849048
random,23793172
random,23800416
random,23778978
random,23774238
random,23514030
random,23577388
random,23884542
random,23415116
random,23776092
random,23835510
random,25211194
random,23820248
random,23823694
random,24560058
random,24030440
random,23864478
random,24871162
random,23804600
random,24396084
random,24266024
random,24281854
random,24084710
random,24515356
random,24246678
random,23742660
random,24062930
random,23780804
random,23947484
random,23787990
random,23474786
random,23145360
random,23133582
random,23050670
random,23311816
random,23350570
random,22627978
random,22698058
random,23469836
random,23707434
random,23176806
random,23624640
random,23071060
random,23661336
random,23367070
random,23542958
random,23688036
random,22328874
random,23464492
random,23099726
random,23919946
random,23663738
random,23654960
random,23739324
random,23712954
random,23718290
random,23999700
random,23811986
random,23495020
random,23645464
random,23620762
random,26238580
random,23811636
random,23429392
random,23023896
random,23595426
random,23753426
random,23677996
random,23654308
random,23962494
random,23386518
random,24141668
random,23693048
random,23656846
random,23845076
random,23684324
random,24936866
random,24503216
random,23659590
random,23630178
random,23658510
random,23377806
random,23312992
random,23416252
random,23516806
random,23571182
random,23784160
random,23708682
random,23974054
random,24169840
random,23456934
random,23537002
random,23559028
random,23708272
random,23934826
random,25286196
random,23847568
random,23698066
random,23387060
random,23741188
random,23725246
random,23718982
random,23708762
random,23714626
random,23855054
random,24019680
random,23919626
random,24114692
random,23850936
random,24012338
random,24186854
random,23975446
random,23721044
random,23728584
random,23828030
random,23741696
random,23825212
random,23699588
random,23739718
random,23793132
random,23701946
random,23710728
random,23855104
random,23800320
random,24050812
random,24062728
random,23721348
random,24121188
random,23737630
random,23873154
random,23851196
random,24305252
random,24231468
random,24227512
random,24095248
random,23958088
random,23770080
random,23892154
random,23812640
random,24191548
random,23813706
random,24035420
random,23923180
random,23769598
random,24072564
random,23831826
random,23951816
random,23812100
random,23761594
random,26118384
random,24519266
random,24142142
random,23902754
random,23777428
random,23882428
random,23777050
random,23788422
random,23784204
random,23808292
random,23613140
random,24034436
random,23650036
random,23723310
random,23875704
random,24957156
random,25423970
random,23687326
random,24368586
random,23866050
random,24075298
random,23973780
random,23883776
random,23744054
random,23811892
random,23976224
random,23984058
random,23890056
random,23758630
random,23777400
random,24314696
random,24370780
random,23907878
random,23786738
random,23813508
random,24531214
random,24056848
random,23935414
random,23895438
random,23771214
random,23778426
random,24095612
random,24312056
random,24074882
random,24152872
random,23835830
random,23831328
random,23839906
random,23869896
random,23809894
random,24362158
random,23829416
random,25991462
random,23878362
random,23885292
random,24344624
random,23985618
random,23985710
random,23833050
random,24249522
random,23805818
random,23867200
random,23809552
random,23832704
random,24081498
random,23875830
random,24388282
random,23887012
random,24956254
random,24154744
random,23768238
random,23908104
random,24145854
random,23812734
random,24312842
random,24098072
random,23866652
random,23864208
random,23857774
random,24042706
random,23786372
random,24061918
random,24209838
random,23888880
random,24296200
random,26265462
random,24267484
random,23869012
random,23947302
random,23844040
random,23860836
random,23769250
random,24146896
random,23876726
random,23873744
random,23778928
random,23672492
random,23786548
random,23739172
random,23777294
random,23800026
random,23878890
random,23866182
random,23939574
random,23847932
random,24290848
random,24318130
random,24373658
random,24658250
random,23835144
random,23797660
random,23785014
random,23773726
random,24153520
random,24244716
random,24074634
random,24314744
random,23816514
random,23821508
random,24197148
random,23845082
random,24119102
random,23802116
random,25010716
random,24312066
random,24310566
random,23854278
random,24316020
random,23811816
random,23778016
random,23896316
random,23884878
random,23960800
random,24041458
random,23827438
random,23818242
random,24204454
random,24336266
random,24235368
random,23906886
random,23861852
random,24060718
random,23851688
random,26086922
random,24112492
random,23851562
random,24024082
random,23788540
random,24076686
random,23757194
random,23939920
random,23891116
random,23993892
random,23828776
random,23672530
random,23824790
random,23895850
random,23813416
random,24155084
random,23741076
random,24122636
random,23861120
random,24942294
random,24026652
random,23800654
random,24418980
random,23958934
random,23721418
random,23749762
random,23845428
random,24100140
random,23735816
random,24084166
random,23881260
random,24477496
random,23831236
random,23705164
random,23932794
random,23787254
random,23718900
random,23743628
random,23712498
random,25922526
random,23919706
random,23828650
random,23820566
random,23992072
random,24183986
random,23808912
random,23805272
random,23793740
random,24298244
random,24269956
random,23993960
random,23837322
random,23398540
random,23143920
random,23515340
random,23765026
random,23599856
random,23677584
random,23617350
random,23496996
random,23290174
random,23771882
random,25213974
random,23799254
random,23799338
random,23823806
random,24407046
random,23776020
random,23814708
random,23893764
random,23820844
random,23775876
random,23780180
random,23930650
random,23768284
random,24269502
random,24243162
random,24246076
random,23857850
random,23915826
random,23910956
random,23820764
random,23639584
random,23563486
random,23841146
random,22947774
random,23181398
random,23689738
random,23681588
random,23910072
random,23863890
random,23498066
random,23354706
random,23117364
random,23845392
random,23767262
random,23863342
random,23786498
random,24563282
random,24057592
random,24001266
random,23817388
random,23720356
random,22744992
random,23529972
random,23559104
random,23499706
random,23173090
random,23316568
random,22789412
random,23173366
random,23212982
random,23169900
random,23499208
random,23030432
random,23589080
random,23271528
random,25657458
random,24001200
random,23378984
random,23204906
random,23347774
random,23178548
random,23684456
random,23300332
random,23292676
random,23387736
random,22327944
random,23624782
random,22985782
random,22416682
random,23088022
random,23011426
random,22616632
random,23618908
random,24317554
random,23108930
random,22058964
random,22849588
random,22868252
random,23520708
random,22203896
random,22527500
random,22953834
random,22492418
random,22030056
random,22607724
random,23090612
random,23725452
random,23100186
random,23394082
random,23208654
random,22709294
random,23739916
random,23066226
random,22844044
random,23817734
random,23993102
random,23614022
random,23593228
random,23075758
random,23465812
random,23438250
random,23682828
random,23634786
random,23479292
random,23302316
random,23332724
random,23410174
random,23435288
random,22803252
random,23180814
random,23001974
random,23623800
random,23733892
random,23140696
random,23290836
random,23357360
random,23653342
random,23345578
random,23719296
random,23146234
random,23885038
random,23555424
random,23733086
random,23387998
random,22694474
random,22765670
random,23440708
random,23325238
random,23129234
random,22873572
random,23949262
random,23723682
random,23755956
random,23782406
random,22733386
random,23380186
random,22664666
random,22951058
random,22562636
random,22793534
random,22981368
random,23669326
random,23594474
random,23453284
random,23477356
random,22895392
random,23024956
random,23403560
random,23743922
random,23513430
random,23125954
random,23063030
random,23355962
random,23357210
random,23449804
random,23273850
random,23188362
random,23611238
random,23369812
random,23714134
random,23161122
random,23471646
random,24033236
random,24704538
random,23780990
random,23558754
random,23475656
random,23604696
random,23491560
random,23465774
random,23545058
random,22839786
random,23398908
random,23991054
random,23717270
random,23054122
random,23141506
random,23590498
random,23496290
random,23739956
random,23364962
random,23067136
random,22969938
random,22699992
random,23178460
random,23502516
random,23528330
random,22830422
random,23233844
random,24160236
random,23693972
random,23299330
random,22730968
random,22996666
random,23031832
random,22381086
random,23656318
random,23604286
random,23319148
random,25499026
random,24915894
random,23529724
random,23673350
random,23306930
random,22455258
random,23192560
random,23626390
random,22385236
random,23416916
random,24002620
random,23534032
random,23536706
random,23554556
random,23331746
random,23276504
random,22925220
random,23747624
random,23612762
random,23473404
random,25869428
random,24067686
random,23322270
random,23213314
random,23246494
random,23713914
random,23280804
random,22687714
random,23425518
random,22303714
random,23259116
random,23133576
random,23240294
random,23347806
random,23868198
random,22789620
random,22971614
random,22886962
random,22693790
random,24328012
random,23473198
random,23262956
random,22992710
random,22954708
random,22675172
random,22976272
random,22324066
random,23353152
random,23178106
random,23569292
random,23828362
random,23376874
random,23439862
random,23310980
random,23570488
random,23005642
random,26207286
random,23487640
random,23694032
random,23394676
random,22713102
random,23435104
random,22620936
random,23100586
random,23282506
random,23279542
random,22808504
random,23438204
random,22159890
random,23110854
random,22750622
random,22974408
random,22993892
random,23312638
random,23429612
random,22959058
random,23692296
random,23219778
random,23807896
random,23233834
random,24014448
random,23271352
random,23625636
random,23387726
random,22860192
random,23237490
random,22947602
random,23019612
random,22714472
random,22967654
random,23004154
random,23260818
random,23084598
random,23058898
random,23429250
random,23154102
random,23911932
random,22706480
random,23288790
random,23585186
random,23141110
random,24038754
random,23348308
random,23468120
random,22984492
random,23378336
random,22957464
random,23526638
random,23391672
random,22678606
random,23291628
random,23066898
random,23145666
random,23262820
random,23425290
random,23563378
random,24396370
random,23694836
random,23791564
random,23799232
random,23681074
random,23741916
random,23942632
random,23359164
random,23634372
random,23407990
random,23351198
random,23243438
random,23743598
random,23575422
random,24092400
random,23557514
random,23542432
random,24017980
random,23741840
random,23832832
random,24440384
random,23937520
random,23928100
random,23190706
random,22998302
random,23629138
random,23552452
random,25870808
random,23547912
random,23407674
random,23369266
random,23301462
random,23858316
random,22894216
random,23128790
random,23484702
random,23312768
random,22749882
random,23149796
random,22857722
random,23130062
random,23925978
random,23725490
random,23492520
random,23675530
random,22992496
random,23013372
random,23180422
random,22928636
random,23658360
random,23118994
random,23441640
random,23697172
random,23721502
random,23848350
random,23765370
random,23798456
random,24116264
random,23600742
random,23775702
random,23128964
random,22816656
random,23413016
random,22541918
random,23356342
random,23558442
random,23725142
random,22919296
random,22978226
random,23447518
random,22731686
random,22878678
random,22946646
random,23363124
random,23582432
random,22505014
random,23961060
random,23813270
random,24293002
random,24043352
random,22750474
random,23336740
random,23794664
random,23854188
random,23307870
random,22938134
random,22391014
random,22134096
random,23517340
random,23840424
random,23661012
random,22587868
random,23785950
random,23225918
random,22888208
random,22848448
random,23097292
random,23146736
random,24469630
random,23621310
random,22465208
random,23274910
random,22811204
random,23530712
random,22867896
random,23531942
random,24179964
random,22909620
random,22648666
random,23359526
random,23332692
random,22422002
random,22716578
random,23712352
random,22448692
random,23220592
random,23415640
random,23111634
random,23769544
random,23740820
random,23616914
random,23349578
random,23862068
random,23388738
random,23696692
random,22992918
random,22221996
random,23369400
random,23027552
random,23113670
random,22786190
random,23262716
random,23092514
random,23512160
random,22214826
random,24842018
random,23843330
random,23001572
random,23029946
random,22565356
random,22981982
random,23733308
random,22945894
random,23278032
random,22890784
random,22348148
random,22951554
random,22494156
random,23073710
random,22878350
random,22395400
random,22341638
random,23966134
random,22713062
random,23348280
random,23479922
random,23825808
random,22779664
random,25134058
random,23741048
random,23207834
random,23006884
random,23676194
random,22850154
random,22907614
random,23377062
random,23159542
random,23315032
random,23802288
random,23548612
random,23376248
random,23114340
random,22918762
random,23888554
random,23481760
random,23063302
random,23512958
random,23040686
random,24839726
random,23719680
random,23251864
random,22782082
random,23642330
random,23445230
random,23448450
random,23448640
random,22979480
random,22527966
random,23356024
random,23538204
random,23235148
random,23566350
random,22696016
random,23606494
random,22690568
random,23397860
random,23187496
random,22820488
random,23624096
random,25735904
random,24112500
random,22951772
random,22827300
random,23199634
random,23316846
random,23364284
random,22902066
random,24531124
random,23555944
random,23411856
random,23446812
random,22936916
random,23848270
random,23227360
random,23657196
random,23725754
random,23446064
random,23747812
random,24098886
random,23708962
random,23694604
random,23523006
random,22894682
random,23743920
random,23269382
random,22708314
random,23679048
random,23316336
random,22638946
random,22123344
random,23475948
random,23331222
random,22472290
random,23931178
random,23506894
random,23869284
random,23347928
random,23536764
random,23222988
random,23350290
random,25760002
random,23320136
random,23678102
random,23515704
random,23411096
random,22993196
random,23564764
random,23898964
random,23352704
random,23772358
random,23942410
random,23469230
random,23195376
random,22998968
random,23318584
random,22764596
random,23803486
random,23022360
random,25513414
random,23559148
random,23540328
random,23455236
random,23539500
random,22812392
random,22451914
random,23277146
random,22352662
random,23457350
random,23051934
random,23075966
random,22860666
random,23297006
random,23707296
random,22677734
random,23641398
random,23046486
random,23251342
random,23713848
random,23384158
random,23035202
random,23935486
random,23600070
random,23094406
random,23337800
random,24061576
random,23740220
random,23718262
random,22881398
random,23454508
random,22204592
random,23866404
random,23911362
random,22892960
random,22769064
random,22990122
random,22901274
random,23735946
random,23099052
random,23156606
random,23260176
random,23397082
random,23429758
random,22708848
random,23762104
random,23732972
random,23269276
random,23286554
random,23358508
random,23412828
random,23699988
random,23499092
random,23459600
random,23195872
random,23299268
random,23770742
random,23203490
random,22963182
random,23390652
random,23145820
random,23467374
random,24077504
random,23454362
random,23429880
random,23226730
random,23431916
random,23406074
random,23681376
random,23224572
random,23255934
random,23428696
random,25356152
random,24645076
random,23465258
random,23887620
random,23021394
random,23162600
random,22291350
random,22773216
random,23741842
random,23322014
random,23173112
random,22837238
random,23339316
random,23018004
random,22836792
random,22247710
random,22821706
random,23745946
random,23825360
random,23822874
random,23440846
random,23368618
random,22411256
random,23396762
random,22407950
random,22143274
random,22805672
random,22767186
random,22322184
random,23342212
random,23995792
random,22983374
random,24177862
random,22879358
random,23489060
random,23049178
random,22573936
random,22466770
random,23055362
random,23476620
random,23166096
random,24067858
random,22732958
random,22997294
random,22755072
random,22977618
random,23098792
random,22531742
random,22913036
random,22778002
random,22968406
random,22712528
random,22002544
random,23322216
random,23064610
random,23438814
random,23528812
random,23742388
random,23841192
random,23520906
random,23852328
random,23178806
random,22216030
random,22700168
random,23166180
random,23585544
random,22706302
random,22608912
random,23300128
random,22945312
random,23469334
random,23246844
random,22695078
random,22674108
random,22814984
random,23200454
random,23650662
random,23520322
random,24031484
random,23696394
random,23648754
random,23359084
random,23326560
random,23833444
random,23351220
random,23329540
random,23535670
random,23985784
random,23513536
random,23634206
random,22932048
random,23962544
random,23220544
random,23133490
random,22902424
random,23801204
random,23162550
random,23728442
random,23322242
random,23522552
random,22706608
random,23737986
random,23419944
random,23255566
random,23220370
random,22998746
random,22983222
random,23823350
random,23450596
random,23261534
random,23544334
random,23482736
random,22522168
random,24338182
random,23945298
random,23457480
random,23566960
random,23346402
random,23926810
random,22595278
random,22800026
random,23039246
random,23027892
random,22991450
random,22668402
random,23098606
random,23355012
random,23789044
random,23304452
random,23731462
random,24204824
random,23936252
random,23090124
random,23100744
random,23417436
random,23333536
random,23213558
random,23961846
random,23300732
random,23143596
random,23792956
random,24322436
random,23695886
random,23421264
random,23891990
random,23196386
random,23665896
random,23623334
random,23509064
random,23329378
random,23265530
random,24229414
random,23557140
random,22991182
random,23257626
random,23473126
random,23804582
random,22978544
random,23507096
random,23258022
random,23586284
random,23616680
random,23501788
random,23846498
random,23800756
random,23386508
random,24023034
random,22889948
random,23035854
random,22369858
random,25387914
random,23663962
random,23574384
random,22669400
random,22726070
random,22973176
random,23049232
random,22211598
random,22777720
random,22957560
random,23649516
random,22798530
random,23524762
random,22950666
random,22865308
random,22492528
random,22392356
random,23399946
random,22587148
random,24191592
random,23731154
random,23625950
random,22843436
random,23911894
random,23219304
random,23442828
random,23418796
random,23551390
random,22622678
random,23104512
random,23054652
random,22959792
random,23075308
random,23362638
random,23598660
random,23301444
random,23548164
random,23718224
random,22921752
random,23083430
random,23421578
random,23775878
random,23595640
random,23206516
random,23226442
random,23579058
random,23465582
random,22955288
random,23704486
random,23046662
random,22655870
random,22838658
random,23535628
random,23733992
random,23749398
random,23725750
random,23604378
random,23364654
random,23155120
random,23201574
random,23164722
random,23012620
random,23241122
random,22986406
random,23003948
random,21967718
random,22697652
random,23182132
random,23239410
random,23764030
random,22693746
random,23115548
random,23554642
random,23567804
random,23493262
random,24313848
random,23769754
random,23371698
random,22591534
random,23664576
random,23803774
random,22838380
random,23564930
random,22738672
random,23145064
random,23454372
random,23168168
random,23494344
random,23217786
random,22527408
random,23519438
random,23949366
random,23686144
random,23777344
random,25868400
random,23664146
random,23672068
random,23372228
random,23390300
random,23173864
random,23210370
random,23829178
random,23484864
random,23817092
random,23731252
random,23760280
random,23541938
random,23005948
random,23872976
random,23312640
random,24153322
random,23271076
random,24027016
random,23767542
random,23469976
random,23555382
random,22856480
random,23244458
random,22611042
random,23822690
random,23782476
random,23761870
random,23896464
random,23804310
random,24076072
random,23785390
random,23703282
random,23588302
random,23807046
random,23721350
random,24003660
random,23251966
random,23163292
random,23739136
random,22952962
random,23727216
random,23017044
random,23463368
random,23499218
random,25961098
random,23674060
random,23813342
random,24384664
random,23589852
random,23681926
random,23440360
random,23536536
random,23816804
random,23424592
random,23061768
random,23532970
random,23596508
random,23507026
random,22849186
random,23610326
random,24859158
random,23805822
random,23775660
random,23358742
random,23423498
random,23710672
random,23632886
random,23725006
random,23100946
random,23386484
random,23850788
random,23019996
random,22115608
random,23199836
random,23376746
random,22818782
random,23068036
random,23194298
random,23438282
random,23202224
random,23605640
random,24872362
random,23690184
random,23086100
random,23635204
random,23090354
random,22958768
random,22984336
random,23098318
random,23525056
random,23739888
random,23025508
random,23288782
random,22872090
random,23668562
random,23444144
random,23307864
random,23674332
random,23335376
random,23136598
random,23750408
random,23840512
random,23577956
random,23559094
random,23499018
random,23088428
random,23221656
random,23243428
random,23074264
random,23529432
random,23688532
random,24199508
random,23691684
random,23042830
random,23440946
random,23455788
random,23693102
random,23644992
random,23432350
random,23466956
random,23529250
random,23296320
random,23420364
random,23553464
random,22681572
random,22964986
random,23189648
random,23475914
random,22953574
random,23787660
random,23556516
random,23853270
random,23584326
random,23410908
random,22845112
random,23488680
random,23834012
random,23730986
random,23660868
random,23453706
random,23141690
random,23485916
random,23373112
random,23036832
random,23397264
random,23500674
random,23480086
random,23317908
random,30308774
random,23535160
random,23524922
random,24308592
random,23560032
random,23380860
random,23649796
random,23483224
random,23695222
random,23169388
random,23394264
random,23402550
random,23207364
random,23250974
random,23624240
random,23126106
random,23110366
random,23753262
random,23604538
random,23379132
random,23701588
random,22883372
random,23755160
random,23253206
random,22885058
random,22952570
random,23249436
random,23284834
random,22697150
random,23552468
random,23914940
random,22569136
random,23371088
random,22301532
random,22730292
random,23130294
random,23324408
random,23135506
random,23810478
random,22916740
random,23454412
random,22922700
random,23756832
random,22335080
random,22570886
random,23339686
random,22368482
random,23193380
random,23501648
random,23311468
random,22235498
random,22509256
random,23573078
random,23121288
random,22758624
random,23690448
random,24067126
random,22784100
random,23885288
random,23525250
random,22991178
random,23022292
random,22619110
random,23100490
random,23029876
random,23212258
random,23629278
random,22495978
random,23462770
random,23377804
random,22428202
random,22713158
random,23012538
random,22979236
random,22881940
random,23606168
random,23648916
random,23044882
random,23029090
random,23507936
random,23464566
random,23306958
random,23495828
random,23800156
random,23472116
random,23805020
random,23618970
random,23703030
random,23762078
random,23739896
random,23774330
random,23777120
random,22940098
random,23382118
random,23579094
random,23758782
random,23427810
random,23293360
random,22905168
random,23258814
random,23469244
random,23871004
random,23328420
random,23097452
random,23576366
random,23117740
random,23232664
random,23013362
random,23352036
random,23418796
random,23499852
random,23318630
random,23398766
random,23587440
random,23693700
random,23217112
random,23823812
random,23455734
random,23083928
random,23553334
random,23566406
random,22676836
random,23340146
random,22662248
random,23065030
random,23753290
random,23759566
random,23475870
random,24261798
random,23358794
random,23686900
random,23679542
random,23752788
random,23362606
random,23905958
random,23179094
random,23644292
random,22942944
random,22170488
random,23111374
random,23055676
random,23648450
random,23326052
random,22955248
random,23455606
random,23442476
random,23012378
random,23473158
random,22715090
random,24777260
random,23710560
random,23103556
random,23442342
random,23974522
random,22788416
random,23540532
random,23821146
random,23212836
random,23491460
random,23728060
random,23527326
random,23384888
random,23796522
random,23066936
random,23546894
random,23448678
random,23514052
random,23833918
random,23486050
random,22536742
random,22970254
random,23639960
random,23487756
random,23647684
random,23117398
random,23466618
random,22765162
random,23479574
random,23285590
random,23846940
random,23678834
random,23197046
random,23741848
random,23603820
random,23807490
random,24024096
random,24594988
random,23692176
random,23131576
random,23652724
random,23623414
random,23053364
random,23647106
random,22785604
random,23066338
random,23626928
random,23493896
random,23620402
random,22893140
random,23671704
random,23668136
random,23956350
random,23847152
random,23667792
random,23623278
random,23413378
random,23638290
random,23448912
random,23033710
random,23330070
random,22899196
random,23265342
random,23211664
random,23856064
random,23834828
random,25270270
random,23695496
random,23802232
random,23623328
random,23629072
random,23065120
random,23555608
random,23529450
random,23806884
random,23495108
random,23152768
random,23454460
random,23504514
random,23744110
random,23247076
random,22666572
random,23248490
random,22861590
random,23880402
random,23612476
random,23784912
random,23646146
random,23681408
random,23533930
random,23854278
random,23240042
random,23395270
random,23716424
random,23145380
random,23219752
random,23743272
random,23096696
random,23204616
random,22809490
random,23457412
random,22730468
random,23390712
random,23159482
random,23540096
random,23737928
random,23029080
random,23838948
random,22936274
random,22491992
random,23855584
random,23664422
random,23803838
random,23830324
random,23632000
random,23802990
random,23718488
random,23809086
random,24096456
random,24162252
random,23890270
random,23504674
random,23004952
random,23307686
random,23727716
random,22883854
random,23633300
random,23151236
random,23690666
random,23767108
random,23193210
random,22890950
random,23822570
random,23723722
random,23221180
random,23121216
random,23737068
random,24001558
random,23592436
random,22901052
random,23633492
random,23350014
random,24188104
random,23051720
random,23462990
random,23120842
random,23208568
random,23525584
random,22815486
random,23477532
random,24460440
random,23835376
random,23898030
random,23612414
random,22891458
random,23603008
random,23019192
random,22767540
random,23470030
random,23188558
random,22610350
random,25622252
random,23790364
random,22928420
random,22794938
random,22856394
random,22555568
random,22570850
random,22297836
random,23687706
random,23145626
random,23326904
random,23179646
random,23235500
random,23330832
random,23352468
random,21996872
random,22332878
random,22711190
random,22728098
random,23808102
random,23125090
random,22858976
random,23317922
random,23008428
random,22735330
random,23325928
random,23672686
random,23721460
random,23395934
random,23460346
random,24220460
random,23760904
random,22987088
random,23502782
random,23581244
random,22941244
random,22648584
random,23692046
random,23531694
random,23849294
random,22604264
random,23216368
random,22877630
random,22690594
random,23131148
random,23524516
random,22737288
random,22699748
random,23328018
random,23898174
random,22689190
random,22942862
random,23121252
random,23180216
random,22330444
random,21849636
random,22936202
random,24503470
random,23766954
random,22983502
random,22271272
random,22779868
random,22331962
random,23916696
random,23759998
random,23974050
random,23751686
random,23925736
random,23226652
random,23106408
random,22604470
random,22809730
random,23931260
random,24048408
random,23202442
random,23447806
random,23058378
random,23354868
random,23727130
random,23145498
random,23915582
random,23482168
random,23401192
random,23150170
random,23362050
random,22820898
random,22385986
random,24513908
random,23705296
random,22772300
random,23058810
random,23053452
random,23166170
random,22339460
random,23414916
random,22916370
random,23347610
random,23886328
random,23946028
random,23819900
random,23734138
random,23725564
random,23726432
random,23298088
random,23734666
random,23761194
random,24050884
random,24239490
random,23517506
random,23412300
random,23152114
random,23638798
random,23137138
random,23847208
random,23749946
random,23098564
random,23055728
random,22976428
random,23282134
random,23734100
random,23345720
random,22786990
random,23169136
random,24973780
random,23596156
random,23460378
random,23570746
random,23440134
random,23082816
random,23157164
random,23500078
random,23731762
random,22839944
random,23316154
random,23624612
random,23551368
random,23836304
random,23791212
random,23616970
random,23645602
random,23608224
random,23481428
random,23065684
random,23815430
random,22848064
random,24121988
random,23007606
random,23874164
random,23569680
random,23011128
random,23346568
random,23679158
random,23199470
random,23814562
random,23392960
random,23935308
random,23382000
random,23818566
random,23457424
random,23869968
random,23618640
random,22916330
random,23318616
random,23688526
random,23318798
random,23425332
random,23508870
random,23512288
random,23079556
random,23194550
random,23029878
random,23183546
random,23276096
random,22786052
random,23529040
random,23263798
random,23799502
random,23040574
random,22979650
random,22929788
random,25475980
random,23120398
random,23582728
random,23737158
random,24161082
random,22521976
random,22450164
random,24037460
random,23199282
random,23285194
random,23508122
random,23200604
random,22295850
random,23097110
random,23746310
random,23065324
random,22951442
random,22693734
random,22926856
random,22846960
random,23053190
random,25868614
random,23794558
random,23442470
random,23038822
random,23525666
random,23590908
random,22971410
random,23501082
random,23793074
random,23042042
random,23439282
random,23384820
random,23535528
random,23051916
random,23621180
random,23339152
random,23171884
random,23013394
random,25877264
random,23947548
random,23667586
random,23574412
random,23534850
random,23908850
random,23578512
random,23281508
random,23930810
random,23623838
random,23767086
random,23628926
random,22921576
random,23661970
random,23295426
random,23592872
random,23674074
random,23516598
random,23234908
random,24141852
random,23678470
random,23506960
random,26954090
random,23606194
random,22575434
random,23068186
random,23132912
random,23441782
random,22716860
random,22059418
random,23000644
random,22299846
random,23457060
random,23720884
random,22982886
random,23226328
random,23573968
random,23354416
random,22914656
random,23466422
random,23010558
random,23654930
random,23691120
random,25437836
random,24480282
random,23461760
random,23555070
random,23592706
random,24029290
random,23591942
random,23474750
random,23315772
random,23206878
random,23375742
random,22988450
random,23149120
random,23177550
random,23198396
random,23364604
random,23501966
random,23645868
random,23461812
random,23784692
random,23978288
random,23711258
random,25783472
random,23857228
random,23860822
random,22799848
random,23136656
random,23911020
random,23498712
random,22978748
random,23170812
random,23678474
random,23703248
random,23645698
random,23952728
random,23624162
random,23338450
random,24098876
random,24075868
random,23717650
random,23738646
random,25120770
random,23815816
random,23370024
random,23177632
random,23512672
random,23192588
random,23834530
random,23094886
random,23434056
random,23048378
random,23553086
random,23601600
random,23062888
random,23412568
random,23767460
random,23537554
random,24030030
random,23292970
random,22889294
random,23496424
random,25747532
random,23700206
random,23728190
random,22716306
random,23205996
random,22828662
random,23462590
random,23148036
random,22778286
random,23512426
random,23186958
random,22932810
random,23888574
random,23446762
random,23043172
random,23445748
random,23650902
random,23246286
random,23591356
random,23764152
random,24352752
random,25220564
random,23591112
random,23667418
random,22789518
random,22936062
random,23245662
random,22573546
random,23598972
random,22360708
random,23081052
random,22462948
random,22391098
random,23316276
random,22960796
random,22638838
random,22534416
random,22844894
random,23465402
random,23368794
random,23516066
random,22559288
random,22652214
random,22665096
random,23631664
random,22294786
random,23746812
random,23211398
random,23641658
random,25111116
random,26077612
random,23049360
random,23354342
random,23222428
random,22571042
random,23009752
random,24913608
random,23117272
random,23656246
random,23466984
random,23440642
random,23339388
random,23702914
random,23662528
random,23597290
random,23284242
random,23528448
random,23855818
random,22558042
random,22955304
random,23218260
random,22694362
random,24493866
random,23707808
random,23028464
random,23112758
random,23174700
random,23453702
random,22827852
random,33593862
random,23221592
random,23869634
random,23414504
random,23226580
random,23702114
random,23154280
random,23747048
random,25932054
random,24743202
random,24002838
random,23194592
random,23076654
random,23058326
random,23102894
random,23853952
random,23082682
random,22825282
random,23966144
random,23669134
random,23445604
random,23528834
random,23583890
random,23404534
random,23802980
random,22985850
random,23755908
random,23550330
random,23711652
random,24120052
random,23566404
random,23361274
random,23377330
random,23731352
random,23855352
random,24837408
random,24185524
random,24258386
random,24071278
random,23833514
random,23843356
random,24262190
random,24007492
random,23602650
random,25460478
random,24163200
random,23984358
random,23040788
random,23776158
random,23263650
random,23551218
random,23403614
random,25265832
random,24568474
random,24285302
random,24446292
random,24394864
random,24231948
random,24230564
random,24167850
random,24501694
random,24035704
random,24415080
random,25727716
random,24957058
random,24244838
random,23980700
random,24091326
random,23802454
random,24640272
random,23876434
random,24213274
random,23740240
random,23613816
random,23604416
random,22988894
random,23867502
random,24186214
random,23541714
random,23620568
random,23348524
random,23608138
random,23809282
random,23927236
random,23558732
random,23629480
random,23810718
random,23491668
random,23863804
random,23260158
random,23674016
random,22551844
random,24065962
random,23696488
random,23730256
random,24050286
random,23723202
random,23724438
random,23658084
random,23611384
random,24232740
random,24341584
random,23745824
random,23359454
random,23824326
random,23621300
random,25202392
random,23842414
random,23390940
random,23652764
random,24044270
random,24394406
random,24443732
random,24117094
random,24107934
random,24554302
random,24457632
random,25957454
random,24207106
random,24107982
random,24136642
random,24177928
random,24093884
random,25337594
random,24218502
random,24696982
random,23794494
random,23790684
random,23679930
random,23508936
random,23237106
random,23517594
random,23515678
random,23657584
random,23603560
random,23661960
random,24136600
random,23735050
random,23747088
random,23771432
random,23880584
random,23503782
random,23371872
random,23345114
random,23402782
random,23813310
random,24116726
random,24144482
random,23998868
random,25461224
random,24020866
random,23748776
random,23569420
random,23629216
random,23238176
random,23754748
random,23831620
random,23572416
random,23586830
random,22673378
random,26238394
random,24109580
random,24087722
random,25811888
random,24168372
random,24042400
random,24730572
random,23391266
random,24023110
random,25326884
random,24181558
random,24279154
random,24310190
random,24038292
random,24161032
random,24405096
random,24189150
random,23562274
random,25291506
random,23673790
random,23615098
random,23680120
random,23655778
random,23513208
random,23866850
random,23752778
random,23911370
random,24700668
random,23590416
random,23742328
random,23626700
random,23851650
random,24010664
random,23287726
random,23239226
random,25651858
random,24165488
random,23948822
random,23812706
random,24104984
random,23855306
random,23738562
random,24046276
random,23879040
random,23888966
random,23741502
random,23954132
random,23688362
random,23955348
random,23784450
random,23783252
random,23728582
random,23844046
random,23733050
random,24738342
random,23725582
random,24590542
random,23770128
random,23865842
random,23805908
random,24343016
random,24254458
random,24360368
random,24003738
random,23716626
random,23867048
random,23781200
random,23894076
random,24170394
random,24222196
random,23756542
random,23756616
random,23768310
random,23919146
random,25127696
random,24231972
random,23859270
random,23764644
random,23988150
random,23953646
random,23790520
random,23733588
random,23850966
random,23826380
random,23965872
random,23833358
random,23726506
random,23718864
random,23874632
random,23741962
random,24009154
random,23746862
random,23819922
random,23934904
random,24248170
random,23902654
random,23874236
random,23648246
random,23494270
random,23718666
random,23726582
random,23900982
random,23735334
random,23934200
random,23894430
random,24231622
random,23887638
random,24127856
random,24157044
random,23875412
random,23770850
random,23763978
random,24249344
random,23834132
random,23939224
random,23698860
random,23913814
random,24055470
random,24186380
random,23812710
random,23869340
random,23722760
random,23720008
random,23737154
random,24524556
random,23746038
random,23720718
random,24296894
random,23939092
random,23784676
random,23882612
random,24933486
random,24364272
random,23712702
random,23765070
random,24365170
random,23900222
random,23734914
random,23747464
random,23840776
random,23968536
random,23912772
random,24393514
random,24021842
random,23718910
random,23841622
random,23709780
random,24238320
random,23720198
random,23730158
random,23741896
random,23889288
random,23739236
random,23846072
random,23771292
random,23706874
random,24214232
random,23776940
random,23737160
random,23722446
random,23819952
random,23844062
random,23746362
random,23850674
random,23867024
random,23905856
random,23857424
random,23847432
random,23752742
random,24401518
random,23729222
random,23852504
random,23759848
random,23817154
random,23795658
random,23927802
random,23925706
random,23862992
random,23765372
random,23846172
random,23764436
random,23710708
random,23714600
random,23858740
random,24544654
random,24437498
random,23810104
random,24135558
random,23973156
random,23973314
random,23723176
random,23929404
random,23756814
random,24141494
random,23918608
random,24529908
random,23851772
random,23855390
random,23746638
random,23775634
random,23727568
random,23730106
random,24174576
random,23732180
random,24529238
random,23724392
random,24225306
random,23710084
random,23672128
random,23705432
random,23692654
random,23680400
random,23715146
random,23701928
random,23765252
random,23889820
random,23693866
random,23705364
random,23680860
random,23712092
random,23693942
random,23697466
random,23691214
random,23888956
random,24795052
random,24338744
random,23739210
random,23953268
random,23759878
random,23697846
random,23843074
random,23667058
random,23868964
random,23650914
random,23777054
random,23804212
random,23664894
random,23675150
random,23958442
random,23664356
random,23646576
random,23680136
random,24225802
random,24081992
random,23831476
random,23805212
random,26132966
random,23932672
random,23675650
random,23653602
random,23646560
random,23345750
random,23676634
random,23679984
random,24117892
random,23992150
random,24087558
random,23736528
random,23655924
random,23652958
random,23816974
random,23661206
random,23671806
random,23676106
random,23688360
random,24075900
random,23674338
random,23676362
random,24193788
random,23644632
random,23661550
random,23660022
random,23711320
random,23660350
random,23756924
random,23683502
random,23724476
random,23662022
random,23652396
random,23687752
random,23696490
random,23698004
random,23890308
random,23890512
random,23938510
random,23761446
random,23948822
random,23661492
random,23737280
random,23421762
random,22949760
random,22188650
random,23176250
random,23898466
random,23595744
random,23700408
random,23440424
random,23400006
random,23477358
random,23204156
random,23434230
random,23698844
random,23664770
random,23690496
random,23689998
random,26254342
random,23747106
random,23993320
random,23805326
random,23675016
random,23668170
random,23687826
random,23662660
random,23657134
random,24228174
random,23669580
random,24035122
random,24248994
random,23780542
random,23663778
random,23961594
random,23668586
random,23961438
random,23461472
random,23047280
random,23743534
random,23642404
random,23672868
random,23247596
random,23365362
random,23194128
random,23535560
random,23657394
random,23803874
random,23638208
random,23649814
random,23665188
random,23679778
random,23667682
random,23687626
random,23805478
random,23504110
random,23270872
random,22695974
random,24459124
random,23662680
random,23453608
random,23424182
random,23503068
random,23643748
random,23717382
random,23467870
random,23675576
random,23638044
random,24221218
random,23872900
random,23857262
random,23246236
random,22894400
random,23090552
random,23371478
random,23259574
random,23224130
random,23031474
random,23485026
random,22743272
random,22867424
random,22931204
random,22256018
random,23068290
random,23249972
random,23464956
random,23410194
random,23343194
random,23302056
random,22452926
random,23477774
random,22480002
random,23500162
random,23187660
random,23002944
random,22724784
random,22531308
random,23159810
random,23322672
random,22543680
random,24567706
random,23403124
random,22997002
random,23097768
random,22779584
random,23319970
random,23767978
random,22776756
random,22453170
random,22643224
random,23517672
random,23021812
random,22611144
random,22449470
random,23095022
random,23646896
random,23544376
random,24067392
random,23343426
random,23284994
random,22676882
random,23443206
random,22836902
random,23063296
random,23636534
random,23837846
random,22768162
random,23961836
random,23676746
random,23663552
random,23534940
random,23531980
random,23098034
random,23428188
random,23291278
random,24124526
random,23735170
random,23323670
random,23666492
random,23620078
random,23791788
random,23493650
random,23811328
random,23256476
random,23236416
random,24373174
random,22876940
random,23443714
random,23559562
random,22944286
random,23837512
random,23608926
random,23077716
random,22536270
random,22709554
random,23834868
random,22479944
random,23333268
random,23346012
random,23519028
random,22842128
random,23493044
random,23221260
random,23347604
random,22885474
random,23337660
random,23392970
random,23621052
random,23785052
random,23680258
random,23413284
random,24314132
random,23297416
random,23446056
random,23710010
random,22966898
random,23138446
random,22492566
random,22952216
random,23073290
random,23115442
random,23356642
random,23537990
random,23415702
random,23165998
random,23542598
random,26117650
random,24050678
random,22451450
random,23671568
random,23847284
random,23398724
random,22818632
random,22500466
random,23394134
random,22998438
random,23267182
random,23555896
random,23726694
random,22922470
random,23534638
random,22682858
random,23356274
random,22991192
random,23095266
random,22968738
random,23601010
random,25638894
random,24128222
random,23437996
random,23639936
random,22404430
random,23727584
random,23663710
random,22782612
random,22142098
random,22775434
random,23348374
random,23162876
random,23655142
random,23544848
random,23707630
random,23613860
random,23379518
random,23337302
random,23626522
random,23279020
random,24933036
random,22158782
random,23713296
random,22947880
random,23088484
random,23141266
random,23154470
random,22873760
random,23615278
random,23935472
random,23305714
random,23441508
random,23168068
random,23086786
random,23640498
random,23136352
random,23598628
random,22988752
random,24840942
random,23735266
random,22761216
random,23532902
random,23330828
random,23280474
random,23444476
random,23393362
random,23135890
random,23049066
random,23092836
random,22875364
random,23167914
random,23725824
random,23756696
random,23346290
random,22528080
random,25174394
random,24028722
random,23363776
random,23371482
random,22683402
random,23050584
random,22955828
random,23532302
random,23065774
random,23347674
random,23499634
random,23103484
random,23486876
random,23025018
random,23304238
random,23532170
random,24965494
random,23965804
random,23733534
random,23867726
random,23676108
random,23198110
random,23904518
random,23234984
random,33123836
random,23149832
random,23023216
random,23105330
random,22935208
random,22745000
random,23710754
random,22779326
random,22760990
random,23019734
random,23383708
random,23233612
random,25843528
random,24082318
random,22286130
random,22967360
random,23073422
random,23428960
random,22994418
random,23051168
random,23523742
random,23428054
random,23103716
random,23721302
random,23553370
random,22980866
random,25460290
random,23676444
random,23270412
random,23644022
random,23511974
random,22990306
random,23150824
random,23092886
random,23121448
random,23019026
random,22608752
random,23309950
random,22462288
random,22925846
random,22646106
random,23316872
random,23264710
random,23614964
random,23089618
random,23921388
random,23349844
random,23215478
random,23450376
random,23660278
random,23473794
random,23283994
random,23070374
random,23271066
random,22550404
random,23591540
random,23045024
random,22761286
random,23651122
random,23597708
random,23031692
random,23285974
random,23632004
random,23182862
random,23048904
random,22589118
random,23548188
random,23728302
random,25091446
random,23614178
random,23350860
random,23422408
random,23355760
random,23464882
random,23225528
random,23351568
random,23249748
random,23515768
random,23120344
random,22190598
random,23283924
random,23592784
random,22668922
random,22280740
random,22962748
random,22675354
random,23265392
random,24234040
random,22958944
random,22412176
random,22641034
random,23481472
random,22785060
random,23145378
random,23417402
random,22609490
random,23699222
random,23747490
random,23700604
random,23692930
random,23247194
random,23392812
random,23531240
random,23447632
random,23852684
random,23718712
random,23391102
random,23043452
random,23952302
random,23798156
random,23616718
random,23667970
random,23052020
random,23636944
random,23066050
random,23506504
random,22638272
random,23645562
random,22697888
random,23153642
random,23229486
random,23102404
random,23638876
random,23343050
random,25373652
random,23523128
random,23603688
random,23626642
random,22691220
random,23454278
random,23027920
random,23933710
random,23590486
random,23072390
random,23131878
random,23755300
random,23682288
random,23445362
random,23676532
random,23568868
random,23668092
random,23046904
random,23374950
random,23235430
random,24677862
random,24081572
random,23424994
random,23387634
random,23461218
random,22836222
random,23822982
random,22836834
random,23643702
random,23667686
random,23531786
random,23306626
random,23230374
random,22799236
random,23285974
random,23085050
random,22965172
random,22853764
random,22570292
random,23845806
random,23650300
random,23567336
random,23287254
random,22372776
random,22570686
random,24049054
random,23041888
random,22997600
random,22569364
random,23374784
random,23130636
random,23339262
random,23133148
random,22289638
random,23215300
random,23582362
random,23001892
random,22520356
random,23227906
random,22909024
random,25688114
random,23464164
random,24559202
random,23028452
random,23516892
random,23674364
random,23638312
random,23711630
random,23691836
random,23833746
random,24577506
random,22484854
random,23301892
random,23110626
random,23263072
random,22608866
random,22917756
random,23349492
random,23443048
random,23360112
random,22514802
random,24936396
random,23694054
random,23261108
random,23390422
random,24855492
random,23483640
random,23557132
random,24805176
random,23588426
random,23301182
random,23454616
random,23787230
random,22934806
random,23701454
random,23680262
random,23098332
random,23137344
random,25532604
random,23034216
random,23806270
random,23149716
random,23645854
random,23571732
random,23423810
random,23177754
random,23601818
random,23838414
random,23683590
random,23320420
random,23668174
random,23603256
random,23615744
random,23207970
random,23594922
random,23491174
random,25204600
random,23592260
random,23509216
random,23469236
random,23286186
random,24063364
random,23381228
random,23544610
random,22634338
random,23373226
random,23487290
random,23559724
random,24034114
random,23497092
random,23692114
random,23480482
random,23373948
random,25189170
random,23596618
random,23719182
random,23838578
random,23700646
random,23399108
random,23026520
random,23239020
random,23066304
random,23324468
random,23178546
random,22032868
random,23335062
random,22699964
random,22351362
random,22883604
random,25218760
random,25649684
random,23793620
random,23085584
random,22963722
random,23662840
random,23141974
random,23321008
random,23251954
random,23127066
random,22478232
random,23847486
random,23333834
random,23426486
random,23782994
random,23433972
random,23462436
random,23477556
random,23626954
random,22934168
random,23211932
random,24198288
random,23761212
random,23727372
random,22894498
random,23536746
random,23299416
random,23654522
random,24519530
random,22845004
random,23325166
random,23683464
random,23399340
random,22849516
random,22363108
random,23265802
random,24342610
random,22696996
random,22304670
random,23652830
random,23249068
random,23208656
random,22794166
random,22270742
random,22676804
random,23956904
random,22654544
random,22924990
random,22355840
random,22781432
random,24081142
random,22926012
random,23644980
random,23760050
random,22567562
random,22678162
random,22923012
random,23761638
random,23755332
random,23383374
random,22739796
random,23150806
random,23375110
random,23083682
random,23135400
random,22983216
random,22924814
random,23378010
random,23506792
random,23646030
random,23725438
random,23272156
random,23314962
random,23493316
random,23657652
random,23392374
random,23373238
random,23777756
random,22952418
random,23935330
random,23494300
random,23478644
random,23108700
random,23772576
random,23743062
random,23752696
random,22915014
random,23159392
random,22912110
random,22453132
random,22279868
random,23025220
random,23878382
random,23925456
random,23203734
random,23110374
random,23182738
random,23587632
random,23437418
random,22742576
random,22912286
random,22923994
random,23117312
random,23089828
random,23091284
random,23769580
random,23222192
random,23719948
random,22860948
random,22885098
random,22668956
random,22905450
random,24833776
random,24956584
random,23655664
random,23011328
random,23152128
random,23888298
random,23534722
random,22702978
random,22941776
random,22796488
random,22899040
random,22849628
random,23354354
random,24202842
random,23457732
random,22301514
random,23561250
random,23291514
random,22670968
random,22793426
random,24979976
random,23405600
random,22593918
random,23530598
random,22899806
random,23368482
random,23053538
random,22991104
random,22955442
random,23376862
random,22771672
random,22981584
random,23494196
random,22808716
random,22702412
random,22887690
random,23410462
random,23921252
random,24742540
random,22544284
random,23688044
random,23658324
random,23196126
random,24233946
random,22684336
random,23002092
random,22939456
random,22865924
random,22983546
random,23610414
random,22980892
random,22528440
random,23697990
random,22874178
random,23870798
random,23657298
random,23115682
random,23492626
random,22817744
random,23518048
random,23348282
random,23888330
random,23798204
random,24331992
random,23007376
random,22816280
random,22565302
random,23649060
random,23517448
random,23682736
random,23702870
random,23378598
random,23111576
random,23663196
random,22549012
random,23337348
random,23915978
random,23887754
random,23503490
random,23282672
random,23509104
random,23626088
random,23614460
random,23601714
random,22924374
random,22459668
random,22998380
random,23494162
random,23581672
random,22966456
random,23532678
random,22050092
random,23039286
random,22754262
random,23541080
random,23478968
random,23915816
random,23260962
random,23330946
random,23040214
random,22968344
random,23797720
random,22887582
random,23579788
random,23621142
random,22575964
random,22505304
random,22586162
random,22605314
random,23131808
random,22334328
random,23748456
random,23317170
random,24180872
random,23671430
random,27035252
random,23690540
random,22982194
random,23335366
random,22514256
random,22787924
random,23596548
random,23379320
random,23522186
random,23018430
random,22731204
random,23439340
random,23500976
random,23317664
random,23408102
random,23524014
random,23563836
random,23254186
random,23557528
random,22646598
random,23355180
random,24251616
random,22951032
random,22927728
random,23775270
random,23581936
random,22806918
random,23351708
random,23453330
random,22568488
random,23144856
random,23435708
random,23572384
random,23340652
random,22712902
random,22870354
random,22710244
random,22640490
random,23165908
random,22991798
random,22773442
random,23307454
random,23194680
random,23619240
random,23642146
random,23560714
random,24850158
random,23278646
random,22854202
random,23103398
random,23751656
random,23330020
random,23465498
random,23145472
random,23618140
random,23552718
random,23129562
random,23600352
random,23399610
random,25087352
random,23846312
random,23806482
random,23661818
random,23471394
random,23722112
random,23457166
random,23583640
random,23305404
random,23305576
random,23501840
random,23518630
random,23436910
random,23347350
random,23627262
random,22901264
random,23042234
random,22137480
random,26541152
random,23521910
random,23179950
random,23134530
random,23230234
random,23711972
random,22913498
random,23852868
random,23734060
random,23310790
random,23040124
random,23283912
random,23646506
random,23515222
random,23671246
random,22835236
random,32715116
random,23682476
random,23033286
random,32246050
random,43514670
random,22354350
random,22350644
random,21889334
random,23406860
random,22818148
random,23802968
random,22845602
random,23622434
random,23301978
random,22640088
random,23083534
random,23689220
random,23370974
random,24511204
random,23713324
random,22890448
random,23656376
random,22632770
random,22491042
random,22830354
random,22733942
random,23547510
random,22774616
random,22021888
random,22857258
random,22146340
random,22470266
random,22987406
random,23061290
random,23009372
random,22668670
random,23022010
random,22707800
random,23569656
random,23496714
random,24759786
random,23750400
random,23635628
random,22902856
random,23505032
random,22298696
random,23620506
random,23194798
random,23427366
random,23206476
random,22860622
random,22650630
random,23599654
random,23263540
random,23404618
random,23265068
random,23019446
random,23168288
random,23384682
random,22253904
random,23039048
random,24349868
random,22522858
random,22599902
random,22997218
random,22601766
random,23098950
random,23742102
random,22474952
random,23421836
random,23664306
random,23810708
random,23742768
random,24049458
random,23661416
random,23542384
random,22846858
random,22972382
random,23819556
random,23568822
random,22833784
random,22922864
random,23575992
random,22970936
random,24358894
random,23769226
random,23695096
random,23769554
random,23870934
random,23758270
random,23739412
random,23453008
random,23751358
random,23747974
random,23808324
random,23292688
random,23719030
random,23904510
random,24522868
random,22768304
random,22091606
random,22792794
random,23282386
random,22809214
random,22676286
random,22424168
random,22858986
random,23470142
random,22997590
random,22506996
random,22462342
random,23030698
random,23746134
random,23671242
random,23701278
random,22957384
random,22739236
random,23537492
random,23506664
random,23292916
random,23175516
random,22580214
random,22676994
random,23481910
random,23304340
random,23706214
random,22868514
random,23574396
random,22389994
random,23130022
random,22425788
random,23305106
random,22927030
random,22912288
random,22897508
random,22715332
random,23147186
random,22645628
random,22724060
random,25091078
random,23510478
random,23488480
random,22672468
random,23194696
random,22890208
random,22602674
random,22717624
random,22580618
random,22274218
random,22520556
random,21869220
random,23373524
random,22997724
random,22974566
random,23862258
random,23665328
random,23694370
random,22771614
random,23244546
random,23292866
random,22497718
random,23565854
random,23432728
random,22808360
random,23623920
random,22950994
random,23545834
random,22945850
random,23069280
random,22976500
random,22939906
random,22781952
random,23192200
random,23667712
random,22967776
random,23463302
random,23360122
random,22740282
random,23406354
random,22819416
random,23057356
random,22463042
random,23660794
random,22471632
random,22994712
random,23634150
random,23458040
random,23211006
random,23259622
random,23083516
random,23467126
random,22927166
random,23605478
random,22652044
random,23129120
random,23118904
random,23003074
random,22975584
random,23196146
random,23624578
random,22655590
random,23732848
random,23494548
random,23650750
random,22825962
random,23480716
random,23676556
random,23472530
random,22729140
random,23390168
random,22876574
random,23392676
random,22452158
random,23071068
random,23153692
random,23353558
random,23114978
random,23521656
random,24413406
random,23697078
random,23882578
random,23542664
random,23864392
random,23338904
random,23669806
random,22979024
random,23134240
random,23517472
random,23442096
random,23600834
random,23483826
random,23363728
random,22785572
random,23370202
random,23595062
random,22509698
random,23567974
random,23754024
random,22871398
random,23178206
random,23255820
random,23378864
random,23560780
random,23180664
random,22825640
random,23082874
random,23110564
random,22845488
random,22647572
random,23617846
random,23294296
random,23067940
random,22626022
random,22786228
random,23529336
random,24182426
random,24817406
random,23474084
random,23136680
random,22708902
random,22519854
random,22479174
random,23245066
random,22583484
random,23245464
random,22894998
random,23728744
random,23217580
random,23792160
random,23422922
random,22666492
random,22308086
random,22232864
random,22829514
random,22927926
random,22670110
random,24792408
random,23674512
random,23378134
random,23571376
random,23118186
random,23220752
random,23155802
random,22296600
random,22838590
random,23343816
random,22621948
random,23633692
random,23166524
random,23723516
random,22752350
random,23039414
random,23070032
random,22711830
random,22883758
random,23435040
random,23151504
random,23051026
random,23852560
random,23458650
random,23820362
random,23246624
random,23383580
random,23756316
random,23738094
random,23053034
random,23599748
random,23169054
random,22912780
random,23031970
random,23833992
random,23235444
random,23407338
random,23440044
random,22940064
random,23166032
random,22970458
random,23429906
random,23260662
random,23039152
random,23365652
random,22739510
random,23713958
random,22767492
random,23798636
random,23439968
random,23708090
random,23066994
random,24011584
random,22551076
random,23047550
random,22905136
random,22734398
random,22751582
random,22477594
random,23063382
random,22259544
random,23549282
random,23459160
random,23551256
random,23844088
random,23349968
random,23279978
random,22783400
random,22993184
random,22298424
random,23200608
random,22826260
random,23741558
random,22846418
random,22616568
random,23552196
random,23125058
random,23121232
random,23386522
random,23080098
random,23113554
random,23716372
random,22670236
random,23488908
random,22942610
random,22858672
random,22881154
random,22831046
random,23410452
random,23039222
random,22729312
random,22973556
random,22059548
random,23377558
random,23051508
random,23533564
random,23664134
random,23168318
random,23479552
random,23723740
random,23748368
random,23750654
random,23417102
random,23155392
random,23285598
random,23641190
random,22836474
random,23544108
random,22542264
random,22874772
random,23151068
random,22979378
random,23276576
random,22515570
random,25823996
random,23389452
random,22831556
random,24202224
random,23421090
random,23319822
random,23619468
random,23374758
random,22991742
random,23256372
random,23434078
random,22979298
random,23552262
random,23285638
random,23273530
random,23726918
random,23665662
random,23823070
random,25739006
random,23656688
random,23400368
random,23809914
random,22347914
random,23726506
random,23303258
random,22778962
random,23561420
random,23620596
random,23456250
random,22920886
random,22902806
random,23833326
random,23495054
random,23486264
random,23454366
random,25516566
random,23665816
random,23594800
random,22708064
random,23609740
random,23525212
random,23388680
random,23360784
random,23108944
random,23029406
random,23571976
random,23619114
random,22739490
random,23506144
random,23151908
random,23603770
random,22905480
random,22324120
random,22551518
random,23099982
random,23394916
random,23304626
random,22578388
random,23701842
random,23934824
random,23477724
random,23538212
random,23233000
random,23057754
random,22914358
random,23142946
random,23450010
random,23771010
random,23207892
random,23095440
random,22946894
random,23530656
random,23190780
random,22542894
random,25394970
random,23375124
random,23244302
random,23729138
random,22673036
random,24724856
random,23505110
random,23210250
random,23599464
random,23110700
random,22474574
random,23081914
random,22710664
random,23496516
random,23642632
random,23438422
random,23518516
random,22987124
random,23681524
random,23630070
random,23538900
random,23119182
random,24372926
random,23843940
random,23172736
random,23647814
random,23569368
random,23478960
random,23611972
random,22961914
random,23139428
random,23031374
random,23192470
random,23584926
random,23937784
random,22862024
random,23120834
random,23129380
random,23539514
random,23030818
random,23149666
random,23352646
random,23066894
random,23508936
random,23255874
random,23767342
random,23365386
random,23582528
random,23607402
random,23358480
random,22449062
random,23227894
random,24786504
random,23312176
random,23184740
random,22612324
random,23232212
random,22419902
random,22951584
random,23780370
random,23425938
random,22609782
random,22892246
random,22985008
random,23415464
random,23416104
random,23099598
random,23378444
random,22989176
random,22313868
random,22182698
random,22798982
random,22273468
random,22558886
random,22917920
random,24013882
random,23044046
random,23363240
random,23170416
random,23430406
random,23497548
random,22918340
random,22926394
random,22905030
random,23159032
random,22963058
random,23573094
random,23081632
random,22759600
random,22487296
random,23513802
random,23354438
random,24478596
random,24873676
random,23623940
random,23712814
random,23416100
random,23259736
random,23255152
random,23449058
random,22891492
random,23527794
random,23287362
random,23637270
random,23733870
random,23111232
random,23779986
random,22929562
random,23572950
random,24615272
random,23210356
random,23199174
random,24647248
random,23974582
random,23946166
random,23342518
random,23262796
random,23268994
random,23416628
random,23236266
random,22848600
random,23540254
random,23219532
random,22627004
random,24634924
random,23695016
