class,cycles
fixed,43896924
fixed,44505092
fixed,44285228
fixed,43507434
fixed,44293662
fixed,43399302
fixed,43323264
fixed,43623968
fixed,44471028
fixed,43825206
fixed,44621634
fixed,44242590
fixed,47319894
fixed,44240482
fixed,43380230
fixed,44813154
fixed,44912734
fixed,44405566
fixed,43874094
fixed,44644650
fixed,43498290
fixed,45312756
fixed,44675842
fixed,44968738
fixed,44858168
fixed,44587376
fixed,44263542
fixed,50453898
fixed,44477238
fixed,44421376
fixed,44369364
fixed,44831684
fixed,62973972
fixed,46208718
fixed,44820666
fixed,83229312
fixed,43421182
fixed,43511686
fixed,43454176
fixed,43306000
fixed,44534688
fixed,44328382
fixed,44359126
fixed,44478912
fixed,43846860
fixed,44266458
fixed,43848804
fixed,44420502
fixed,44546924
fixed,44249110
fixed,44282088
fixed,44212238
fixed,45730452
fixed,44205154
fixed,44146890
fixed,43706714
fixed,43472390
fixed,44257980
fixed,44475520
fixed,44354406
fixed,44477004
fixed,44297308
fixed,44625456
fixed,44472974
fixed,43221402
fixed,43909634
fixed,43941362
fixed,44187394
fixed,43880624
fixed,44551598
fixed,43633272
fixed,44061728
fixed,43934898
fixed,43711516
fixed,43985984
fixed,44167262
fixed,43903300
fixed,43748376
fixed,44403744
fixed,43253136
fixed,44488486
fixed,43732472
fixed,43617204
fixed,43932678
fixed,43562190
fixed,44136740
fixed,44542378
fixed,43943166
fixed,44538238
fixed,44408802
fixed,43984048
fixed,44597028
fixed,43907516
fixed,44310120
fixed,43708018
fixed,44035680
fixed,43542892
fixed,44293870
fixed,44133208
fixed,44095106
fixed,43126208
fixed,43954292
fixed,43660472
fixed,44134990
fixed,43268108
fixed,43545206
fixed,43812670
fixed,43950664
fixed,43761740
fixed,44258600
fixed,44118464
fixed,44152036
fixed,43712978
fixed,44476086
fixed,45965630
fixed,43923594
fixed,44482474
fixed,44450128
fixed,44318160
fixed,43799376
fixed,43931780
fixed,43511584
fixed,44398144
fixed,44151528
fixed,44259242
fixed,43917480
fixed,43486436
fixed,43838552
fixed,44254160
fixed,43582144
fixed,45994622
fixed,43610976
fixed,44455566
fixed,44464794
fixed,43232686
fixed,44309538
fixed,43881352
fixed,43941558
fixed,43406370
fixed,44356452
fixed,43552230
fixed,43947256
fixed,43796006
fixed,43513680
fixed,44007196
fixed,43687416
fixed,44145636
fixed,44203606
fixed,43973300
fixed,43543850
fixed,42991438
fixed,43820180
fixed,44227084
fixed,43581360
fixed,44321238
fixed,44294712
fixed,44298762
fixed,44003072
fixed,44261974
fixed,44226228
fixed,44496486
fixed,43441272
fixed,44320866
fixed,43690636
fixed,43373102
fixed,44243956
fixed,44463348
fixed,43607066
fixed,44449514
fixed,44030992
fixed,44218996
fixed,44568254
fixed,44825952
fixed,44237694
fixed,44740034
fixed,43947478
fixed,44647988
fixed,43810840
fixed,44333202
fixed,44706364
fixed,44542188
fixed,43572990
fixed,43139750
fixed,47105614
fixed,44950886
fixed,44295092
fixed,44535744
fixed,45354284
fixed,44623060
fixed,44461902
fixed,45043244
fixed,44555172
fixed,44390244
fixed,44012748
fixed,44074334
fixed,44613744
fixed,44418750
fixed,44374566
fixed,44691544
fixed,44037778
fixed,44990352
fixed,44794860
fixed,45081386
fixed,44610138
fixed,44739668
fixed,44645408
fixed,44614972
fixed,44474296
fixed,44169578
fixed,43825868
fixed,44153660
fixed,45483588
fixed,44920038
fixed,44985660
fixed,45624598
fixed,45338110
fixed,45224782
fixed,47620042
fixed,46015856
fixed,44088654
fixed,44509694
fixed,44376900
fixed,44396930
fixed,44883056
fixed,44504980
fixed,44258740
fixed,44453292
fixed,44335368
fixed,44335672
fixed,44159460
fixed,49449474
fixed,44656876
fixed,44765228
fixed,45421406
fixed,45808078
fixed,45433066
fixed,45428228
fixed,45189528
fixed,44961004
fixed,45083590
fixed,45209090
fixed,45363314
fixed,46131262
fixed,44553494
fixed,44306400
fixed,44391544
fixed,45022776
fixed,45220610
fixed,44192082
fixed,44696440
fixed,44326882
fixed,44767776
fixed,44010174
fixed,44104700
fixed,43975332
fixed,43766880
fixed,45409818
fixed,44582872
fixed,45903264
fixed,44543994
fixed,44109450
fixed,44422012
fixed,44777286
fixed,44514582
fixed,45017502
fixed,48145670
fixed,44406376
fixed,44437668
fixed,44373786
fixed,44315482
fixed,44250386
fixed,44261452
fixed,44817154
fixed,44648308
fixed,43981746
fixed,44838000
fixed,44443424
fixed,46604398
fixed,44800140
fixed,45526450
fixed,44835390
fixed,44410006
fixed,44646540
fixed,44540746
fixed,44986496
fixed,44832060
fixed,45276782
fixed,44900448
fixed,45091118
fixed,44778348
fixed,44558828
fixed,45057120
fixed,44596838
fixed,45211802
fixed,45187892
fixed,45622520
fixed,45019242
fixed,59853848
fixed,60407628
fixed,59921934
fixed,46384282
fixed,45035092
fixed,44485738
fixed,45735340
fixed,44608066
fixed,44514286
fixed,45016306
fixed,44782704
fixed,44980834
fixed,44480018
fixed,44712464
fixed,44826608
fixed,44838688
fixed,44920934
fixed,44715588
fixed,44567192
fixed,44732056
fixed,45030664
fixed,44740256
fixed,44800308
fixed,44767578
fixed,44663226
fixed,45265704
fixed,46072494
fixed,45034590
fixed,44963116
fixed,45186464
fixed,46214170
fixed,45105074
fixed,45164622
fixed,45469026
fixed,44947104
fixed,45025738
fixed,45435136
fixed,45007414
fixed,44926738
fixed,44797386
fixed,44765288
fixed,45098224
fixed,47440010
fixed,44676808
fixed,45152270
fixed,45169020
fixed,45449022
fixed,45256636
fixed,45260472
fixed,45632908
fixed,45231196
fixed,45043986
fixed,44481784
fixed,44720608
fixed,45083836
fixed,44962466
fixed,44925408
fixed,45261684
fixed,47697978
fixed,44694838
fixed,44861726
fixed,45065592
fixed,44539346
fixed,45102716
fixed,44894818
fixed,45404368
fixed,44859140
fixed,45251036
fixed,47068212
fixed,44973432
fixed,44609284
fixed,44787444
fixed,45126376
fixed,44687954
fixed,44821104
fixed,45260610
fixed,45245536
fixed,45091696
fixed,45368784
fixed,44847798
fixed,44820356
fixed,44423518
fixed,44445136
fixed,44890270
fixed,44983384
fixed,44611378
fixed,44907610
fixed,44928654
fixed,44287942
fixed,44379896
fixed,44988760
fixed,44788232
fixed,44567378
fixed,44766046
fixed,45028582
fixed,44483766
fixed,44663818
fixed,44525166
fixed,44887842
fixed,44637164
fixed,44485756
fixed,44596330
fixed,44536568
fixed,44977982
fixed,44552682
fixed,44505648
fixed,44534874
fixed,44626720
fixed,44684954
fixed,44503044
fixed,44599378
fixed,44654236
fixed,44917958
fixed,45160398
fixed,45140086
fixed,44148404
fixed,43635944
fixed,44870006
fixed,44781192
fixed,44527576
fixed,44714994
fixed,45044664
fixed,44826170
fixed,44925326
fixed,44788018
fixed,44467010
fixed,44399066
fixed,45232062
fixed,44823356
fixed,45149714
fixed,44641276
fixed,44157568
fixed,44606362
fixed,44579152
fixed,44148618
fixed,43906568
fixed,44462112
fixed,44629106
fixed,44588946
fixed,44866716
fixed,44809572
fixed,45201328
fixed,45037534
fixed,44621378
fixed,44677596
fixed,44427726
fixed,42848956
fixed,43161470
fixed,44366054
fixed,43971782
fixed,44257536
fixed,44369702
fixed,44229760
fixed,44058974
fixed,43611310
fixed,44133696
fixed,43840794
fixed,43396782
fixed,44894320
fixed,44199926
fixed,43906816
fixed,43678714
fixed,43336316
fixed,43503324
fixed,43299946
fixed,46481568
fixed,44659054
fixed,43124404
fixed,43435360
fixed,44323242
fixed,43328424
fixed,43054188
fixed,43366730
fixed,44524504
fixed,43447894
fixed,44671934
fixed,43464808
fixed,43136476
fixed,44763288
fixed,43291030
fixed,43738412
fixed,43431188
fixed,43594934
fixed,41991164
fixed,43994020
fixed,43836498
fixed,43371764
fixed,44642574
fixed,43448320
fixed,42484642
fixed,43710650
fixed,63018292
fixed,49474980
fixed,52832924
fixed,53903574
fixed,48003806
fixed,42294204
fixed,44425474
fixed,44246932
fixed,43704784
fixed,43695834
fixed,43346538
fixed,43660136
fixed,43990014
fixed,43783596
fixed,49405190
fixed,42969724
fixed,44072938
fixed,43317808
fixed,44604608
fixed,43082920
fixed,43507844
fixed,45774452
fixed,43794236
fixed,43424134
fixed,42504876
fixed,44404032
fixed,44160324
fixed,44237756
fixed,43119596
fixed,43553486
fixed,44008436
fixed,44452442
fixed,46690310
fixed,44174168
fixed,44543652
fixed,44065160
fixed,43125888
fixed,43662940
fixed,44072222
fixed,43994144
fixed,44376914
fixed,45663738
fixed,44195618
fixed,44420062
fixed,43852188
fixed,44359122
fixed,44069662
fixed,44679080
fixed,44440394
fixed,44445184
fixed,44241208
fixed,43677760
fixed,45387284
fixed,43661410
fixed,43912482
fixed,44141642
fixed,44707428
fixed,44369250
fixed,43268972
fixed,43860668
fixed,44192636
fixed,44099298
fixed,43784712
fixed,43759564
fixed,44187048
fixed,43251944
fixed,43302344
fixed,43472332
fixed,45918220
fixed,42814782
fixed,43220996
fixed,44017234
fixed,44409418
fixed,48582530
fixed,43627098
fixed,44305712
fixed,43373324
fixed,43784086
fixed,43419852
fixed,42905640
fixed,42966424
fixed,43643802
fixed,43838176
fixed,43153522
fixed,43487888
fixed,43778378
fixed,43912008
fixed,44011392
fixed,43794852
fixed,44212418
fixed,43928722
fixed,43944546
fixed,43278996
fixed,44357378
fixed,43565894
fixed,44225724
fixed,43850356
fixed,44015670
fixed,44265110
fixed,43774494
fixed,44103272
fixed,44004426
fixed,44387696
fixed,45041276
fixed,43683608
fixed,44209372
fixed,44078660
fixed,43898660
fixed,43875244
fixed,44446956
fixed,43270410
fixed,43655606
fixed,45616268
fixed,44477382
fixed,43596822
fixed,43344390
fixed,43979282
fixed,43696422
fixed,44136998
fixed,43349142
fixed,44261136
fixed,43913532
fixed,44243924
fixed,43718494
fixed,43918512
fixed,44214700
fixed,43429216
fixed,43683390
fixed,43245942
fixed,43748556
fixed,44244086
fixed,44484330
fixed,43656734
fixed,43978962
fixed,44739908
fixed,43771042
fixed,44706292
fixed,44302610
fixed,44420274
fixed,43211984
fixed,44490082
fixed,43497814
fixed,44230364
fixed,44091690
fixed,44131570
fixed,43426840
fixed,43029762
fixed,43008796
fixed,45588190
fixed,44803060
fixed,44017830
fixed,43950736
fixed,43727466
fixed,43586960
fixed,44338588
fixed,44374348
fixed,44434606
fixed,44687538
fixed,75114072
fixed,43615230
fixed,43370548
fixed,46496704
fixed,44148618
fixed,43703392
fixed,43507240
fixed,43454336
fixed,43049378
fixed,43446588
fixed,43525902
fixed,44060516
fixed,43789084
fixed,44118480
fixed,44202662
fixed,43896708
fixed,45961714
fixed,43799086
fixed,43629422
fixed,42975930
fixed,44092486
fixed,43789882
fixed,43338200
fixed,44644104
fixed,44354176
fixed,46278574
fixed,44238672
fixed,44030750
fixed,44005524
fixed,44504058
fixed,43548218
fixed,42164216
fixed,43567922
fixed,43616278
fixed,44031234
fixed,43886550
fixed,43603464
fixed,44343232
fixed,44173312
fixed,43170218
fixed,44132430
fixed,43380816
fixed,43945692
fixed,43938478
fixed,43801660
fixed,43455874
fixed,43848970
fixed,43922808
fixed,44063858
fixed,44148350
fixed,44607900
fixed,44235974
fixed,44258576
fixed,43391942
fixed,43765878
fixed,44556418
fixed,44412168
fixed,44563240
fixed,43983320
fixed,44005234
fixed,43741270
fixed,44338390
fixed,43686842
fixed,43957976
fixed,46231918
fixed,44391318
fixed,44034642
fixed,44293050
fixed,44024206
fixed,44060060
fixed,44443438
fixed,44278402
fixed,44224062
fixed,44273054
fixed,44284822
fixed,44316588
fixed,44039302
fixed,44687538
fixed,45987682
fixed,43744608
fixed,43347560
fixed,43814964
fixed,44098484
fixed,43985452
fixed,43334288
fixed,44612406
fixed,44163034
fixed,44217256
fixed,42811880
fixed,44261278
fixed,44735718
fixed,44161542
fixed,44166020
fixed,44478826
fixed,43885864
fixed,44250418
fixed,44067952
fixed,43865408
fixed,46483608
fixed,43637816
fixed,43693598
fixed,43455154
fixed,43230694
fixed,44048612
fixed,44051286
fixed,43157328
fixed,43570016
fixed,44542774
fixed,44292566
fixed,44502244
fixed,44189164
fixed,43917476
fixed,43861500
fixed,44474298
fixed,44230126
fixed,43742400
fixed,45173672
fixed,44439176
fixed,43933302
fixed,44347672
fixed,44519792
fixed,43926302
fixed,44306642
fixed,44183670
fixed,42680134
fixed,44375182
fixed,44436958
fixed,44595718
fixed,44079292
fixed,44069610
fixed,44011802
fixed,44113670
fixed,44475388
fixed,42790008
fixed,43835832
fixed,43873362
fixed,43699788
fixed,43912538
fixed,43695300
fixed,43640632
fixed,43522646
fixed,43860592
fixed,43800804
fixed,43287944
fixed,44688926
fixed,44264468
fixed,44407870
fixed,43574062
fixed,43296752
fixed,44237024
fixed,44610338
fixed,44484174
fixed,44683716
fixed,45213230
fixed,44471524
fixed,44401048
fixed,44374156
fixed,43607006
fixed,44059540
fixed,44596952
fixed,44313192
fixed,44219902
fixed,43372004
fixed,44632314
fixed,43839418
fixed,43331534
fixed,44251450
fixed,44286642
fixed,44449246
fixed,43782946
fixed,44137712
fixed,43623200
fixed,45059162
fixed,43402104
fixed,43471806
fixed,44535882
fixed,43820712
fixed,43717272
fixed,44274630
fixed,44600250
fixed,43706546
fixed,44035236
fixed,43913400
fixed,44314902
fixed,43507230
fixed,43142802
fixed,43814976
fixed,43328914
fixed,43890128
fixed,43919528
fixed,43760952
fixed,44140802
fixed,44187698
fixed,43778450
fixed,44547232
fixed,44250330
fixed,44103626
fixed,44713076
fixed,44330244
fixed,44342226
fixed,42816326
fixed,44023054
fixed,44214068
fixed,43128352
fixed,44843562
fixed,44414302
fixed,44264420
fixed,44432468
fixed,44355154
fixed,44604560
fixed,44214402
fixed,44294422
fixed,44113348
fixed,44444418
fixed,44757588
fixed,44511874
fixed,44679038
fixed,44506562
fixed,44526954
fixed,44414486
fixed,44266402
fixed,44512896
fixed,43132244
fixed,44308000
fixed,44332298
fixed,44243838
fixed,44097182
fixed,45171466
fixed,44244820
fixed,44082910
fixed,44462564
fixed,43882140
fixed,44608854
fixed,44635750
fixed,43669550
fixed,44319996
fixed,43664938
fixed,43438030
fixed,44041280
fixed,44612112
fixed,44836384
fixed,44289800
fixed,43816526
fixed,44521714
fixed,44576836
fixed,44410292
fixed,44915254
fixed,44493462
fixed,44644182
fixed,44486762
fixed,44321754
fixed,44420784
fixed,44432262
fixed,43461678
fixed,44320864
fixed,44458830
fixed,44414518
fixed,44558632
fixed,44206008
fixed,43872976
fixed,44582314
fixed,44528324
fixed,44458852
fixed,44394322
fixed,44231794
fixed,44495288
fixed,44485662
fixed,44675390
fixed,44557392
fixed,44545356
fixed,44472764
fixed,44507218
fixed,44532374
fixed,44280662
fixed,44170798
fixed,44420392
fixed,44395126
fixed,44824218
fixed,44371338
fixed,44240128
fixed,44447364
fixed,44214846
fixed,44520202
fixed,44387092
fixed,44512646
fixed,44452282
fixed,44395922
fixed,44488396
fixed,44859450
fixed,44864044
fixed,44356636
fixed,44625946
fixed,44399294
fixed,44185836
fixed,43958418
fixed,44516602
fixed,43878704
fixed,44583162
fixed,43468212
fixed,43365554
fixed,43707372
fixed,43646730
fixed,44607184
fixed,47159018
fixed,44376018
fixed,44612934
fixed,44178846
fixed,44327870
fixed,44110804
fixed,43202084
fixed,43762102
fixed,44067194
fixed,44166020
fixed,44811286
fixed,43967396
fixed,43681968
fixed,43747778
fixed,42715160
fixed,44184202
fixed,44262160
fixed,44204058
fixed,44216944
fixed,44268124
fixed,43440058
fixed,43825712
fixed,43076642
fixed,43600674
fixed,43481122
fixed,43719464
fixed,43745888
fixed,43219132
fixed,43605216
fixed,43302278
fixed,43207288
fixed,43345690
fixed,43589284
fixed,43678304
fixed,42819734
fixed,43853358
fixed,43718802
fixed,42966510
fixed,43315102
fixed,43526312
fixed,42803140
fixed,43621438
fixed,43658860
fixed,43168050
fixed,43379112
fixed,43204724
fixed,43388728
fixed,43808884
fixed,43765510
fixed,43556216
fixed,43696342
fixed,42962776
fixed,43412968
fixed,43273102
fixed,43655270
fixed,44370312
fixed,43968392
fixed,43722798
fixed,44039280
fixed,43908950
fixed,44174686
fixed,43937078
fixed,44088458
fixed,44240530
fixed,43948662
fixed,44444982
fixed,44186252
fixed,52018040
fixed,50075612
fixed,45531090
fixed,43402104
fixed,42692592
fixed,43682062
fixed,43926778
fixed,43490356
fixed,44112538
fixed,43332996
fixed,43498782
fixed,43879148
fixed,42771502
fixed,43357738
fixed,43684870
fixed,43504696
fixed,43508826
fixed,44561872
fixed,44558828
fixed,44483050
fixed,44164438
fixed,44163514
fixed,44540692
fixed,43904784
fixed,44448374
fixed,44269110
fixed,44251832
fixed,45380200
fixed,44554730
fixed,44574672
fixed,44356112
fixed,44232758
fixed,43341088
fixed,44309086
fixed,44363964
fixed,44216556
fixed,44048326
fixed,44493808
fixed,44492408
fixed,44346984
fixed,43722200
fixed,43674024
fixed,44502662
fixed,43850946
fixed,44037692
fixed,44437972
fixed,43794070
fixed,44433492
fixed,44161220
fixed,43943584
fixed,43717046
fixed,44675956
fixed,44089580
fixed,44270178
fixed,44149148
fixed,43987036
fixed,44583616
fixed,44636988
fixed,44407862
fixed,44526288
fixed,44585058
fixed,43937118
fixed,44667832
fixed,44426816
fixed,44477504
fixed,44500656
fixed,44605666
fixed,44210506
fixed,44246264
fixed,44357082
fixed,44971748
fixed,43922842
fixed,44597938
fixed,45069402
fixed,44704934
fixed,44630106
fixed,44106468
fixed,43943898
fixed,44310962
fixed,43957300
fixed,44332514
fixed,44534684
fixed,44450880
fixed,44383416
fixed,44148068
fixed,44137562
fixed,44439782
fixed,44485242
fixed,44371442
fixed,44432690
fixed,44393038
fixed,44129984
fixed,44332422
fixed,43994860
fixed,43698840
fixed,44119682
fixed,44749334
fixed,44487418
fixed,44255916
fixed,44366314
fixed,44507054
fixed,44324304
fixed,43852650
fixed,44537942
fixed,44334872
fixed,44344434
fixed,44207330
fixed,44257362
fixed,44938526
fixed,44542696
fixed,44068888
fixed,44252372
fixed,44876096
fixed,44424468
fixed,44496400
fixed,44343844
fixed,44100500
fixed,44655390
fixed,43909828
fixed,44353454
fixed,44013444
fixed,43984596
fixed,44209120
fixed,44395208
fixed,43916134
fixed,44432750
fixed,43894932
fixed,44172730
fixed,44487376
fixed,44561998
fixed,44061002
fixed,45064746
fixed,43644578
fixed,44034940
fixed,44085186
fixed,43919966
fixed,44362230
fixed,44773424
fixed,44567930
fixed,44370302
fixed,44141902
fixed,44374222
fixed,44394716
fixed,43790628
fixed,44219172
fixed,44548516
fixed,44073502
fixed,44367708
fixed,44476050
fixed,44332140
fixed,43966928
fixed,44470982
fixed,43805486
fixed,44345034
fixed,44241714
fixed,44283926
fixed,44467882
fixed,44037942
fixed,44548752
fixed,43999682
fixed,44111568
fixed,44369552
fixed,44401312
fixed,43628454
fixed,44142868
fixed,44435534
fixed,44639572
fixed,44655274
fixed,44071108
fixed,44534842
fixed,44479536
fixed,44850872
fixed,44481108
fixed,43977022
fixed,44053352
fixed,44088486
fixed,44263104
fixed,43916500
fixed,44466426
fixed,44530084
fixed,44275162
fixed,44080542
fixed,46309692
fixed,44221708
fixed,44544286
fixed,44383312
fixed,44082672
fixed,44025278
fixed,43842778
fixed,44442342
fixed,43971706
fixed,44406900
fixed,44324534
fixed,44255416
fixed,44226338
fixed,43433928
fixed,44368566
fixed,44377792
fixed,44188028
fixed,45566816
fixed,43452892
fixed,48294624
fixed,47546368
fixed,71304964
fixed,53217062
fixed,43821632
fixed,42656256
fixed,43596576
fixed,43755920
fixed,43999798
fixed,45686972
fixed,44339398
fixed,44276258
fixed,44562720
fixed,44054492
fixed,44518084
fixed,44306508
fixed,44526812
fixed,44344062
fixed,44338900
fixed,44257684
fixed,44287610
fixed,44391468
fixed,44092032
fixed,44060902
fixed,44400844
fixed,43173634
fixed,43998648
fixed,44085916
fixed,43458176
fixed,45530348
fixed,44059438
fixed,44350672
fixed,44086320
fixed,44258930
fixed,43490450
fixed,43273678
fixed,43909936
fixed,43437912
fixed,43743750
fixed,45603816
fixed,44358002
fixed,44466558
fixed,43637158
fixed,44271560
fixed,43701544
fixed,45624260
fixed,45952224
fixed,47173352
fixed,43897144
fixed,44031358
fixed,43253670
fixed,44584488
fixed,43999950
fixed,44323844
fixed,44326588
fixed,44552628
fixed,44346544
fixed,43916072
fixed,46468296
fixed,44011706
fixed,43163064
fixed,44049064
fixed,44439498
fixed,43970804
fixed,43631620
fixed,44017766
fixed,44299060
fixed,44122574
fixed,44293106
fixed,44455964
fixed,44374458
fixed,44162484
fixed,44567152
fixed,44263538
fixed,43893916
fixed,44496772
fixed,43980318
fixed,43979302
fixed,44385800
fixed,45432998
fixed,44371700
fixed,44017092
fixed,44165958
fixed,44160590
fixed,44303466
fixed,44174752
fixed,44668804
fixed,43996296
fixed,44183936
fixed,44149038
fixed,44480454
fixed,44264880
fixed,44529892
fixed,44796378
fixed,44619758
fixed,44437556
fixed,44689224
fixed,44365640
fixed,44403464
fixed,46119920
fixed,44224772
fixed,44533790
fixed,43730760
fixed,44272198
fixed,43884556
fixed,44278660
fixed,44569358
fixed,44378082
fixed,44342550
fixed,44471784
fixed,44251480
fixed,44175214
fixed,44486236
fixed,44021620
fixed,43777260
fixed,43216658
fixed,44792388
fixed,44183584
fixed,44562498
fixed,44228906
fixed,44534460
fixed,44524288
fixed,44236890
fixed,44201700
fixed,45220238
fixed,60204284
fixed,44723252
fixed,44645144
fixed,44206510
fixed,43824030
fixed,44507218
fixed,44383344
fixed,44537540
fixed,44443552
fixed,44430528
fixed,44534584
fixed,44914578
fixed,44570204
fixed,46128008
fixed,45996972
fixed,44568120
fixed,44750616
fixed,44865784
fixed,46288236
fixed,44637406
fixed,43874782
fixed,45721790
fixed,45459254
fixed,46430916
fixed,46511056
fixed,46194528
fixed,46982978
fixed,46100018
fixed,44835468
fixed,44472652
fixed,44484400
fixed,44666586
fixed,44919156
fixed,45119880
fixed,44589802
fixed,44086230
fixed,44470800
fixed,44501390
fixed,45585852
fixed,45208754
fixed,45171796
fixed,44825236
fixed,45015222
fixed,45011818
fixed,45155854
fixed,44087564
fixed,44012146
fixed,44200404
fixed,44619026
fixed,46252622
fixed,46072706
fixed,46113642
fixed,46708780
fixed,45993240
fixed,45711754
fixed,45957686
fixed,45765628
fixed,45486298
fixed,44510110
fixed,44338528
fixed,44517412
fixed,45341062
fixed,44177530
fixed,44493288
fixed,44410342
fixed,44809936
fixed,45273956
fixed,44667110
fixed,44757844
fixed,44934750
fixed,45013734
fixed,44583096
fixed,44438090
fixed,44373954
fixed,44389354
fixed,44166062
fixed,44960624
fixed,44645760
fixed,44713752
fixed,44544224
fixed,44612426
fixed,44740480
fixed,44646316
fixed,44713832
fixed,44431342
fixed,44200712
fixed,44248496
fixed,44457254
fixed,44512390
fixed,43799032
fixed,44442392
fixed,44426964
fixed,44469646
fixed,44195262
fixed,44361636
fixed,45023350
fixed,44480546
fixed,44504568
fixed,44987872
fixed,44828842
fixed,44771756
fixed,44659270
fixed,44842272
fixed,44921490
fixed,44853002
fixed,44994346
fixed,45075482
fixed,44970002
fixed,44908476
fixed,44597794
fixed,44722404
fixed,45302444
fixed,44720296
fixed,44876124
fixed,45036914
fixed,44455364
fixed,44955620
fixed,44461848
fixed,45095514
fixed,44814980
fixed,44858148
fixed,44912408
fixed,44484716
fixed,44225786
fixed,44506160
fixed,44490160
fixed,44446262
fixed,44623072
fixed,44958438
fixed,44474426
fixed,44887624
fixed,44395144
fixed,44421804
fixed,44633494
fixed,45154668
fixed,44592404
fixed,44566508
fixed,44656610
fixed,44885764
fixed,45408418
fixed,44688812
fixed,44873274
fixed,44619026
fixed,47169196
fixed,45100662
fixed,45118160
fixed,45065004
fixed,44836214
fixed,44923170
fixed,45043628
fixed,46139726
fixed,45186814
fixed,45077556
fixed,44920520
fixed,45461758
fixed,44611864
fixed,46005200
fixed,45653374
fixed,45571232
fixed,45713124
fixed,44887356
fixed,45216692
fixed,45086900
fixed,45539480
fixed,45593636
fixed,44565920
fixed,44713988
fixed,45073818
fixed,44547376
fixed,45403304
fixed,44641854
fixed,45136020
fixed,44723082
fixed,44966558
fixed,45606878
fixed,45344122
fixed,44953184
fixed,45363480
fixed,45220386
fixed,45118430
fixed,44924774
fixed,44736388
fixed,45712356
fixed,45102548
fixed,44890568
fixed,46038452
fixed,44797584
fixed,45031408
fixed,45424912
fixed,45233748
fixed,45606334
fixed,45819928
fixed,45134082
fixed,47748770
fixed,44616236
fixed,44575764
fixed,44891070
fixed,44885292
fixed,45891508
fixed,44900194
fixed,44522694
fixed,44651984
fixed,44581412
fixed,44571674
fixed,45002806
fixed,44826360
fixed,47307322
fixed,45321242
fixed,45343688
fixed,44877632
fixed,44740126
fixed,45176410
fixed,44589650
fixed,45058320
fixed,44688954
fixed,44830092
fixed,44606398
fixed,44761514
fixed,44608634
fixed,44715096
fixed,46033092
fixed,44818820
fixed,44788580
fixed,44483152
fixed,44403750
fixed,45435502
fixed,45199910
fixed,45315406
fixed,44939230
fixed,44989976
fixed,44458254
fixed,44423292
fixed,44460242
fixed,44391352
fixed,44801802
fixed,45046562
fixed,46981798
fixed,46205636
fixed,44579806
fixed,44388874
fixed,43944674
fixed,44609996
fixed,45104040
fixed,44704180
fixed,44801462
fixed,44664914
fixed,44411314
fixed,44341578
fixed,45423470
fixed,44332484
fixed,44383596
fixed,44644568
fixed,44252904
fixed,44315416
fixed,43891362
fixed,44733092
fixed,44763382
fixed,44177408
fixed,43985670
fixed,44523046
fixed,44442380
fixed,44075350
fixed,44545138
fixed,44173170
fixed,44461318
fixed,44206468
fixed,44540782
fixed,44172426
fixed,44279350
fixed,44365780
fixed,43899522
fixed,44154040
fixed,44203160
fixed,43995552
fixed,44318228
fixed,44524606
fixed,44217490
fixed,44321698
fixed,46299356
fixed,44384296
fixed,44555762
fixed,44150750
fixed,44337624
fixed,44484286
fixed,44054422
fixed,44385626
fixed,44075176
fixed,44325126
fixed,44424062
fixed,44567818
fixed,44359030
fixed,43881134
fixed,44116336
fixed,44177930
fixed,44231342
fixed,44186060
fixed,44221568
fixed,44396630
fixed,46015232
fixed,44339264
fixed,44140558
fixed,43800664
fixed,44491354
fixed,44081766
fixed,43371156
fixed,43674868
fixed,44297180
fixed,44362252
fixed,44311692
fixed,44603048
fixed,44530488
fixed,44519086
fixed,44325112
fixed,43849536
fixed,43869718
fixed,44208300
fixed,44727492
fixed,44131270
fixed,43472144
fixed,44588112
fixed,43816224
fixed,44072676
fixed,44382874
fixed,43863116
fixed,44358316
fixed,44483824
fixed,44329590
fixed,44262250
fixed,44337450
fixed,44241482
fixed,43832066
fixed,43216832
fixed,44379938
fixed,43926162
fixed,44251958
fixed,44611804
fixed,44173692
fixed,43829410
fixed,44605002
fixed,44651814
fixed,43842086
fixed,44528936
fixed,44009710
fixed,43686530
fixed,44261574
fixed,44132788
fixed,44002864
fixed,44430332
fixed,44224878
fixed,44317298
fixed,44071940
fixed,44293634
fixed,44071718
fixed,44360322
fixed,43851990
fixed,44162894
fixed,44565318
fixed,43824376
fixed,51288590
fixed,44255814
fixed,44456374
fixed,44029968
fixed,44914384
fixed,44448392
fixed,44701660
fixed,44241396
fixed,44295964
fixed,44507368
fixed,44718018
fixed,44706580
fixed,44221142
fixed,44613686
fixed,44220626
fixed,44527608
fixed,43528778
fixed,43964674
fixed,44298616
fixed,44460832
fixed,43963450
fixed,44274924
fixed,44938776
fixed,44547704
fixed,44251374
fixed,47812494
fixed,44099710
fixed,44620530
fixed,44279758
fixed,43760962
fixed,44458094
fixed,44502798
fixed,48715954
fixed,44947630
fixed,44456642
fixed,43866430
fixed,44564936
fixed,44684294
fixed,44449408
fixed,44391348
fixed,44528138
fixed,44436700
fixed,43491380
fixed,44340444
fixed,44478752
fixed,44248066
fixed,44491686
fixed,43820902
fixed,44586760
fixed,44661348
fixed,43584990
fixed,44116064
fixed,43728996
fixed,44266302
fixed,46011544
fixed,45236244
fixed,44400454
fixed,44069360
fixed,44522894
fixed,43518076
fixed,44529448
fixed,44215926
fixed,44797860
fixed,44262066
fixed,46129520
fixed,44331204
fixed,44482294
fixed,44119268
fixed,44418408
fixed,44456662
fixed,44342538
fixed,43911140
fixed,44267728
fixed,43407112
fixed,43328912
fixed,44243974
fixed,44063922
fixed,46240302
fixed,44252112
fixed,44207502
fixed,44251222
fixed,44448576
fixed,43689944
fixed,43675610
fixed,46010172
fixed,43650174
fixed,43669450
fixed,44351680
fixed,44432010
fixed,44139394
fixed,44121926
fixed,44627874
fixed,44498228
fixed,44188984
fixed,43707204
fixed,44548116
fixed,44462692
fixed,44357832
fixed,44096296
fixed,44052744
fixed,43893960
fixed,43222916
fixed,44020094
fixed,44168808
fixed,44309356
fixed,44324752
fixed,44318536
fixed,44183356
fixed,42372628
fixed,43777328
fixed,44004048
fixed,43464862
fixed,44733836
fixed,44056248
fixed,44369850
fixed,44035284
fixed,44237264
fixed,44463884
fixed,44357116
fixed,44148540
fixed,43734642
fixed,44441016
fixed,44925998
fixed,44212582
fixed,44313552
fixed,44286712
fixed,44440778
fixed,44550690
fixed,44554312
fixed,43809384
fixed,44130234
fixed,44066178
fixed,44485106
fixed,44117050
fixed,44084316
fixed,44253952
fixed,44207734
fixed,44496058
fixed,44159606
fixed,44172032
fixed,44110374
fixed,44388120
fixed,44276756
fixed,42966890
fixed,44262128
fixed,44081860
fixed,44103074
fixed,44217278
fixed,44408382
fixed,47617930
fixed,44519844
fixed,44503978
fixed,44427112
fixed,44075766
fixed,44701422
fixed,43757938
fixed,44359996
fixed,44225682
fixed,44595686
fixed,44431166
fixed,44433262
fixed,44078634
fixed,43933888
fixed,44127574
fixed,44340036
fixed,44546698
fixed,44139486
fixed,44321804
fixed,44020730
fixed,43370546
fixed,43681568
fixed,44522088
fixed,44229064
fixed,43691286
fixed,43892926
fixed,44108550
fixed,43995846
fixed,43799986
fixed,44409564
fixed,44045200
fixed,43411452
fixed,43629664
fixed,44830770
fixed,43991180
fixed,44004470
fixed,44476192
fixed,44430336
fixed,43050956
fixed,43652796
fixed,43956186
fixed,43660152
fixed,44012438
fixed,44078042
fixed,44107920
fixed,44360502
fixed,43544836
fixed,44247126
fixed,43579628
fixed,43462028
fixed,44368720
fixed,43559096
fixed,43890454
fixed,42823934
fixed,43687822
fixed,43792014
fixed,43171688
fixed,44615768
fixed,44367918
fixed,43632636
fixed,42938420
fixed,43954994
fixed,43673468
fixed,46002874
fixed,44029636
fixed,44252988
fixed,44564070
fixed,44112554
fixed,44021918
fixed,43038798
fixed,44583936
fixed,44292486
fixed,44310428
fixed,43916614
fixed,44605436
fixed,44477160
fixed,44262412
fixed,44405484
fixed,44095372
fixed,43713518
fixed,43942858
fixed,44056108
fixed,44645054
fixed,44451506
fixed,43694918
fixed,44022828
fixed,44190912
fixed,44181890
fixed,44428442
fixed,43724886
fixed,43679988
fixed,44139514
fixed,44298926
fixed,43943612
fixed,43793904
fixed,44192588
fixed,43759024
fixed,43748874
fixed,44139548
fixed,43786588
fixed,43633184
fixed,43315488
fixed,44022664
fixed,43534048
fixed,44258628
fixed,43796576
fixed,43317310
fixed,43445170
fixed,44283462
fixed,42749524
fixed,43826304
fixed,44816222
fixed,43988834
fixed,44258880
fixed,43976324
fixed,44435162
fixed,43888778
fixed,43936174
fixed,44219186
fixed,44134596
fixed,44086266
fixed,43199648
fixed,44663804
fixed,43980304
fixed,43989318
fixed,43633158
fixed,43744584
fixed,44399930
fixed,44488414
fixed,44287596
fixed,43684036
fixed,44035222
fixed,43834710
fixed,44677540
fixed,44219262
fixed,44582544
fixed,43405238
fixed,45977598
fixed,43921306
fixed,44605050
fixed,43807238
fixed,43844832
fixed,43313346
fixed,43460988
fixed,44369418
fixed,44361598
fixed,44256824
fixed,44079120
fixed,43665432
fixed,43335266
fixed,42944834
fixed,44151890
fixed,43265268
fixed,43506080
fixed,43631424
fixed,43187942
fixed,43658786
fixed,43659498
fixed,43805068
fixed,44004896
fixed,43101234
fixed,43954122
fixed,43524422
fixed,43044970
fixed,44437882
fixed,44312660
fixed,43627524
fixed,43693746
fixed,44498862
fixed,44499428
fixed,43875876
fixed,43075644
fixed,45798228
fixed,43406784
fixed,43884286
fixed,43399556
fixed,43586030
fixed,44161684
fixed,43954788
fixed,43720148
fixed,43366518
fixed,43431708
fixed,44034582
fixed,46184752
fixed,44374594
fixed,44435900
fixed,44320124
fixed,44126978
fixed,44377566
fixed,43210750
fixed,43345666
fixed,43716032
fixed,44414312
fixed,43600916
fixed,44299520
fixed,44409242
fixed,43974636
fixed,43873518
fixed,44245292
fixed,44555628
fixed,43386212
fixed,43836896
fixed,44044284
fixed,43779510
fixed,44301902
fixed,44172086
fixed,43451726
fixed,46367964
fixed,44365592
fixed,44724850
fixed,44552588
fixed,44426518
fixed,44213390
fixed,44320200
fixed,44519902
fixed,44586220
fixed,43937810
fixed,44221316
fixed,43534250
fixed,44265012
fixed,43867592
fixed,43986070
fixed,44223976
fixed,44429778
fixed,44400746
fixed,44158238
fixed,44530688
fixed,47342880
fixed,44500958
fixed,43978354
fixed,44256072
fixed,43973902
fixed,44065574
fixed,43958758
fixed,44174536
fixed,43565854
fixed,44297962
fixed,44259552
fixed,43197402
fixed,43254516
fixed,46016820
fixed,47839148
fixed,47172840
fixed,43788568
fixed,44499528
fixed,42163888
fixed,42059882
fixed,42702924
fixed,42092038
fixed,42597178
fixed,42595698
fixed,42257742
fixed,42795846
fixed,42788648
fixed,42888862
fixed,43798610
fixed,44416934
fixed,43748244
fixed,43953190
fixed,44036672
fixed,44652306
fixed,44134418
fixed,43940456
fixed,44227412
fixed,44459162
fixed,44378252
fixed,44007712
fixed,43384706
fixed,44407340
fixed,44231614
fixed,44091080
fixed,43625416
fixed,43119146
fixed,43293600
fixed,44156412
fixed,43611394
fixed,44121366
fixed,43895404
fixed,43806706
fixed,43532928
fixed,44490082
fixed,44038048
fixed,43736194
fixed,43850072
fixed,43012154
fixed,43906816
fixed,43872412
fixed,43534274
fixed,43375766
fixed,44428866
fixed,44077456
fixed,43442390
fixed,44565824
fixed,43356900
fixed,44165824
fixed,43517894
fixed,43793976
fixed,43951498
fixed,43616516
fixed,44340810
fixed,44224084
fixed,44063040
fixed,43927606
fixed,44099686
fixed,43033846
fixed,43884176
fixed,42403624
fixed,43419754
fixed,43891148
fixed,44330042
fixed,43639584
fixed,42664820
fixed,43241388
fixed,43961644
fixed,43848394
fixed,44191572
fixed,44110078
fixed,43405864
fixed,43972484
fixed,43310858
fixed,43954908
fixed,44268522
fixed,44302220
fixed,43940858
fixed,44221444
fixed,44610640
fixed,44612118
fixed,44358934
fixed,44227386
fixed,46309726
fixed,43442930
fixed,44489244
fixed,44008102
fixed,43823060
fixed,43219112
fixed,43676906
fixed,43520730
fixed,43304390
fixed,43451978
fixed,43092352
fixed,44136642
fixed,43555812
fixed,43334972
fixed,43689406
fixed,43547262
fixed,44329486
fixed,44165286
fixed,43760458
fixed,43895006
fixed,43706018
fixed,44498008
fixed,43465714
fixed,43073910
fixed,44378038
fixed,44751398
fixed,44348408
fixed,43151540
fixed,44595908
fixed,43823144
fixed,43370476
fixed,43942302
fixed,47463648
fixed,43567918
fixed,43932722
fixed,44004724
fixed,43173736
fixed,44542234
fixed,43736788
fixed,43504532
fixed,44147764
fixed,44233990
fixed,44227734
fixed,44344060
fixed,44396100
fixed,44629696
fixed,44408824
fixed,44361862
fixed,44648876
fixed,47176882
fixed,44077194
fixed,43718114
fixed,44425432
fixed,44586942
fixed,43635180
fixed,43970312
fixed,43632342
fixed,44621098
fixed,45291440
fixed,43981180
fixed,43980448
fixed,44208124
fixed,44092274
fixed,44391222
fixed,44392776
fixed,44353990
fixed,43323300
fixed,43677190
fixed,44106958
fixed,43465498
fixed,44096630
fixed,44057026
fixed,43798718
fixed,44469338
fixed,44076832
fixed,44048130
fixed,46642992
fixed,44550688
fixed,43844428
fixed,44639788
fixed,44758408
fixed,43774062
fixed,44465310
fixed,44566294
fixed,44152556
fixed,43552896
fixed,44821314
fixed,43930042
fixed,44521534
fixed,43989868
fixed,44463678
fixed,44228980
fixed,45271320
fixed,43830158
fixed,46363172
fixed,44856880
fixed,44435518
fixed,44488190
fixed,43810254
fixed,44287804
fixed,44203900
fixed,44164400
fixed,44302276
fixed,44207124
fixed,46334618
fixed,44217654
fixed,44265446
fixed,43930418
fixed,44391582
fixed,44028518
fixed,44650954
fixed,44399034
fixed,44401126
fixed,43993242
fixed,44139144
fixed,44372460
fixed,44055748
fixed,44037842
fixed,43896538
fixed,43770138
fixed,44261642
fixed,44697876
fixed,44480216
fixed,44481814
fixed,44504420
fixed,43915882
fixed,44046248
fixed,44136544
fixed,43065618
fixed,43827304
fixed,44002276
fixed,44148302
fixed,44026424
fixed,44148052
fixed,44047780
fixed,43960746
fixed,43583572
fixed,44450294
fixed,43470938
fixed,44377216
fixed,44535330
fixed,44287060
fixed,44392684
fixed,44234074
fixed,44155882
fixed,44097750
fixed,44270576
fixed,43709094
fixed,44518466
fixed,43883988
fixed,44436748
fixed,43561060
fixed,44267638
fixed,44031262
fixed,44012512
fixed,44385046
fixed,43191666
fixed,44450490
fixed,43986358
fixed,44454100
fixed,45017048
fixed,44526316
fixed,44585242
fixed,43497812
fixed,44187524
fixed,44244256
fixed,43322036
fixed,44654744
fixed,44523014
fixed,44637490
fixed,42985344
fixed,44443836
fixed,43860648
fixed,43569914
fixed,44409904
fixed,47333978
fixed,45090718
fixed,45632970
fixed,43931618
fixed,43266070
fixed,44275118
fixed,44354772
fixed,43931590
fixed,44272086
fixed,44421088
fixed,44557586
fixed,44359294
fixed,44363808
fixed,43476786
fixed,43863378
fixed,45248142
fixed,43809252
fixed,43772718
fixed,43618976
fixed,44588562
fixed,44440048
fixed,44194148
fixed,43288280
fixed,43799976
fixed,44214726
fixed,44024938
fixed,43412392
fixed,44546606
fixed,44365538
fixed,45544302
fixed,43967984
fixed,44066222
fixed,43747798
fixed,44672450
fixed,44777142
fixed,45350394
fixed,44136476
fixed,44386816
fixed,44055836
fixed,42726376
fixed,43219742
fixed,43124086
fixed,44401846
fixed,44178146
fixed,44445116
fixed,44016358
fixed,44909964
fixed,44295942
fixed,43669426
fixed,44547074
fixed,44650268
fixed,43573078
fixed,46633264
fixed,44413270
fixed,44667904
fixed,44452354
fixed,44695386
fixed,44853092
fixed,44336744
fixed,44075880
fixed,44149284
fixed,44146846
fixed,44278468
fixed,44337154
fixed,44366868
fixed,44541664
fixed,44495278
fixed,44358172
fixed,44173512
fixed,44203812
fixed,43875930
fixed,44285614
fixed,44360446
fixed,44469830
fixed,44059094
fixed,44030430
fixed,42931914
fixed,43214984
fixed,44115434
fixed,44072048
fixed,44492816
fixed,44913982
fixed,44055240
fixed,43550616
fixed,43912266
fixed,43372394
fixed,44311008
fixed,43955034
fixed,44347038
fixed,44238996
fixed,44047602
fixed,43697866
fixed,44571064
fixed,44241352
fixed,44307804
fixed,44368880
fixed,44540050
fixed,44482084
fixed,44046066
fixed,43893176
fixed,44493130
fixed,44064918
fixed,44815682
fixed,44253536
fixed,44476204
fixed,44049042
fixed,43805346
fixed,43767730
fixed,44406682
fixed,44525344
fixed,44769580
fixed,44621388
fixed,44269140
fixed,44228130
fixed,44286532
fixed,43509014
fixed,44621950
fixed,43961332
fixed,44335620
fixed,44503974
fixed,44276800
fixed,43860298
fixed,44236176
fixed,44789892
fixed,44800330
fixed,44408636
fixed,45232646
fixed,44625726
fixed,44510658
fixed,43682012
fixed,43964968
fixed,47712198
fixed,43119728
fixed,44092466
fixed,44100024
fixed,43121172
fixed,43451894
fixed,44039828
fixed,43989244
fixed,44900182
fixed,44424338
fixed,43938742
fixed,43392056
fixed,44443226
fixed,44266130
fixed,43517462
fixed,44841840
fixed,44532594
fixed,44511506
fixed,44479678
fixed,44226654
fixed,44005272
fixed,44598654
fixed,44092736
fixed,44518970
fixed,44367862
fixed,44360398
fixed,45168192
fixed,45212904
fixed,44577398
fixed,44719774
fixed,44609880
fixed,44468232
fixed,44387982
fixed,44246324
fixed,47370692
fixed,44544820
fixed,43739848
fixed,44587922
fixed,44447268
fixed,44338664
fixed,43385812
fixed,47399804
fixed,44601496
fixed,44519220
fixed,44437398
fixed,44433420
fixed,46132936
fixed,46185314
fixed,45698742
fixed,44356616
fixed,44270906
fixed,44553102
fixed,45770232
fixed,45125486
fixed,45253724
fixed,45658872
fixed,44433726
fixed,44696654
fixed,45183040
fixed,45896968
fixed,45737900
fixed,46894046
fixed,45773674
fixed,45512492
fixed,44501944
fixed,44584534
fixed,44032750
fixed,44453210
fixed,44319178
fixed,44412860
fixed,44618024
fixed,45738718
fixed,45448972
fixed,44689964
fixed,44592326
fixed,44111714
fixed,45109676
fixed,45088178
fixed,45177392
fixed,45144564
fixed,45040578
fixed,46882896
fixed,44317704
fixed,44192620
fixed,44339424
fixed,44607544
fixed,44193116
fixed,44426488
fixed,44221376
fixed,44548844
fixed,45814440
fixed,45072928
fixed,45282134
fixed,45656070
fixed,44589320
fixed,43952070
fixed,45108738
fixed,45349316
fixed,44307996
fixed,44540248
fixed,45039938
fixed,45365574
fixed,45181414
fixed,45272398
fixed,44794414
fixed,44459034
fixed,44622316
fixed,44300286
fixed,45008560
fixed,45392590
fixed,45429574
fixed,44914130
fixed,44649190
fixed,44743748
fixed,44723960
fixed,44443468
fixed,44488126
fixed,44577904
fixed,44560570
fixed,44299218
fixed,43930428
fixed,44247624
fixed,43909812
fixed,44149808
fixed,44652940
fixed,44248490
fixed,44502568
fixed,44867426
fixed,47411292
fixed,44603984
fixed,44650722
fixed,44655090
fixed,45847236
fixed,44557338
fixed,44615768
fixed,44561824
fixed,44587504
fixed,45062372
fixed,45571096
fixed,44833836
fixed,45027166
fixed,44706258
fixed,44543824
fixed,45561052
fixed,45241536
fixed,44676486
fixed,45340592
fixed,44972426
fixed,45105782
fixed,45552322
fixed,44859972
fixed,46660100
fixed,45360780
fixed,44850764
fixed,44727034
fixed,44568884
fixed,45117112
fixed,46808856
fixed,45188372
fixed,44693660
fixed,44545222
fixed,44699660
fixed,44255460
fixed,44791558
fixed,44484902
fixed,44555750
fixed,44424632
fixed,44457248
fixed,44478090
fixed,44872576
fixed,46125302
fixed,44486628
fixed,47126740
fixed,45183680
fixed,44844748
fixed,45171304
fixed,44646378
fixed,44540962
fixed,45689010
fixed,44929890
fixed,44791590
fixed,44733666
fixed,44723632
fixed,44530632
fixed,44797220
fixed,45106246
fixed,45241424
fixed,45817390
fixed,45425742
fixed,44782254
fixed,45373224
fixed,45418486
fixed,44823970
fixed,45122012
fixed,44708404
fixed,44790374
fixed,47168998
fixed,46331482
fixed,45434754
fixed,44708290
fixed,44648842
fixed,44595372
fixed,45568846
fixed,45262460
fixed,45043512
fixed,44550434
fixed,44651478
fixed,44572506
fixed,45021282
fixed,44723686
fixed,45017112
fixed,44772936
fixed,45031122
fixed,45309978
fixed,45080800
fixed,44823336
fixed,44754856
fixed,45162032
fixed,45147254
fixed,45302592
fixed,45187224
fixed,44626838
fixed,44773454
fixed,44657378
fixed,44740072
fixed,44932070
fixed,46346684
fixed,45308122
fixed,45120960
fixed,44847754
fixed,44584644
fixed,45175484
fixed,44983136
fixed,44677316
fixed,45126708
fixed,45137390
fixed,45438826
fixed,44436230
fixed,44708736
fixed,44755456
fixed,45316898
fixed,45251538
fixed,44737118
fixed,44601918
fixed,45123868
fixed,44668210
fixed,44647382
fixed,44984042
fixed,44817618
fixed,44644524
fixed,45442098
fixed,44647026
fixed,44575802
fixed,44717670
fixed,44912590
fixed,45292584
fixed,45211630
fixed,44584154
fixed,46049460
fixed,45449618
fixed,45445128
fixed,45938388
fixed,44380350
fixed,44440984
fixed,44429146
fixed,44778684
fixed,44975150
fixed,45418302
fixed,57046540
fixed,56958166
fixed,55982184
fixed,56118376
fixed,72450822
fixed,44612042
fixed,45283800
fixed,44813576
fixed,44396294
fixed,44587156
fixed,44469754
fixed,46492684
fixed,44423576
fixed,44395420
fixed,44349394
fixed,44380568
fixed,44365886
fixed,44463882
fixed,44642962
fixed,44439762
fixed,44046252
fixed,42673988
fixed,44113636
fixed,43860586
fixed,44587028
fixed,45556380
fixed,44754524
fixed,44826746
fixed,44064052
fixed,43559534
fixed,43479278
fixed,43946754
fixed,43807056
fixed,46405634
fixed,44314810
fixed,43497348
fixed,44091480
fixed,43969122
fixed,44502130
fixed,42581694
fixed,43809718
fixed,43952456
fixed,43561000
fixed,44386632
fixed,44214394
fixed,42687764
fixed,43820696
fixed,43316370
fixed,44121562
fixed,43839556
fixed,43701768
fixed,44030474
fixed,43921160
fixed,44321144
fixed,44135022
fixed,44264774
fixed,44548534
fixed,44385014
fixed,44376536
fixed,44508266
fixed,43240410
fixed,43952406
fixed,44424822
fixed,44468888
fixed,43892720
fixed,49581460
fixed,44334344
fixed,43932544
fixed,43459316
fixed,43615388
fixed,43529428
fixed,43938118
fixed,44334178
fixed,44051858
fixed,43539740
fixed,43598388
fixed,42925736
fixed,43245306
fixed,43304294
fixed,44050460
fixed,44544026
fixed,44663702
fixed,44873606
fixed,45284176
fixed,43582500
fixed,43184914
fixed,43697526
fixed,43865924
fixed,44459942
fixed,46413120
fixed,44268092
fixed,43654484
fixed,43082910
fixed,43633560
fixed,44076786
fixed,44417638
fixed,44292684
fixed,43324072
fixed,43854172
fixed,43943018
fixed,43087966
fixed,43295418
fixed,43526452
fixed,44019278
fixed,44567530
fixed,44380720
fixed,42942204
fixed,43727268
fixed,42554338
fixed,43029144
fixed,46365706
fixed,43967112
fixed,42841060
fixed,43674308
fixed,43930770
fixed,43812738
fixed,43249008
fixed,43984454
fixed,43861574
fixed,43257650
fixed,43913822
fixed,44208132
fixed,44169820
fixed,43859184
fixed,43697506
fixed,43689626
fixed,43932188
fixed,43499162
fixed,42964304
fixed,43952362
fixed,43496418
fixed,44260254
fixed,44391556
fixed,44028672
fixed,43645800
fixed,44565508
fixed,44663604
fixed,46524826
fixed,43439238
fixed,41730150
fixed,43556422
fixed,43981110
fixed,44524098
fixed,43782946
fixed,43758018
fixed,43280628
fixed,45201520
fixed,44369348
fixed,43044324
fixed,44288218
fixed,43756402
fixed,44254790
fixed,43302400
fixed,44187490
fixed,44300662
fixed,44142146
fixed,43565874
fixed,43808724
fixed,45068980
fixed,45477346
fixed,44200930
fixed,44082112
fixed,43641864
fixed,43589276
fixed,44813332
fixed,44464504
fixed,44339278
fixed,43630620
fixed,44055696
fixed,42837816
fixed,42380608
fixed,46177742
fixed,44774326
fixed,43537082
fixed,43642882
fixed,43939028
fixed,43973848
fixed,43524680
fixed,44269154
fixed,44756488
fixed,43116114
fixed,46244404
fixed,44637532
fixed,43447034
fixed,43696838
fixed,44404672
fixed,44410506
fixed,43912840
fixed,43335014
fixed,43335886
fixed,44669996
fixed,43324662
fixed,43213562
fixed,43940838
fixed,44237888
fixed,43813454
fixed,44480882
fixed,44549840
fixed,44040756
fixed,44784706
fixed,44631408
fixed,43257024
fixed,43093270
fixed,44809884
fixed,44545676
fixed,43981630
fixed,44519122
fixed,44145584
fixed,43993816
fixed,43633518
fixed,44029358
fixed,46182118
fixed,44358018
fixed,43551610
fixed,44171194
fixed,43731860
fixed,44620358
fixed,44024390
fixed,44206946
fixed,44398038
fixed,43975676
fixed,45814796
fixed,46885184
fixed,43863866
fixed,43588446
fixed,43845724
fixed,44130778
fixed,44015912
fixed,44000790
fixed,43719120
fixed,44136244
fixed,43602046
fixed,44234014
fixed,47444362
fixed,44437772
fixed,44149068
fixed,44310234
fixed,44058382
fixed,44896084
fixed,44554010
fixed,45938584
fixed,45111460
fixed,44951998
fixed,46001080
fixed,45302414
fixed,43235478
fixed,43396220
fixed,44541836
fixed,43475262
fixed,44445112
fixed,44934200
fixed,44260814
fixed,46282094
fixed,43619354
fixed,43374242
fixed,44245688
fixed,44015144
fixed,44243498
fixed,43665016
fixed,45717762
fixed,43603808
fixed,43315966
fixed,44869868
fixed,43550146
fixed,43339512
fixed,44583724
fixed,43899424
fixed,43626664
fixed,44147448
fixed,43883572
fixed,44003126
fixed,43898726
fixed,44034822
fixed,44210446
fixed,43975330
fixed,43525116
fixed,44874084
fixed,43669852
fixed,44162688
fixed,43872868
fixed,43469310
fixed,43459846
fixed,44895108
fixed,44438064
fixed,42420276
fixed,43391750
fixed,44650786
fixed,43767774
fixed,46710996
fixed,43977148
fixed,44027698
fixed,43763514
fixed,43052798
fixed,43304388
fixed,43859700
fixed,43553362
fixed,43098386
fixed,43931648
fixed,44381800
fixed,47875564
fixed,44638800
fixed,43866330
fixed,46335804
fixed,44732996
fixed,44030298
fixed,43861554
fixed,43827482
fixed,44171878
fixed,44401152
fixed,43667988
fixed,43438292
fixed,44247054
fixed,43398164
fixed,43540292
fixed,43317782
fixed,45857734
fixed,44089168
fixed,44272436
fixed,43437318
fixed,43748934
fixed,44161604
fixed,43730796
fixed,43704698
fixed,44463690
fixed,44330004
fixed,44406624
fixed,44171304
fixed,44158424
fixed,44054424
fixed,44172232
fixed,43389468
fixed,43948596
fixed,44357544
fixed,44279002
fixed,44003868
fixed,44142534
fixed,44398220
fixed,44156684
fixed,44039406
fixed,43972008
fixed,44276192
fixed,43444690
fixed,43811332
fixed,42661306
fixed,43612882
fixed,44058378
fixed,43351686
fixed,43222238
fixed,43915420
fixed,44399352
fixed,43512158
fixed,43313584
fixed,44158744
fixed,43930216
fixed,43991972
fixed,43564048
fixed,43244608
fixed,43932222
fixed,44037626
fixed,44276864
fixed,43702642
fixed,44115786
fixed,44065460
fixed,43634916
fixed,44128068
fixed,43887752
fixed,44122198
fixed,44518218
fixed,43806294
fixed,43615822
fixed,43001432
fixed,44376086
fixed,44115172
fixed,42637196
fixed,43139698
fixed,43424322
fixed,42588938
fixed,43986028
fixed,43539232
fixed,44186216
fixed,44337098
fixed,43757544
fixed,43845996
fixed,43847868
fixed,43925896
fixed,43928860
fixed,44046474
fixed,44000642
fixed,44338470
fixed,44198348
fixed,42708494
fixed,43154848
fixed,43502932
fixed,43743348
fixed,44013068
fixed,43478748
fixed,43382078
fixed,43604172
fixed,43138288
fixed,43592440
fixed,44150530
fixed,44077050
fixed,43541488
fixed,44305828
fixed,43736052
fixed,43706908
fixed,44090828
fixed,43946318
fixed,43948850
fixed,42988960
fixed,43875948
fixed,44021212
fixed,43791968
fixed,44181644
fixed,43301754
fixed,43470620
fixed,43942126
fixed,42073552
fixed,42742370
fixed,43621342
fixed,43160046
fixed,44017140
fixed,43687278
fixed,43899276
fixed,43670944
fixed,43810702
fixed,43754406
fixed,43484070
fixed,44148188
fixed,43593114
fixed,43415572
fixed,47607312
fixed,43448334
fixed,42950766
fixed,44222740
fixed,43392372
fixed,42382260
fixed,44003488
fixed,43022858
fixed,43596052
fixed,44565894
fixed,43691200
fixed,44683004
fixed,44872360
fixed,43662872
fixed,44089764
fixed,44133544
fixed,43919416
fixed,44391582
fixed,44124344
fixed,46409824
fixed,44398614
fixed,43992300
fixed,43748252
fixed,43980332
fixed,43646372
fixed,43794174
fixed,43549296
fixed,42629770
fixed,43722328
fixed,43816448
fixed,44004074
fixed,44109812
fixed,43926016
fixed,43469778
fixed,44084840
fixed,44461152
fixed,44355268
fixed,44429064
fixed,44450738
fixed,43652404
fixed,43854170
fixed,44470000
fixed,43619516
fixed,43555508
fixed,43009820
fixed,43412456
fixed,44049944
fixed,44548902
fixed,46777538
fixed,44364726
fixed,44217944
fixed,44837174
fixed,43718278
fixed,43327308
fixed,44371006
fixed,44365340
fixed,43646712
fixed,44123286
fixed,44085998
fixed,44543738
fixed,43704640
fixed,44283884
fixed,44329802
fixed,44068692
fixed,44453530
fixed,43789000
fixed,44035214
fixed,44250256
fixed,44049482
fixed,43943768
fixed,43855116
fixed,43154866
fixed,43548698
fixed,43524912
fixed,44509316
fixed,44353118
fixed,45843416
fixed,44850016
fixed,44487306
fixed,44252020
fixed,43757076
fixed,43981370
fixed,43764044
fixed,44134284
fixed,43897958
fixed,43739998
fixed,44137810
fixed,43744668
fixed,43808432
fixed,44365400
fixed,43851450
fixed,44703864
fixed,45811480
fixed,47528238
fixed,43416308
fixed,43054274
fixed,43514524
fixed,43324994
fixed,43441126
fixed,43669510
fixed,43292134
fixed,43267078
fixed,43629474
fixed,43500696
fixed,44444658
fixed,44345396
fixed,44366898
fixed,44055924
fixed,43820876
fixed,43495646
fixed,43923210
fixed,44195542
fixed,44455868
fixed,43495616
fixed,44709784
fixed,44649420
fixed,43564516
fixed,44275628
fixed,43822712
fixed,44619166
fixed,43486556
fixed,43633610
fixed,43376802
fixed,43761234
fixed,43746480
fixed,43804648
fixed,44369728
fixed,43761654
fixed,43748698
fixed,44111046
fixed,44191576
fixed,44070274
fixed,43568070
fixed,44440330
fixed,44549332
fixed,43855530
fixed,43475922
fixed,42728108
fixed,43875238
fixed,44106344
fixed,43792482
fixed,43478238
fixed,44116462
fixed,43376890
fixed,43218704
fixed,44073212
fixed,43586178
fixed,44351112
fixed,42773256
fixed,43840306
fixed,44379710
fixed,43783792
fixed,44104478
fixed,44597250
fixed,44155782
fixed,44677866
fixed,44724686
fixed,44219626
fixed,44060878
fixed,43987500
fixed,43980400
fixed,43098726
fixed,43810634
fixed,43291694
fixed,43499852
fixed,43994696
fixed,44016670
fixed,43561984
fixed,43115988
fixed,46407908
fixed,44699054
fixed,43530938
fixed,44109772
fixed,43178724
fixed,43210152
fixed,43494184
fixed,44020938
fixed,44787020
fixed,43856806
fixed,43666936
fixed,44321138
fixed,43848496
fixed,44521292
fixed,43632736
fixed,43696850
fixed,43756806
fixed,44140280
fixed,43704204
fixed,45542116
fixed,44499540
fixed,43833956
fixed,44057498
fixed,44480676
fixed,44442984
fixed,43463728
fixed,43693482
fixed,43859296
fixed,43497030
fixed,44094666
fixed,44185768
fixed,44011298
fixed,43770330
fixed,44272590
fixed,44120422
fixed,44025554
fixed,44314000
fixed,44396076
fixed,44315488
fixed,44139302
fixed,44277446
fixed,44167236
fixed,44113984
fixed,44929222
fixed,44113518
fixed,44422148
fixed,44212768
fixed,44123204
fixed,43938830
fixed,43978486
fixed,44126954
fixed,43889070
fixed,50137350
fixed,43285652
fixed,43810832
fixed,43041564
fixed,44009158
fixed,43848058
fixed,44626098
fixed,44296472
fixed,43990902
fixed,44052706
fixed,44193846
fixed,43895076
fixed,43295456
fixed,43841674
fixed,44374086
fixed,43914452
fixed,43776336
fixed,45051078
fixed,43818258
fixed,43119912
fixed,43823002
fixed,43587226
fixed,43114310
fixed,43150792
fixed,42921238
fixed,43528476
fixed,43720326
fixed,42851942
fixed,43163262
fixed,42836114
fixed,44201306
fixed,46051516
fixed,44503230
fixed,43365102
fixed,43888822
fixed,44183726
fixed,43721300
fixed,44126478
fixed,44314272
fixed,44067998
fixed,44305070
fixed,43975742
fixed,46765276
fixed,43729108
fixed,43855794
fixed,45723524
fixed,43718052
fixed,43455588
fixed,43892908
fixed,44039462
fixed,43135060
fixed,44536222
fixed,44039132
fixed,46047226
fixed,44261610
fixed,44312514
fixed,43706830
fixed,43419098
fixed,44102426
fixed,44238050
fixed,43921102
fixed,43860556
fixed,43871368
fixed,44559420
fixed,43728092
fixed,45919504
fixed,43262630
fixed,43845086
fixed,43667612
fixed,44354978
fixed,43609100
fixed,43920106
fixed,43588538
fixed,43588090
fixed,43592782
fixed,44616468
fixed,43937214
fixed,43745526
fixed,44285548
fixed,43658496
fixed,43500646
fixed,42980866
fixed,43569910
fixed,43693736
fixed,43123726
fixed,43917438
fixed,44089402
fixed,44456572
fixed,44868886
fixed,44240094
fixed,44060002
fixed,44417778
fixed,43518274
fixed,43594472
fixed,43256232
fixed,43715080
fixed,44001084
fixed,44183480
fixed,43873978
fixed,44612708
fixed,43267914
fixed,43657930
fixed,44353514
fixed,44434468
fixed,44302274
fixed,43906784
fixed,43504120
fixed,43759810
fixed,43465260
fixed,43292382
fixed,44566298
fixed,49302244
fixed,44420540
fixed,43305220
fixed,43678484
fixed,44155026
fixed,44534604
fixed,44408852
fixed,44256614
fixed,44341496
fixed,44474370
fixed,43589592
fixed,43325476
fixed,43341408
fixed,43867648
fixed,43998954
fixed,44057024
fixed,44289300
fixed,43986158
fixed,44101976
fixed,43921974
fixed,44359846
fixed,46244308
fixed,43369432
fixed,43652314
fixed,43741806
fixed,43989866
fixed,44142286
fixed,43696824
fixed,44061810
fixed,44356648
fixed,44085308
fixed,43916838
fixed,43815448
fixed,43874822
fixed,44348530
fixed,44134038
fixed,44508148
fixed,43570640
fixed,44308438
fixed,43705220
fixed,43684234
fixed,43544528
fixed,43881112
fixed,44310090
fixed,44488960
fixed,43865204
fixed,46517434
fixed,44177448
fixed,44317742
fixed,43961556
fixed,44075830
fixed,43018062
fixed,43511662
fixed,44720132
fixed,43730158
fixed,43889526
fixed,43032500
fixed,42962510
fixed,44050256
fixed,43936450
fixed,43361660
fixed,44577222
fixed,44060862
fixed,43758286
fixed,44375082
fixed,45867954
fixed,43729926
fixed,44428108
fixed,44183148
fixed,43733336
fixed,43965404
fixed,43751686
fixed,45946638
fixed,44834944
fixed,43896034
fixed,44186030
fixed,43641902
fixed,44654952
fixed,44099702
fixed,45543770
fixed,43642188
fixed,44211384
fixed,43097126
fixed,43915390
fixed,44330998
fixed,44075090
fixed,44426450
fixed,44381496
fixed,43717792
fixed,44240594
fixed,44329682
fixed,43458558
fixed,44575684
fixed,44243328
fixed,44594624
fixed,44222358
fixed,43224056
fixed,44575934
fixed,45803220
fixed,44304354
fixed,43964398
fixed,43847948
fixed,42293264
fixed,44009538
fixed,42982298
fixed,43192828
fixed,44537994
fixed,43569884
fixed,43683348
fixed,44339890
fixed,43634332
fixed,44241302
fixed,44144930
fixed,43675876
fixed,44363710
fixed,43590662
fixed,44049552
fixed,44000678
fixed,43858196
fixed,44463976
fixed,44427130
fixed,44643758
fixed,46165856
fixed,44413304
fixed,44396766
fixed,43954532
fixed,44525858
fixed,44047248
fixed,44172018
fixed,43768052
fixed,43991438
fixed,43794270
fixed,43580626
fixed,46385250
fixed,44367412
fixed,44428922
fixed,44178464
fixed,44333502
fixed,44327526
fixed,43465982
fixed,43702748
fixed,44580820
fixed,44459840
fixed,44123386
fixed,46465216
fixed,44293742
fixed,44396738
fixed,43735826
fixed,43288702
fixed,43550224
fixed,44154990
fixed,42426920
fixed,42783536
fixed,42603490
fixed,44537648
fixed,43990898
fixed,43402702
fixed,42780480
fixed,43857746
fixed,43754688
fixed,44257366
fixed,43757548
fixed,43717668
fixed,42767656
fixed,43720518
fixed,43897336
fixed,43866854
fixed,42542312
fixed,42782618
fixed,43897296
fixed,43453582
fixed,43938068
fixed,44246106
fixed,44265750
fixed,44259148
fixed,44542308
fixed,43383874
fixed,43908646
fixed,44288236
fixed,43937536
fixed,43740760
fixed,43932360
fixed,43829470
fixed,42843148
fixed,44467504
fixed,42604550
fixed,44512346
fixed,44142248
fixed,44140834
fixed,44575900
fixed,44354302
fixed,44539436
fixed,44486862
fixed,44317310
fixed,44455102
fixed,43790666
fixed,44343078
fixed,44423054
fixed,43186618
fixed,43728682
fixed,44155332
fixed,43504862
fixed,44623136
fixed,43980946
fixed,44144930
fixed,44210710
fixed,44288694
fixed,43887992
fixed,44505830
fixed,44480172
fixed,43980304
fixed,44281784
fixed,44051394
fixed,44163056
fixed,44401404
fixed,44332838
fixed,43837988
fixed,43686266
fixed,44322934
fixed,44742696
fixed,44253974
fixed,44498674
fixed,44224504
fixed,44436542
fixed,42975212
fixed,43718170
fixed,44375042
fixed,44154562
fixed,44084790
fixed,44123888
fixed,44292062
fixed,43625762
fixed,44345168
fixed,43730658
fixed,44340786
fixed,44326914
fixed,44344902
fixed,44334504
fixed,44331792
fixed,44346134
fixed,44393862
fixed,44563642
fixed,44160766
fixed,44227010
fixed,44697310
fixed,44064902
fixed,44990526
fixed,44784364
fixed,44364166
fixed,44312400
fixed,44357530
fixed,44512250
fixed,46249144
fixed,44460082
fixed,44510086
fixed,44429514
fixed,44984968
fixed,44863178
fixed,44953660
fixed,44614610
fixed,44295232
fixed,44359364
fixed,44170970
fixed,44208970
fixed,44225804
fixed,44501808
fixed,44382356
fixed,44554816
fixed,44345626
fixed,44303180
fixed,44777010
fixed,44497364
fixed,44488480
fixed,44455326
fixed,44392636
fixed,47119698
fixed,44903578
fixed,43647428
fixed,43983292
fixed,44315064
fixed,45372606
fixed,44695086
fixed,44711512
fixed,44486532
fixed,45120896
fixed,44461580
fixed,44537952
fixed,44898518
fixed,48326586
fixed,46953746
fixed,44591648
fixed,44503596
fixed,44928360
fixed,44824072
fixed,44439088
fixed,44099716
fixed,44545846
fixed,44246748
fixed,44543866
fixed,44535744
fixed,44798958
fixed,44911278
fixed,45091006
fixed,44889108
fixed,45519500
fixed,45010678
fixed,44282612
fixed,44331674
fixed,43875820
fixed,44613472
fixed,45814942
fixed,46064954
fixed,44327508
fixed,44520398
fixed,44590784
fixed,46797456
fixed,45101636
fixed,44156764
fixed,44493184
fixed,44238916
fixed,44290868
fixed,44328396
fixed,44176014
fixed,45421116
fixed,44721408
fixed,44904846
fixed,43867010
fixed,44487494
fixed,46162894
fixed,43996756
fixed,44494504
fixed,44522310
fixed,44713450
fixed,44976986
fixed,44613894
fixed,44449928
fixed,44305150
fixed,44350234
fixed,44726318
fixed,44304656
fixed,44505862
fixed,44394478
fixed,44828972
fixed,44449398
fixed,44451000
fixed,45894842
fixed,44755786
fixed,45045370
fixed,49857152
fixed,45280402
fixed,45510044
fixed,44574736
fixed,44534644
fixed,44671930
fixed,44738118
fixed,44361340
fixed,44592546
fixed,45532602
fixed,44498674
fixed,44924638
fixed,44515484
fixed,44662408
fixed,48320212
fixed,46389956
fixed,45212960
fixed,45050082
fixed,45427062
fixed,44798352
fixed,44286820
fixed,44807030
fixed,44325100
fixed,44086806
fixed,44442744
fixed,44413732
fixed,44228950
fixed,44825902
fixed,44568218
fixed,44450944
fixed,44397800
fixed,44844890
fixed,44290228
fixed,44645900
fixed,44884554
fixed,46012314
fixed,44933122
fixed,44730042
fixed,44697226
fixed,45217566
fixed,44887940
fixed,44526466
fixed,44382210
fixed,44327000
fixed,44981052
fixed,44917846
fixed,44535460
fixed,44650512
fixed,44635156
fixed,44699806
fixed,45211162
fixed,44766332
fixed,44725150
fixed,44469502
fixed,44333952
fixed,44381740
fixed,44356478
fixed,44323894
fixed,44518040
fixed,44429580
fixed,44554082
fixed,45769452
fixed,44782888
fixed,44585634
fixed,44482506
fixed,44250912
fixed,44742030
fixed,44967690
fixed,46616818
fixed,44487990
fixed,44939290
fixed,44618402
fixed,44961488
fixed,44393118
fixed,44413170
fixed,44441786
fixed,47142716
fixed,44991688
fixed,44398816
fixed,44906344
fixed,44607944
fixed,45044050
fixed,44952384
fixed,44327872
fixed,45072134
fixed,45003974
fixed,44621536
fixed,44332994
fixed,44467276
fixed,44793406
fixed,44922636
fixed,44486766
fixed,44337840
fixed,44467268
fixed,44422982
fixed,44587362
fixed,44697044
fixed,44593034
fixed,44843090
fixed,44753592
fixed,44727580
fixed,44792210
fixed,44512382
fixed,45127350
fixed,44321960
fixed,44522500
fixed,44872298
fixed,44511800
fixed,44557762
fixed,44493376
fixed,44419198
fixed,44565138
fixed,45043600
fixed,45249662
fixed,44362806
fixed,44331484
fixed,44674912
fixed,44939110
fixed,44633156
fixed,44340876
fixed,44554368
fixed,44773520
fixed,44012722
fixed,44326542
fixed,44310362
fixed,44268460
fixed,44105298
fixed,45950640
fixed,44465792
fixed,44667540
fixed,45335682
fixed,44746652
fixed,44316954
fixed,44304216
fixed,44957036
fixed,47718872
fixed,44742224
fixed,44648838
fixed,44647984
fixed,44056872
fixed,44427790
fixed,44453402
fixed,44876796
fixed,44679634
fixed,44320818
fixed,44747146
fixed,44331776
fixed,43619286
fixed,44086892
fixed,43958322
fixed,43946844
fixed,44181256
fixed,43368932
fixed,44455196
fixed,43924634
fixed,44206018
fixed,44679312
fixed,44802376
fixed,44090194
fixed,45707454
fixed,46088228
fixed,44407066
fixed,43536448
fixed,44547582
fixed,43563114
fixed,44198026
fixed,43335294
fixed,44100926
fixed,44307286
fixed,44251978
fixed,43342904
fixed,43275862
fixed,43634030
fixed,43138432
fixed,44655892
fixed,43843672
fixed,44351532
fixed,43887082
fixed,44573604
fixed,44462936
fixed,44237184
fixed,44138822
fixed,43248184
fixed,43721016
fixed,43269878
fixed,43015034
fixed,44354086
fixed,43322040
fixed,42900080
fixed,42700538
fixed,43168906
fixed,43014010
fixed,43085200
fixed,43132132
fixed,42892408
fixed,42932060
fixed,43822068
fixed,42425032
fixed,42877796
fixed,43574258
fixed,43480326
fixed,42607948
fixed,43253294
fixed,43845892
fixed,43336026
fixed,43115410
fixed,43125770
fixed,43466862
fixed,43051816
fixed,44084338
fixed,42857380
fixed,43328048
fixed,44644458
fixed,43790966
fixed,42225672
fixed,42849788
fixed,44168616
fixed,43810526
fixed,43147030
fixed,42288000
fixed,44108084
fixed,43268942
fixed,43706550
fixed,43124014
fixed,45582050
fixed,43850788
fixed,43005850
fixed,43130250
fixed,43230924
fixed,42861046
fixed,43139472
fixed,42467656
fixed,43740686
fixed,43172112
fixed,43176858
fixed,43606140
fixed,46579352
fixed,44379420
fixed,42857884
fixed,42992010
fixed,44580514
fixed,44320394
fixed,43472484
fixed,43302942
fixed,43363628
fixed,42933236
fixed,43503518
fixed,42476644
fixed,43481128
fixed,43478966
fixed,42903468
fixed,43492814
fixed,42875382
fixed,43399372
fixed,43920376
fixed,43087168
fixed,43873194
fixed,43268150
fixed,43654014
fixed,42731178
fixed,43692114
fixed,43066658
fixed,43541472
fixed,43287038
fixed,42862926
fixed,43021272
fixed,42997444
fixed,43745950
fixed,43227662
fixed,43629794
fixed,44027362
fixed,44036748
fixed,44343788
fixed,44337666
fixed,44320492
fixed,44643792
fixed,44265514
fixed,44347228
fixed,44045988
fixed,44198402
fixed,43933040
fixed,43236404
fixed,42454594
fixed,43228136
fixed,43428890
fixed,43405964
fixed,43417612
fixed,44179508
fixed,43624182
fixed,44487624
fixed,43882404
fixed,43316716
fixed,44245032
fixed,44044910
fixed,44319302
fixed,44270054
fixed,42510722
fixed,42118646
fixed,42975140
fixed,44425012
fixed,43924816
fixed,43894890
fixed,44113262
fixed,43944664
fixed,43691536
fixed,43307518
fixed,43741106
fixed,43479230
fixed,43797540
fixed,44723692
fixed,43534226
fixed,44259322
fixed,44551332
fixed,45926546
fixed,44112586
fixed,44030768
fixed,43619222
fixed,43099700
fixed,43021716
fixed,42427216
fixed,43011294
fixed,44072076
fixed,49044312
fixed,44580508
fixed,44021246
fixed,43721536
fixed,43128036
fixed,43960884
fixed,43569756
fixed,44017284
fixed,42303008
fixed,44059862
fixed,46276064
fixed,44483742
fixed,44061360
fixed,43455048
fixed,43524510
fixed,43700100
fixed,44037022
fixed,43334654
fixed,43102856
fixed,43975640
fixed,43630944
fixed,46331146
fixed,44517162
fixed,43576874
fixed,44057918
fixed,43624872
fixed,43899914
fixed,44625304
fixed,44110490
fixed,43568198
fixed,43340068
fixed,43285890
fixed,43005606
fixed,43238764
fixed,43131458
fixed,43107406
fixed,45880126
fixed,43952604
fixed,42859696
fixed,43294226
fixed,42684404
fixed,43528750
fixed,43534248
fixed,43733208
fixed,44124096
fixed,43854652
fixed,47153068
fixed,44146684
fixed,43143628
fixed,41814972
fixed,44575546
fixed,43339436
fixed,43629120
fixed,44093096
fixed,44102474
fixed,43120894
fixed,43921738
fixed,43381932
fixed,43273110
fixed,42957256
fixed,43919258
fixed,43858142
fixed,43107542
fixed,43349270
fixed,43947500
fixed,43280210
fixed,42968916
fixed,43549868
fixed,43197876
fixed,42948132
fixed,43719828
fixed,46660366
fixed,44518498
fixed,44071814
fixed,43185198
fixed,43815364
fixed,43250622
fixed,42988292
fixed,43033728
fixed,44349614
fixed,43048054
fixed,44241974
fixed,44229096
fixed,44361306
fixed,43679208
fixed,44482700
fixed,43772538
fixed,43314660
fixed,43520440
fixed,43952254
fixed,47321894
fixed,44312886
fixed,43828940
fixed,44020482
fixed,44184264
fixed,42870524
fixed,42986786
fixed,43548690
fixed,43990204
fixed,43364826
fixed,44364316
fixed,43931004
fixed,43548780
fixed,43428536
fixed,42657302
fixed,43853708
fixed,44353416
fixed,42748642
fixed,43886318
fixed,43436870
fixed,44147080
fixed,46652800
fixed,43880720
fixed,43365336
fixed,43373964
fixed,43651452
fixed,44257586
fixed,43334610
fixed,42969322
fixed,43147760
fixed,43827778
fixed,43450008
fixed,44554882
fixed,44147018
fixed,42797462
fixed,43119042
fixed,43577888
fixed,43816588
fixed,44971732
fixed,44931016
fixed,44199658
fixed,43428414
fixed,43172776
fixed,43676400
fixed,44100120
fixed,44464396
fixed,43274844
fixed,43443208
fixed,43633724
fixed,43863554
fixed,44079124
fixed,43819092
fixed,43814056
fixed,43897974
fixed,43904658
fixed,43047626
fixed,43422948
fixed,44000568
fixed,43477704
fixed,43441078
fixed,43300354
fixed,43881146
fixed,43828674
fixed,45944078
fixed,43692514
fixed,43559944
fixed,43111802
fixed,44111812
fixed,44662116
fixed,44235760
fixed,44059944
fixed,43457986
fixed,43662858
fixed,43137240
fixed,44224036
fixed,43523682
fixed,43557818
fixed,44079252
fixed,43745344
fixed,44016534
fixed,44470724
fixed,43250000
fixed,44397474
fixed,43920434
fixed,44140960
fixed,43694622
fixed,43691338
fixed,43829992
fixed,43474160
fixed,44008522
fixed,45620120
fixed,43295478
fixed,43129642
fixed,43001668
fixed,43488412
fixed,43654884
fixed,43845068
fixed,42388066
fixed,43365202
fixed,43795998
fixed,44066762
fixed,43657388
fixed,44383370
fixed,43306686
fixed,42496206
fixed,43527442
fixed,43690044
fixed,43516390
fixed,43508986
fixed,42751596
fixed,43973884
fixed,43585854
fixed,43029290
fixed,43037496
fixed,43836600
fixed,44188084
fixed,43353050
fixed,43496556
fixed,43162722
fixed,43785558
fixed,43852754
fixed,44232798
fixed,42898412
fixed,43304832
fixed,44483044
fixed,43630334
fixed,44087030
fixed,42607484
fixed,43378826
fixed,43367008
fixed,43990940
fixed,43688510
fixed,43601032
fixed,44090916
fixed,43382544
fixed,43417716
fixed,44663196
fixed,43833258
fixed,44678846
fixed,43071080
fixed,44207106
fixed,43310340
fixed,43480420
fixed,43301010
fixed,43654494
fixed,43656916
fixed,44781282
fixed,44308014
fixed,44022672
fixed,44202390
fixed,42585468
fixed,43704736
fixed,43983200
fixed,45324670
fixed,43639038
fixed,43135132
fixed,43674298
fixed,44377376
fixed,43909066
fixed,44021232
fixed,44351446
fixed,43893104
fixed,44506338
fixed,44153902
fixed,44460510
fixed,43841358
fixed,43977622
fixed,44037700
fixed,46035960
fixed,43813678
fixed,52891764
fixed,43564364
fixed,44034320
fixed,43660550
fixed,44078526
fixed,43259064
fixed,43471196
fixed,43026588
fixed,44118080
fixed,44096262
fixed,44156416
fixed,43619616
fixed,44623742
fixed,43682508
fixed,44382456
fixed,44554498
fixed,43714812
fixed,44383904
fixed,43628456
fixed,42989322
fixed,44186324
fixed,43990122
fixed,43497304
fixed,43385704
fixed,44011018
fixed,43575312
fixed,43204288
fixed,43733438
fixed,43967608
fixed,44243026
fixed,44017932
fixed,44058712
fixed,43596444
fixed,44422482
fixed,44073948
fixed,43732964
fixed,43582072
fixed,43072558
fixed,43873858
fixed,44276566
fixed,44089752
fixed,43975570
fixed,43761762
fixed,43531560
fixed,43253778
fixed,43914476
fixed,44029754
fixed,43747838
fixed,43901166
fixed,43591130
fixed,44033834
fixed,43813346
fixed,43528452
fixed,43945994
fixed,43513824
fixed,43781112
fixed,43712238
fixed,43605716
fixed,44165726
fixed,43988356
fixed,44492172
fixed,43376120
fixed,43383964
fixed,44061698
fixed,43784514
fixed,43885384
fixed,44177692
fixed,43346266
fixed,43523614
fixed,43396646
fixed,43664392
fixed,43703662
fixed,44211192
fixed,44435902
fixed,44317002
fixed,43916380
fixed,43077358
fixed,43900102
fixed,43630936
fixed,43599668
fixed,43562084
fixed,43497540
fixed,44046236
fixed,44023134
fixed,43379896
fixed,43243496
fixed,44061458
fixed,43781218
fixed,43645416
fixed,43619242
fixed,43641598
fixed,42986770
fixed,43929778
fixed,44223792
fixed,43702654
fixed,43687356
fixed,44108420
fixed,44720098
fixed,45804120
fixed,43803818
fixed,43655492
fixed,43478352
fixed,43387038
fixed,44178476
fixed,43165504
fixed,43150038
fixed,44078660
fixed,43840630
fixed,44161686
fixed,43356370
fixed,43549730
fixed,42734252
fixed,43644620
fixed,44845432
fixed,43253616
fixed,42838918
fixed,43845964
fixed,44439230
fixed,43642344
fixed,44531562
fixed,43440268
fixed,44386988
fixed,43586862
fixed,43654272
fixed,43167706
fixed,43209168
fixed,44100936
fixed,43810610
fixed,43826814
fixed,43296910
fixed,43459264
fixed,43416048
fixed,43577156
fixed,49364800
fixed,44062740
fixed,43185262
fixed,43436602
fixed,43157208
fixed,44107836
fixed,43252246
fixed,43465856
fixed,43061666
fixed,43363040
fixed,43480418
fixed,43886478
fixed,43514966
fixed,43474480
fixed,42958940
fixed,44024598
fixed,43183408
fixed,42734080
fixed,43663564
fixed,43728110
fixed,43985436
fixed,44765970
fixed,45682364
fixed,52296158
fixed,43875796
fixed,43101974
fixed,43811556
fixed,43337906
fixed,44131196
fixed,43927792
fixed,43403916
fixed,43338002
fixed,43749304
fixed,43205184
fixed,43091748
fixed,42903468
fixed,43828544
fixed,45582304
fixed,44392834
fixed,43795012
fixed,43695970
fixed,43320944
fixed,44105742
fixed,44295244
fixed,43057258
fixed,43210770
fixed,43451602
fixed,43281644
fixed,44405046
fixed,44002730
fixed,43688790
fixed,43623264
fixed,43373356
fixed,46534042
fixed,46209724
fixed,43183400
fixed,43943776
fixed,43169780
fixed,43776568
fixed,43072610
fixed,44445334
fixed,44507024
fixed,44289940
fixed,44013542
fixed,43951962
fixed,44212190
fixed,44442864
fixed,44351672
fixed,43116956
fixed,44233482
fixed,43974152
fixed,44620052
fixed,44483796
fixed,43814242
fixed,45976232
fixed,44163196
fixed,43873176
fixed,44262836
fixed,44158602
fixed,44011432
fixed,43851328
fixed,44803410
fixed,43502248
fixed,43539118
fixed,43332112
fixed,43390824
fixed,44348036
fixed,44132132
fixed,43699694
fixed,44160814
fixed,43410848
fixed,44451794
fixed,43779006
fixed,43907882
fixed,43320308
fixed,43069786
fixed,43677482
fixed,44325248
fixed,43232256
fixed,43428322
fixed,43497442
fixed,43708854
fixed,43979002
fixed,44001984
fixed,43900274
fixed,43200546
fixed,43775244
fixed,43234294
fixed,43654130
fixed,43950576
fixed,43265764
fixed,43509488
fixed,44368070
fixed,43896576
fixed,44801148
fixed,43459216
fixed,42936142
fixed,44027326
fixed,43785432
fixed,43161208
fixed,43702726
fixed,43016178
fixed,44226086
fixed,43265658
fixed,43611406
fixed,43098056
fixed,44181450
fixed,43669382
fixed,44314988
fixed,43339406
fixed,43433824
fixed,44437872
fixed,44422298
fixed,44037202
fixed,43715004
fixed,44009068
fixed,44261968
fixed,43090668
fixed,43334850
fixed,43459362
fixed,44468352
fixed,43264500
fixed,43717618
fixed,43470402
fixed,43801806
fixed,44489580
fixed,44699428
fixed,44066568
fixed,43943306
fixed,43404672
fixed,43255660
fixed,43746766
fixed,43318058
fixed,43918822
fixed,43725766
fixed,43310616
fixed,43155900
fixed,42377772
fixed,43865114
fixed,43275322
fixed,42628386
fixed,43425114
fixed,43131598
fixed,44799562
fixed,43053476
fixed,43371278
fixed,42472800
fixed,41969586
fixed,42874894
fixed,42310042
fixed,42574394
fixed,42366124
fixed,43640580
fixed,43254372
fixed,42890682
fixed,43278262
fixed,43525500
fixed,42956400
fixed,44470096
fixed,43161040
fixed,43478120
fixed,43961706
fixed,44010480
fixed,43593396
fixed,42740132
fixed,43593310
fixed,43907178
fixed,44085590
fixed,44104178
fixed,43158654
fixed,43737144
fixed,43854070
fixed,43009232
fixed,43638468
fixed,43662594
fixed,42845390
fixed,45037784
fixed,43628968
fixed,44486260
fixed,43919238
fixed,44219144
fixed,44012918
fixed,43812706
fixed,43477484
fixed,43943268
fixed,43132394
fixed,42975924
fixed,44104034
fixed,42636384
fixed,44074436
fixed,44836050
fixed,43970544
fixed,44510096
fixed,43870042
fixed,44408370
fixed,45433784
fixed,43809514
fixed,43956446
fixed,43423678
fixed,42985482
fixed,43594702
fixed,44516108
fixed,43652996
fixed,43600064
fixed,43687588
fixed,43803900
fixed,43308904
fixed,43407934
fixed,42742388
fixed,44178476
fixed,44308566
fixed,44400952
fixed,44285596
fixed,44337704
fixed,43993416
fixed,43360628
fixed,44239066
fixed,44405022
fixed,44341716
fixed,44045198
fixed,43807500
fixed,44068458
fixed,44379626
fixed,44118012
fixed,44174872
fixed,44028114
fixed,44153886
fixed,44295842
fixed,43995318
fixed,43874678
fixed,44420476
fixed,44383212
fixed,43664256
fixed,44098662
fixed,44203588
fixed,43617918
fixed,44181616
fixed,44218230
fixed,44051680
fixed,43944200
fixed,44183094
fixed,44182450
fixed,44236432
fixed,44527788
fixed,43492598
fixed,43815122
fixed,43004054
fixed,44381878
fixed,44258824
fixed,43635486
fixed,43425132
fixed,44026112
fixed,43992702
fixed,44150652
fixed,44160554
fixed,43325732
fixed,43437956
fixed,43122196
fixed,43524026
fixed,43925518
fixed,43906840
fixed,44018578
fixed,43533086
fixed,43885174
fixed,44545418
fixed,43421550
fixed,43112192
fixed,43794568
fixed,42510650
fixed,43509548
fixed,43338116
fixed,43679456
fixed,44064342
fixed,43909808
fixed,43550026
fixed,43384628
fixed,43059338
fixed,43249246
fixed,46522644
fixed,44532922
fixed,44214678
fixed,44333806
fixed,44266560
fixed,43944068
fixed,44067410
fixed,43858568
fixed,43753334
fixed,43597002
fixed,44270002
fixed,44531894
fixed,45343304
fixed,44412326
fixed,43878080
fixed,43217334
fixed,43867724
fixed,44095212
fixed,43880316
fixed,44072550
fixed,44365818
fixed,44121484
fixed,45596838
fixed,44075198
fixed,43901112
fixed,43999860
fixed,44093808
fixed,44522764
fixed,44093480
fixed,44247122
fixed,44158110
fixed,44508406
fixed,44045364
fixed,43918820
fixed,43779916
fixed,44423580
fixed,44113620
fixed,44176794
fixed,43705686
fixed,43689888
fixed,43996302
fixed,43966818
fixed,44343846
fixed,44302976
fixed,44070100
fixed,43968472
fixed,44059884
fixed,43830774
fixed,44421544
fixed,44609226
fixed,43296746
fixed,44197136
fixed,47291128
fixed,44178348
fixed,44050166
fixed,44187066
fixed,44276006
fixed,43683836
fixed,43185270
fixed,42485120
fixed,42154466
fixed,42691064
fixed,43994696
fixed,46650142
fixed,44500600
fixed,43288744
fixed,43666234
fixed,43932296
fixed,43961992
fixed,43979316
fixed,43998948
fixed,43759468
fixed,43647216
fixed,44314626
fixed,43963940
fixed,44141836
fixed,44304100
fixed,43651900
fixed,43919424
fixed,43414988
fixed,44152618
fixed,43495622
fixed,44612490
fixed,44457238
fixed,43824758
fixed,43985124
fixed,44381116
fixed,44323084
fixed,44138162
fixed,44174370
fixed,44313580
fixed,44309346
fixed,44286844
fixed,43852708
fixed,44123946
fixed,44714292
fixed,44207090
fixed,44137292
fixed,44378984
fixed,44170574
fixed,44269878
fixed,44342974
fixed,45092544
fixed,43805710
fixed,44729396
fixed,44883690
fixed,44913768
fixed,45381862
random,44379702
random,44230800
random,44196374
random,44187202
random,43832990
random,46352420
random,43693056
random,43582240
random,44077472
random,43880974
random,43961470
random,44357906
random,44418298
random,44136432
random,48320806
random,44224716
random,43875414
random,43669218
random,44474828
random,44435394
random,44027240
random,44400082
random,44569462
random,44679996
random,44564306
random,44658182
random,61269386
random,44644012
random,44377202
random,44556144
random,44598026
random,44593376
random,44329230
random,44516384
random,46799696
random,44656728
random,47141150
random,48139008
random,66619144
random,69882192
random,43545026
random,44253146
random,45831040
random,44472702
random,44543974
random,43599196
random,44556006
random,44606318
random,43540574
random,44408276
random,44379364
random,43772168
random,43953370
random,43305324
random,44149750
random,43603706
random,44111504
random,44432946
random,44220250
random,43677734
random,45735338
random,45039110
random,44252214
random,44715480
random,44389532
random,43385874
random,43501154
random,43219074
random,43992070
random,44151424
random,44507310
random,46075828
random,43796638
random,43309870
random,43392446
random,43676874
random,44522702
random,44506878
random,44634736
random,43898804
random,43797700
random,44204408
random,45852882
random,43965922
random,44099386
random,43899628
random,43088192
random,44089270
random,44550956
random,43422592
random,43373912
random,43888402
random,44009600
random,46866162
random,43946056
random,43272784
random,43884754
random,43302932
random,44277762
random,44106614
random,43628338
random,43175384
random,44455370
random,43793164
random,43650732
random,42924554
random,42717138
random,43417968
random,44274972
random,44218902
random,43986672
random,43869032
random,44592338
random,44350224
random,43504656
random,44055358
random,44020206
random,44287186
random,43827192
random,45287332
random,43707364
random,44075286
random,43535620
random,44159682
random,44589518
random,44516770
random,43437778
random,44196624
random,43347278
random,43890016
random,44135126
random,44506218
random,44071528
random,44184876
random,44515720
random,44540314
random,43383744
random,43816746
random,43684314
random,44005852
random,43906404
random,44304838
random,43821132
random,43041868
random,43986478
random,44634772
random,44384648
random,44071674
random,44327486
random,43861634
random,43325532
random,44461366
random,43551142
random,44558768
random,43489798
random,44359908
random,44357976
random,43452186
random,43447506
random,44269214
random,44390084
random,43919840
random,44334578
random,44183046
random,43955316
random,43662828
random,43168294
random,44235620
random,44128994
random,44063536
random,43757412
random,44356006
random,42960348
random,44686486
random,44163230
random,44387380
random,44952704
random,44296100
random,44273140
random,44443970
random,44213604
random,44217318
random,44308800
random,43980326
random,43694074
random,43193484
random,44072270
random,43940612
random,43463318
random,44340362
random,44822612
random,44466712
random,44087024
random,44318268
random,43954866
random,43948206
random,44425438
random,44494490
random,44646034
random,44538378
random,46659778
random,43809662
random,43411066
random,47110294
random,44767004
random,44263208
random,44420440
random,44113304
random,44233416
random,44468126
random,44101454
random,44271616
random,48773342
random,44454602
random,44031954
random,44085126
random,44698618
random,45021942
random,45463068
random,45417666
random,44775894
random,44003334
random,46057232
random,44306728
random,44472158
random,44401434
random,45788946
random,44688762
random,44950592
random,44906196
random,45150294
random,44386760
random,44573824
random,44916024
random,44861476
random,44659362
random,44462518
random,44470378
random,44578312
random,44660198
random,44468266
random,44229218
random,46596020
random,44588792
random,44142520
random,44832636
random,45471044
random,44723892
random,44737268
random,45734188
random,45819272
random,44232618
random,43938994
random,44178258
random,44507274
random,44624420
random,44276744
random,45541928
random,45454316
random,45028518
random,45457864
random,45072608
random,44880006
random,48342638
random,44705854
random,44404014
random,44124648
random,44584226
random,44409400
random,44081802
random,44879084
random,44441846
random,44317950
random,44360014
random,46593068
random,43449110
random,43904912
random,44432398
random,44722468
random,45221064
random,44576824
random,44493342
random,47046848
random,43599956
random,44597090
random,43796340
random,45199098
random,44671080
random,46366596
random,44431802
random,44752052
random,44754520
random,44822800
random,44584422
random,44758310
random,44537142
random,44428416
random,44211514
random,44172202
random,43757834
random,44504894
random,44088092
random,44778336
random,44492436
random,44704504
random,45881710
random,44730896
random,44681676
random,44432406
random,44699902
random,45047652
random,45030126
random,46930602
random,44892468
random,44945950
random,45375080
random,44512938
random,44703256
random,44752524
random,45113842
random,44777262
random,44506818
random,53682478
random,44243824
random,48079678
random,61583158
random,57876862
random,59212204
random,44454834
random,44536920
random,44539298
random,44493670
random,44845964
random,44829590
random,45516122
random,45408858
random,44484008
random,44365790
random,44444540
random,44369414
random,44682062
random,44535830
random,44435392
random,44867574
random,44670876
random,45068068
random,45001070
random,44699968
random,44585330
random,44751664
random,44587938
random,44555020
random,44520064
random,45340208
random,44611384
random,45186862
random,44553304
random,44667006
random,45023350
random,44567232
random,44700116
random,45441566
random,44869878
random,45045876
random,46364110
random,44517686
random,45202736
random,45091430
random,45226262
random,45136416
random,45203308
random,45261976
random,45408420
random,45283624
random,45274644
random,44941028
random,44684882
random,45387144
random,45125802
random,45703596
random,45268160
random,45304280
random,46597068
random,45232788
random,44586784
random,44921672
random,44557270
random,44869826
random,45029210
random,45629694
random,44563298
random,45005400
random,44891772
random,45389300
random,44604100
random,45452058
random,45040006
random,44878298
random,45045270
random,45298452
random,45223466
random,45706086
random,45628590
random,44940204
random,44650150
random,44674626
random,44831388
random,45079674
random,44645074
random,44618884
random,45285776
random,45506568
random,44332374
random,44644344
random,44525580
random,44522330
random,44691150
random,46830124
random,44427198
random,44364414
random,44396154
random,44744572
random,44394096
random,44457334
random,46548146
random,45376986
random,44521776
random,44891518
random,44766098
random,44682126
random,44775728
random,44104094
random,44353962
random,44328110
random,45883542
random,44215002
random,44233768
random,44429040
random,44531368
random,45220296
random,44722780
random,44729138
random,44534994
random,44374574
random,46799864
random,44850756
random,44085186
random,44420230
random,44124334
random,44333966
random,44572118
random,46351120
random,45368372
random,44990980
random,43785578
random,43402082
random,43455256
random,43295354
random,44915964
random,44194526
random,44182192
random,46139678
random,44381700
random,44006566
random,44231408
random,44392386
random,44323016
random,43827954
random,44422984
random,43907226
random,43312134
random,43479090
random,44093604
random,43353806
random,43711288
random,43017484
random,43900580
random,43575112
random,43740134
random,43378706
random,43702280
random,44100430
random,43815616
random,43921314
random,43842054
random,43390472
random,42552160
random,44268784
random,43676408
random,43301032
random,43052730
random,43591600
random,44079550
random,44987890
random,43717222
random,43773820
random,43380996
random,42665494
random,42901502
random,44230032
random,56644856
random,48367256
random,42148448
random,43272562
random,43842480
random,43902002
random,44496458
random,44147674
random,43806052
random,43219478
random,43922580
random,43274494
random,42543512
random,43883310
random,43106680
random,44243250
random,44139916
random,45176548
random,43377542
random,44531504
random,43992288
random,43934228
random,44465688
random,44304318
random,43879256
random,43505752
random,43276482
random,44072486
random,44344372
random,44165690
random,43723268
random,43527418
random,42766788
random,43858284
random,43645202
random,44246852
random,43751104
random,44255658
random,43461184
random,44017708
random,44488372
random,43776910
random,43818130
random,43671140
random,44003120
random,44495678
random,44208702
random,43315710
random,44351860
random,44145046
random,44242668
random,44366072
random,43020152
random,44293094
random,45585210
random,43157768
random,43604548
random,43574222
random,43269004
random,44092434
random,43785398
random,44460276
random,43789676
random,43328078
random,43646852
random,43109208
random,43678238
random,43467148
random,44130812
random,44120442
random,43749416
random,46040206
random,44351176
random,43623962
random,44146438
random,43892150
random,43238670
random,43846902
random,44318466
random,44097328
random,43987942
random,44299066
random,46210786
random,44328946
random,44193380
random,43468900
random,44034288
random,43334724
random,43949502
random,43670466
random,44640982
random,43032862
random,44468252
random,44211828
random,42964224
random,43292140
random,43485442
random,44448558
random,43251172
random,43721282
random,45671770
random,43767978
random,43348822
random,43705982
random,43489740
random,43921834
random,43352662
random,43464838
random,46239052
random,44150702
random,44074016
random,43344930
random,44195012
random,43862266
random,44674846
random,43526566
random,43251212
random,45641420
random,44252224
random,43942276
random,42873108
random,43007898
random,44170982
random,44030864
random,44126068
random,43845808
random,43312966
random,43547484
random,44060538
random,44342500
random,44340330
random,44704732
random,44644300
random,70768832
random,90999924
random,44382152
random,44014106
random,44310900
random,43581136
random,44377012
random,44649398
random,44521542
random,44617748
random,44117384
random,43304346
random,44120312
random,43761178
random,43634056
random,43618202
random,43764574
random,43227126
random,43353850
random,44569266
random,44496662
random,43850604
random,45066140
random,43854642
random,43159520
random,43917788
random,43475144
random,44282318
random,43951462
random,43404716
random,44331040
random,44045168
random,43706836
random,43801738
random,43091894
random,44363108
random,43264804
random,43482844
random,43251858
random,43429544
random,46309164
random,43621328
random,43464004
random,44461052
random,44172920
random,44277312
random,43785358
random,44219102
random,43897054
random,46298660
random,44122364
random,44285050
random,44153674
random,43985402
random,44333986
random,44502336
random,44807324
random,43617048
random,43221222
random,43077240
random,44281430
random,44044960
random,43461720
random,43610200
random,43375574
random,43808500
random,43830650
random,43185082
random,44041552
random,44006154
random,44298444
random,44178676
random,43783522
random,43735558
random,43967536
random,44002056
random,44392788
random,43921424
random,44393650
random,45369918
random,43863722
random,43052554
random,43231704
random,44141282
random,44012594
random,44040348
random,43625926
random,43718146
random,44582260
random,44030558
random,45063922
random,43947574
random,44111492
random,44628984
random,43976326
random,44107154
random,44192022
random,44282590
random,44783060
random,43519458
random,43397502
random,43254228
random,44049130
random,43377058
random,43660558
random,44181524
random,44298120
random,44647774
random,43929624
random,46203696
random,44584660
random,43632752
random,44269416
random,44506104
random,44237318
random,43781462
random,43930720
random,44319958
random,44295152
random,43241330
random,43971174
random,43742122
random,44015930
random,44281832
random,44240154
random,43644268
random,44696070
random,44313902
random,44641234
random,44147160
random,48300836
random,43750216
random,44299302
random,42662078
random,44247154
random,43756272
random,44148346
random,43831368
random,43651858
random,44026914
random,43836346
random,44149570
random,43989944
random,44544842
random,44570750
random,44436414
random,44702492
random,43292294
random,43945720
random,44634784
random,45290796
random,44597054
random,43897976
random,44288452
random,43393848
random,44328516
random,43832004
random,44127152
random,44171410
random,44136578
random,43473404
random,43772344
random,44405958
random,44446452
random,44110940
random,44248132
random,44197434
random,44459984
random,43873954
random,43760336
random,43959072
random,43888630
random,43295290
random,44119552
random,44244850
random,43666698
random,43744438
random,44212910
random,43893592
random,44795840
random,43515038
random,44037876
random,43049178
random,44382046
random,43514668
random,44276310
random,44317620
random,43788108
random,44138606
random,44348868
random,44037100
random,43928102
random,44134150
random,44280538
random,43712604
random,43834892
random,44643244
random,44344244
random,43079506
random,43968828
random,43306740
random,42106802
random,43860882
random,43930270
random,44262776
random,43527270
random,44570504
random,44313468
random,44708184
random,44311878
random,43936918
random,44166504
random,44260320
random,44261356
random,44279222
random,44477696
random,44548678
random,44300480
random,44034582
random,43843382
random,44431362
random,44328732
random,43983502
random,44104232
random,44008558
random,44594192
random,43637144
random,43660862
random,44052124
random,44109460
random,44293074
random,44141174
random,44583628
random,43974220
random,43830372
random,44802224
random,44802894
random,44359498
random,44502150
random,44176786
random,44286868
random,44247238
random,44352874
random,44450308
random,44291586
random,44564864
random,44675066
random,44504436
random,44474908
random,44470046
random,44509854
random,44672448
random,44482664
random,44326746
random,44198020
random,44773624
random,44606878
random,44299864
random,44286828
random,44584694
random,44391592
random,44671940
random,44517312
random,44423548
random,44449796
random,44363522
random,44303092
random,45087474
random,44995168
random,44090602
random,44372870
random,44558404
random,44103678
random,43883216
random,44550302
random,46387204
random,44130510
random,44390250
random,44429410
random,43972366
random,44225468
random,44554242
random,44016588
random,44265138
random,43832420
random,44670326
random,46257684
random,44037870
random,44134446
random,43956220
random,44489238
random,44611476
random,44038486
random,44123240
random,44629688
random,44722570
random,44306630
random,46351690
random,44389442
random,49148406
random,43702932
random,43563510
random,43225100
random,44184012
random,43232770
random,44244756
random,44246400
random,44353026
random,44447034
random,44633604
random,44555486
random,44413672
random,44094546
random,43514204
random,44352420
random,43865634
random,45138080
random,44367532
random,44035420
random,43986634
random,43471842
random,44169666
random,44167862
random,43666258
random,44114104
random,43797646
random,43486710
random,43677338
random,45549440
random,44216120
random,44164350
random,44381646
random,44115822
random,43794572
random,44506478
random,43892262
random,43517710
random,43798672
random,43650700
random,43106596
random,43453920
random,43734742
random,43443434
random,43736306
random,43676864
random,43728624
random,43598660
random,43292118
random,43539876
random,43791688
random,43709882
random,42868222
random,42947414
random,42802832
random,43537888
random,43778158
random,43475870
random,43330056
random,43613880
random,42582720
random,43438558
random,43695002
random,42702834
random,42607006
random,43497792
random,44114714
random,45855706
random,43636944
random,44294906
random,44288518
random,44624452
random,44623004
random,44278852
random,44508372
random,44154100
random,44716060
random,44686404
random,43706178
random,44208406
random,44210808
random,44371952
random,44415260
random,43997804
random,43950520
random,44292068
random,44274594
random,44445660
random,43646142
random,42900408
random,44059576
random,43745990
random,42991172
random,43828752
random,42838930
random,44143688
random,43720436
random,43321490
random,44095636
random,43287512
random,43485986
random,43534594
random,43280314
random,43874876
random,44134062
random,43585696
random,43603302
random,43390184
random,43486740
random,43207446
random,43885188
random,43488962
random,45290380
random,44473780
random,43831522
random,44540966
random,47617530
random,44242026
random,44434506
random,44483248
random,44442456
random,43825204
random,44029576
random,44439920
random,44629656
random,43811654
random,43799728
random,43887826
random,44300980
random,43992126
random,44882342
random,44460514
random,44178484
random,44068554
random,44271016
random,43718374
random,44611398
random,44582678
random,44750712
random,43882888
random,43783208
random,44448726
random,44178728
random,44564796
random,44436486
random,44380024
random,44311976
random,44433752
random,44807726
random,44231650
random,44062664
random,44644188
random,45065136
random,44521804
random,44403374
random,43436432
random,44294486
random,43741940
random,44426548
random,44020224
random,43676444
random,44494976
random,44581250
random,44384184
random,44217468
random,44775198
random,44236258
random,44580516
random,44316948
random,44584972
random,44306166
random,44152968
random,44365918
random,44549588
random,43551928
random,44118066
random,44145502
random,44088820
random,44490616
random,44405184
random,44517742
random,44696176
random,44855520
random,44054404
random,43948756
random,43606590
random,45233786
random,44221632
random,44059158
random,43761808
random,46239940
random,44568040
random,44209392
random,44529558
random,44317338
random,44573372
random,44480076
random,44538864
random,44743452
random,44657168
random,44361900
random,44352744
random,44754486
random,44299012
random,44567778
random,43022664
random,43080898
random,44018190
random,43222340
random,47395432
random,44304914
random,44289870
random,44119370
random,44752378
random,44113258
random,44464314
random,44398302
random,44250334
random,44609160
random,44299466
random,44206306
random,44186894
random,44474356
random,44151700
random,44488540
random,44023518
random,44143428
random,44466104
random,43631936
random,44302462
random,44407926
random,44603926
random,44513880
random,43763048
random,44410510
random,44712558
random,44117378
random,44653258
random,44259460
random,43663340
random,44601220
random,43792064
random,44467822
random,44268470
random,43918672
random,43937988
random,44093666
random,44331752
random,44501894
random,44231676
random,44195122
random,44036216
random,43998302
random,44079850
random,44324222
random,44104688
random,44385674
random,43907766
random,44084638
random,44310054
random,44306330
random,44395940
random,45248748
random,44320982
random,44247436
random,44834834
random,44310854
random,44257538
random,44223972
random,44458856
random,44099620
random,44109544
random,44332544
random,44318176
random,44004500
random,44170384
random,44359822
random,44260106
random,43690388
random,44404226
random,44464772
random,44317462
random,44474720
random,44037126
random,44152710
random,43764762
random,44905264
random,44295876
random,44417024
random,44733818
random,44210998
random,44379514
random,44346144
random,44163998
random,43781692
random,44327348
random,44687612
random,44387766
random,44449912
random,48393746
random,44319308
random,43982322
random,43996156
random,43504474
random,43623550
random,43768028
random,43503348
random,43709806
random,45079380
random,44198790
random,44091286
random,44088386
random,44060018
random,44220466
random,44215714
random,44717806
random,46238300
random,42752414
random,43565080
random,43885606
random,43831458
random,44042810
random,43847430
random,42313800
random,44408222
random,44057826
random,44659222
random,46313344
random,44181880
random,43989858
random,44357688
random,43646784
random,43755476
random,44357394
random,43988032
random,44042964
random,43205296
random,44470460
random,44296140
random,44558564
random,44104012
random,44544700
random,44304994
random,44254648
random,44631448
random,44800298
random,43954594
random,43225076
random,43540704
random,43829568
random,44107956
random,44052396
random,43582294
random,44333850
random,44230340
random,43866654
random,43848150
random,43923618
random,44291740
random,44165086
random,44899604
random,43968086
random,44128600
random,44474378
random,46586422
random,46422182
random,43966132
random,44647154
random,43915890
random,44352736
random,44279068
random,44387742
random,44513590
random,43145272
random,44243312
random,46007818
random,44340754
random,44210808
random,44381866
random,44277884
random,44026294
random,43274504
random,44117786
random,44408532
random,45166210
random,44207146
random,44285886
random,44271766
random,43999640
random,44186524
random,44483800
random,44508100
random,43790108
random,43960026
random,44428836
random,44438936
random,44618334
random,44322272
random,44168220
random,43648388
random,44219346
random,44219256
random,44219000
random,44413868
random,44490238
random,44228582
random,44215216
random,44303232
random,44579496
random,44394166
random,43963172
random,44547090
random,44091208
random,44318022
random,44233416
random,44056534
random,44447450
random,44579490
random,44080668
random,43929456
random,44609346
random,44063254
random,44353348
random,43932874
random,43814276
random,44198198
random,44498686
random,44186286
random,44118572
random,45713764
random,44337962
random,44853004
random,44508086
random,45543004
random,43964980
random,44417698
random,45750630
random,54208616
random,46826374
random,44775272
random,44506088
random,44274474
random,44424936
random,44423574
random,44284874
random,44423714
random,44361710
random,44287420
random,44083498
random,44766958
random,44703500
random,44444452
random,45605354
random,44440576
random,44582694
random,44850386
random,44978856
random,44628978
random,46153950
random,46026284
random,45707848
random,45237454
random,43936600
random,44382054
random,44582952
random,45464804
random,46205068
random,45670644
random,46211738
random,45050902
random,46389476
random,46686516
random,45081284
random,44542688
random,44842030
random,44609246
random,44566182
random,44415362
random,44591144
random,44704056
random,44301420
random,44479158
random,44593502
random,44115554
random,44710862
random,44667026
random,44432736
random,44105424
random,44374448
random,44487640
random,44952080
random,45452136
random,46046066
random,47054156
random,46310640
random,46208558
random,46461158
random,46085104
random,44579728
random,44491942
random,44471048
random,44624368
random,44538610
random,45308590
random,44932880
random,44435154
random,44430364
random,44590442
random,44570574
random,45188544
random,45240172
random,45397918
random,44872472
random,44396708
random,44684592
random,44350572
random,44541548
random,47302714
random,44827860
random,44650442
random,44685120
random,44483162
random,44596596
random,44786840
random,45113832
random,44412196
random,44440072
random,44215802
random,44204568
random,44209072
random,44358428
random,44323924
random,44491948
random,44272024
random,44373762
random,44181586
random,44604076
random,44632294
random,44862968
random,44341944
random,44613466
random,44490534
random,44785750
random,44832108
random,44752760
random,44587690
random,45172578
random,44692940
random,45322118
random,45191714
random,45090922
random,44906044
random,45596136
random,45147416
random,44927308
random,45286552
random,44880904
random,45244176
random,45175766
random,44959022
random,45284632
random,44842612
random,44585100
random,45423498
random,44786182
random,44781768
random,44947954
random,44996220
random,45268504
random,45472296
random,45132846
random,45348796
random,45211062
random,44219100
random,44210820
random,44755504
random,44235956
random,45101186
random,44917886
random,44532720
random,45447232
random,44677720
random,44408376
random,44852180
random,45405536
random,45024164
random,44496472
random,44916300
random,45394544
random,45253824
random,45236228
random,45078652
random,45102284
random,45083800
random,44700160
random,45367782
random,45612126
random,45314268
random,44860202
random,44959680
random,45489426
random,44868636
random,45337422
random,45104912
random,46212832
random,45624816
random,46063870
random,45124460
random,44789142
random,45445778
random,45159548
random,45317136
random,45439398
random,44736292
random,44825422
random,44982896
random,45052804
random,44883582
random,44765986
random,44801332
random,44558368
random,44787872
random,44572078
random,44691002
random,45277746
random,45185416
random,45052466
random,44884180
random,45820386
random,45559392
random,46067972
random,45085386
random,44630872
random,45127988
random,45450130
random,45157424
random,45137804
random,45056798
random,45537372
random,44981178
random,45031780
random,44912498
random,45890088
random,45182892
random,45343636
random,44860390
random,45184098
random,45039234
random,44474254
random,44985898
random,44396526
random,44418084
random,45090736
random,45343728
random,44639126
random,45706002
random,44999508
random,44619060
random,45239604
random,45085004
random,45316718
random,45995788
random,44846618
random,45400452
random,44607292
random,45495496
random,45383940
random,44372572
random,44292158
random,44280528
random,44351310
random,44419304
random,44484976
random,44588796
random,47654358
random,45255990
random,45100404
random,45488612
random,45180392
random,45366300
random,44830482
random,44932510
random,46021010
random,45685988
random,45427834
random,45515640
random,47537952
random,44801810
random,44856836
random,44498162
random,44663104
random,44584264
random,44607706
random,45211192
random,44919200
random,45017200
random,45470476
random,45230206
random,44863856
random,44521460
random,44654852
random,44482812
random,44519588
random,44071408
random,43464626
random,44586720
random,44633440
random,44688914
random,47263284
random,44462978
random,44561068
random,45185230
random,44994112
random,44131622
random,44446658
random,44584792
random,44388168
random,44564002
random,44350124
random,46027164
random,43983280
random,44535954
random,44351806
random,44187278
random,43992398
random,44172732
random,43285390
random,44507914
random,44119436
random,44084566
random,49328096
random,45143612
random,44396204
random,43858314
random,44688176
random,44403472
random,44416948
random,44469944
random,44292660
random,44042972
random,44206674
random,44598416
random,45747316
random,44130114
random,44540540
random,44220060
random,44357956
random,44253848
random,44386018
random,43650590
random,44504494
random,44412950
random,43706382
random,44061888
random,44381068
random,44128934
random,44235016
random,43994388
random,44164684
random,44384916
random,45283874
random,44056384
random,44316230
random,44195210
random,44309170
random,44136884
random,43753442
random,44321984
random,44403160
random,44117138
random,44285116
random,44313464
random,44247278
random,44199848
random,44296012
random,44365712
random,44303166
random,44091802
random,44219862
random,47524892
random,44340564
random,44513906
random,44353610
random,44269926
random,44283814
random,43635636
random,44010378
random,44311586
random,44022782
random,44523756
random,46066030
random,44586478
random,44587666
random,44218462
random,43747520
random,44537544
random,44448340
random,44368902
random,44311850
random,43339704
random,43935602
random,46329488
random,44293190
random,44167800
random,44391386
random,42710838
random,44195584
random,44050514
random,45760436
random,44362456
random,44519626
random,44452540
random,44536096
random,43863908
random,44467216
random,44418376
random,44707670
random,44060496
random,44368408
random,44519916
random,44300152
random,44202650
random,43855346
random,43865110
random,44039388
random,44421396
random,44392168
random,43380056
random,44049234
random,44234918
random,44315266
random,44063196
random,44202646
random,44536426
random,44301928
random,44100052
random,44594710
random,44326000
random,47380654
random,45241650
random,43664772
random,44231296
random,44252088
random,44293160
random,44439668
random,44420256
random,47516470
random,43622690
random,44126176
random,44011202
random,44197494
random,44232836
random,44187772
random,44101752
random,44349068
random,44355804
random,44088892
random,43284312
random,44452284
random,44202814
random,44521724
random,44062708
random,44564684
random,44603550
random,44402114
random,44332802
random,44394142
random,44068696
random,44393690
random,44228790
random,43922338
random,44523526
random,44653890
random,44271450
random,44442508
random,44274960
random,47235824
random,44579200
random,44088054
random,44235076
random,44231232
random,44722580
random,44156332
random,43282060
random,43979228
random,44254684
random,44057718
random,43761696
random,44170514
random,44512718
random,44588282
random,44400598
random,44609448
random,44527126
random,44403402
random,44309806
random,44600478
random,44170234
random,42709398
random,44544466
random,43827420
random,42567220
random,43724392
random,43731286
random,44019350
random,44508976
random,43187520
random,44166988
random,43763158
random,44040730
random,43978558
random,44324142
random,44425046
random,44310802
random,44358270
random,43840478
random,44083250
random,43726462
random,44227702
random,43874688
random,43403396
random,43571682
random,44061350
random,43859418
random,44013718
random,43446010
random,43750484
random,45892640
random,44179626
random,44300306
random,44430236
random,44525706
random,44479174
random,43977386
random,44073386
random,44613216
random,43699172
random,44535848
random,44714628
random,44031498
random,43795474
random,44000276
random,44340204
random,44181986
random,43984628
random,45240688
random,44455114
random,44356434
random,44181908
random,44138944
random,43965796
random,44702084
random,44280566
random,44495786
random,44175978
random,44532022
random,43848234
random,44523944
random,44317570
random,44062978
random,44209106
random,43573554
random,45681696
random,44364092
random,44189254
random,44465368
random,44472480
random,44363190
random,44151028
random,43958670
random,44151046
random,44414870
random,43239746
random,44198174
random,44095336
random,44292524
random,44199356
random,43655598
random,46283114
random,44589676
random,44238862
random,44566812
random,44321988
random,44302602
random,44357736
random,44330652
random,44141042
random,44369794
random,44009884
random,44357750
random,46377544
random,43471444
random,43719234
random,44134964
random,44051208
random,42877260
random,43187644
random,43997650
random,44206812
random,43922706
random,43218530
random,43318804
random,44842820
random,43496532
random,44225282
random,44194272
random,44262558
random,44023848
random,43810782
random,44291040
random,44228754
random,44010364
random,43762818
random,44048924
random,43909976
random,43938248
random,44344594
random,42771478
random,43247662
random,44073482
random,44394006
random,44044162
random,44037260
random,43377548
random,43184440
random,43936456
random,42841914
random,43928712
random,43458480
random,44134702
random,43921474
random,43349894
random,46206764
random,43961438
random,43331446
random,44389310
random,43462492
random,43816638
random,44675296
random,43974158
random,44468334
random,45102518
random,44187838
random,44291902
random,44602748
random,43936034
random,44379730
random,44027920
random,44254168
random,44363872
random,44235244
random,46638174
random,44299892
random,43606588
random,44358086
random,44163124
random,43823944
random,43861264
random,43628706
random,44143582
random,44751580
random,44623558
random,44119052
random,43960726
random,43911618
random,43820436
random,43608060
random,43776934
random,44639450
random,43429054
random,43648016
random,43123822
random,44338636
random,44034072
random,43596648
random,44095372
random,43321524
random,44049182
random,43659628
random,43687188
random,43896484
random,44741732
random,44534928
random,44096034
random,44491996
random,43590932
random,43816006
random,44216450
random,43921660
random,43590590
random,44137744
random,44195968
random,43569236
random,43260774
random,43800362
random,44694294
random,45195604
random,44375810
random,43283042
random,43715764
random,44249888
random,44690870
random,43220118
random,44420122
random,44519950
random,44520374
random,44673650
random,44305452
random,44210146
random,43975076
random,43542706
random,43845692
random,44043948
random,43670136
random,44534660
random,43943300
random,43607210
random,43151258
random,44714624
random,43850420
random,43044986
random,44150988
random,44392142
random,44335462
random,43699704
random,43183298
random,43570218
random,45585542
random,43707842
random,43134228
random,43109350
random,43100608
random,44133200
random,43423652
random,43294452
random,44578172
random,44112986
random,44302604
random,44809042
random,43675942
random,44458578
random,43077404
random,44388118
random,43968270
random,44323450
random,44319410
random,44128968
random,44282148
random,44699316
random,44333110
random,44155694
random,43871470
random,44493734
random,43979158
random,44140128
random,44049838
random,43835466
random,44228348
random,43369124
random,44755844
random,44572446
random,43819704
random,44219282
random,44020012
random,43972630
random,44486912
random,43731352
random,44383400
random,46318160
random,43606514
random,43483896
random,44193196
random,43406696
random,44171446
random,44359220
random,44176564
random,44314526
random,44096172
random,43762470
random,43997206
random,44330118
random,44021658
random,44401888
random,44626400
random,44488140
random,44393108
random,44413964
random,44550950
random,46250012
random,44542878
random,44203618
random,44483684
random,44466760
random,44621428
random,44787078
random,43773406
random,44150676
random,43964176
random,44332822
random,46780884
random,44391738
random,44051976
random,44124410
random,43934616
random,43815024
random,44121774
random,44220376
random,43932350
random,44198308
random,43594752
random,43952780
random,43965880
random,43898864
random,43814924
random,44083062
random,44077624
random,44031324
random,43573392
random,44085004
random,44449630
random,44694118
random,46771614
random,46703118
random,45439302
random,44671946
random,43616302
random,47441206
random,44001586
random,45618562
random,44979846
random,44678312
random,44138460
random,49771590
random,43358716
random,72413094
random,42756466
random,42861844
random,42142670
random,43049990
random,42580466
random,45924938
random,44281656
random,45469128
random,44139124
random,44206308
random,43928022
random,44324754
random,44296482
random,43830274
random,44495192
random,44312490
random,44487166
random,44153254
random,43928970
random,44410772
random,44379342
random,44334652
random,43899150
random,43900190
random,44348884
random,43402790
random,43992200
random,44095644
random,43459242
random,44507870
random,43920902
random,43974180
random,44518502
random,44290312
random,44276720
random,43578808
random,43943728
random,43851856
random,44126562
random,44167850
random,43619616
random,44271506
random,44098190
random,43296054
random,43105938
random,43431198
random,43983724
random,44570106
random,43933752
random,43855090
random,44079546
random,45007556
random,45601980
random,44436528
random,44057878
random,44094548
random,44257084
random,43824218
random,44425896
random,43857830
random,44089914
random,44842912
random,44586310
random,44144170
random,43913520
random,44615038
random,44289008
random,44460378
random,44259528
random,43295830
random,43826292
random,44076564
random,43760674
random,43224274
random,42708436
random,44171330
random,44467752
random,44444088
random,43047842
random,43663616
random,43594510
random,44194556
random,44518214
random,44495976
random,43937064
random,42993050
random,43882232
random,46365312
random,44130884
random,43789268
random,43932044
random,43268492
random,44414336
random,43843736
random,44369828
random,44543180
random,43569370
random,44475776
random,43162632
random,43478238
random,43787678
random,44332672
random,44246922
random,44376986
random,44205060
random,44609636
random,45640540
random,44473276
random,44112716
random,44207574
random,44037658
random,44327596
random,43952102
random,44243352
random,43701382
random,44571620
random,43830434
random,44475656
random,43844002
random,44205202
random,44475264
random,43223020
random,44617462
random,44316256
random,44519396
random,44092058
random,43901048
random,43478602
random,44362702
random,44244032
random,43105982
random,43344766
random,44282328
random,44628666
random,43480048
random,44250288
random,43450814
random,44319382
random,44346384
random,43911892
random,43780928
random,44460324
random,44109316
random,44340476
random,44283822
random,43695306
random,44524072
random,43853044
random,44181890
random,43817158
random,44257208
random,44143294
random,44139262
random,44157400
random,44427020
random,44887760
random,44077148
random,44263266
random,47167994
random,44303582
random,43967142
random,43316536
random,44369750
random,44621186
random,44202920
random,43829704
random,44089944
random,44273904
random,44380924
random,44881376
random,43972188
random,43847648
random,44459016
random,43457444
random,43818510
random,44231474
random,44827060
random,44305592
random,44311272
random,44320676
random,43798640
random,43751066
random,43812642
random,44611848
random,44382120
random,44204430
random,44560894
random,43796566
random,43811750
random,45670404
random,44472286
random,44566552
random,44650180
random,44502258
random,44225766
random,43964306
random,43708790
random,43544038
random,44212196
random,43757668
random,46734090
random,44070930
random,43877138
random,43588280
random,43725052
random,44128728
random,44340022
random,44244870
random,43825522
random,46319154
random,44222498
random,46438828
random,44436478
random,44047964
random,44740560
random,44319976
random,44247090
random,44330542
random,44169030
random,43767072
random,43815242
random,44538840
random,43843412
random,44349934
random,44476728
random,43706080
random,44490828
random,43670690
random,43824216
random,43731372
random,43589752
random,44554808
random,44371368
random,43477854
random,44505534
random,44003602
random,43539762
random,44489534
random,44383176
random,44348788
random,44029964
random,44745476
random,43458054
random,43919754
random,44203266
random,43171036
random,43875052
random,44136640
random,44068738
random,44486660
random,43640618
random,44090982
random,44578500
random,43683844
random,44700906
random,44411810
random,43413498
random,43292386
random,43058064
random,44163468
random,44618630
random,44035752
random,44070228
random,44105328
random,44373652
random,44390578
random,44519102
random,46579090
random,46705236
random,44428838
random,44318466
random,44174378
random,44106008
random,43967120
random,44055344
random,44301668
random,46399804
random,44024160
random,43353112
random,43349400
random,44177362
random,44087782
random,44176974
random,43974282
random,44087868
random,44272296
random,44748858
random,43950956
random,44990188
random,43322470
random,44247032
random,44980140
random,44424468
random,44162858
random,43736496
random,43413418
random,44220728
random,43615200
random,43863476
random,45815398
random,43972432
random,43314312
random,43981060
random,43340282
random,44000258
random,44269984
random,44260518
random,44544732
random,44332080
random,43725684
random,44689010
random,44506908
random,44361158
random,44660528
random,44154502
random,44033528
random,44395944
random,46024932
random,44315202
random,42918122
random,44512762
random,44145112
random,44035694
random,44221438
random,44602890
random,44296394
random,44160884
random,44331124
random,44478384
random,43411014
random,43421308
random,43814110
random,43678130
random,43867866
random,44522168
random,42412206
random,44068912
random,44393208
random,43635814
random,46825518
random,43932948
random,43897852
random,44528150
random,44407418
random,44772058
random,44564612
random,43762160
random,45492502
random,44554696
random,44622872
random,44203128
random,43908726
random,43762750
random,44230260
random,44298802
random,46224594
random,44111508
random,43945562
random,44346780
random,43858680
random,44498464
random,43689070
random,43872882
random,44081360
random,45302340
random,44042798
random,44123956
random,44090836
random,45919918
random,43538278
random,44334688
random,43984994
random,44350280
random,44129352
random,43167226
random,44532144
random,43986192
random,44561218
random,43552432
random,43954610
random,46536302
random,44512622
random,44382866
random,44153522
random,44398972
random,44484124
random,44339584
random,43946612
random,44518122
random,44492040
random,46380118
random,44614192
random,44574672
random,44512880
random,44820448
random,44358254
random,44436556
random,44591178
random,44628882
random,44691648
random,44889224
random,44405554
random,45003190
random,44596294
random,44317458
random,43944696
random,43742234
random,44072212
random,45430368
random,43518388
random,43312392
random,44432046
random,43758938
random,44569290
random,44502188
random,44401166
random,44571058
random,44716150
random,44059784
random,44399474
random,44538400
random,45248486
random,44835770
random,44397450
random,44249690
random,44645822
random,46395646
random,44532196
random,44289944
random,44645098
random,44911800
random,44345874
random,44154034
random,44030620
random,44560458
random,43074416
random,44399302
random,47732408
random,44501956
random,44225336
random,44658026
random,44535500
random,44395418
random,44438052
random,44402718
random,46134572
random,46727264
random,45334490
random,45139016
random,44348084
random,44528554
random,44790696
random,44193560
random,44675244
random,45064124
random,45060892
random,46006524
random,45713116
random,46593424
random,45735578
random,44753438
random,44686238
random,44470282
random,44365258
random,44348612
random,44423448
random,43792116
random,44063644
random,44391126
random,45392946
random,45931978
random,44538474
random,44372032
random,45206944
random,45816684
random,45984726
random,45742610
random,45371400
random,46348170
random,45627104
random,45811292
random,45641546
random,46588260
random,45570998
random,45051688
random,44300632
random,44453774
random,44145144
random,44343112
random,43967598
random,42677086
random,44344888
random,44267156
random,44837510
random,46708444
random,45112008
random,44892992
random,45847220
random,46690634
random,46555366
random,44297456
random,44300420
random,43842656
random,44668554
random,45598052
random,45516172
random,45618344
random,44677746
random,44844364
random,44555964
random,44744656
random,44692692
random,44068042
random,43630190
random,44362178
random,44164248
random,44134464
random,44711020
random,44517780
random,44223984
random,44377584
random,44092088
random,43706160
random,44802684
random,45004212
random,44615752
random,44663056
random,44728754
random,44756214
random,45117868
random,44645606
random,44816066
random,44558602
random,46723514
random,44633646
random,44580284
random,44583088
random,44966052
random,45124992
random,46352442
random,45040682
random,44725612
random,45074264
random,44814092
random,45148030
random,44606376
random,44646324
random,44756834
random,44655268
random,44771004
random,44544802
random,44581880
random,45756724
random,44396186
random,44480700
random,44542978
random,44465544
random,44700906
random,44676882
random,44571052
random,45348752
random,44656236
random,44585670
random,44696946
random,45140332
random,46226128
random,45477106
random,45550362
random,44813988
random,44571586
random,45239554
random,45308348
random,45879750
random,45458960
random,45676652
random,44913906
random,44799786
random,44893216
random,45017096
random,45085008
random,45181226
random,45386976
random,45128406
random,46821228
random,45992374
random,45046504
random,44783796
random,44794416
random,45009640
random,45039738
random,45069880
random,45214406
random,44663094
random,46971760
random,45226712
random,45218850
random,45173902
random,44568724
random,44777160
random,45195326
random,47839228
random,44617176
random,44658106
random,45227352
random,44908636
random,44965668
random,44701000
random,45407790
random,44731942
random,44724270
random,44603714
random,44584172
random,44738078
random,44926324
random,45001980
random,44738452
random,44760858
random,45052856
random,45764902
random,45013322
random,45249334
random,44569778
random,44953272
random,45869528
random,45114764
random,44678328
random,44640680
random,45181850
random,45538518
random,45022730
random,45567404
random,44848516
random,45064608
random,57936592
random,54588580
random,45084154
random,44849316
random,44569662
random,44942654
random,44520902
random,44590358
random,45187330
random,44747390
random,46672702
random,44553374
random,44647146
random,43982446
random,43728882
random,44088764
random,48298100
random,55933608
random,44786036
random,44794294
random,45002688
random,45323234
random,44466158
random,44404550
random,44319770
random,44311938
random,44544004
random,44735294
random,44275804
random,44468236
random,45028116
random,44453578
random,44599936
random,44365120
random,44390110
random,43700694
random,44493582
random,46199706
random,44196272
random,44589510
random,44025574
random,43750026
random,42738102
random,44065494
random,44173912
random,44967826
random,44369848
random,43714768
random,43233458
random,43773190
random,43511126
random,43370398
random,42854586
random,43691810
random,44551066
random,43421836
random,43651346
random,44618304
random,43981008
random,43995408
random,43942820
random,43645780
random,43220848
random,42727868
random,43461008
random,43522166
random,43925304
random,43317966
random,42884614
random,44247584
random,43870518
random,43367776
random,44454742
random,43764712
random,44023316
random,43564844
random,43918406
random,44323160
random,44008844
random,44225080
random,46574738
random,44264328
random,43972422
random,43914916
random,44488624
random,44071232
random,44036640
random,42795504
random,43484760
random,44669762
random,44004394
random,43554406
random,43632294
random,43457934
random,43629928
random,43772344
random,44031146
random,43847458
random,44704572
random,44453984
random,43409570
random,44012920
random,46089782
random,44188420
random,43610838
random,43324670
random,43264018
random,44315324
random,44191140
random,43810490
random,44035702
random,43582036
random,43695296
random,43937026
random,43832246
random,43297146
random,43813952
random,44366922
random,43934016
random,44473598
random,43975636
random,44410734
random,44013650
random,43751678
random,44419178
random,43957406
random,43871556
random,44128556
random,43558440
random,43610178
random,43228662
random,43684032
random,43914412
random,44582488
random,43174418
random,44165392
random,43710638
random,43111306
random,44085744
random,43488172
random,43863738
random,43722086
random,43642188
random,43486992
random,43954740
random,43840336
random,44251532
random,43636912
random,44477468
random,42909472
random,43929300
random,44405406
random,43077464
random,44347632
random,45647164
random,43631886
random,43380642
random,43363522
random,44122714
random,43698094
random,44135594
random,44006428
random,44085746
random,44162252
random,43429236
random,46942190
random,44031860
random,43764008
random,43323504
random,44257682
random,43598852
random,43683140
random,44118882
random,44548754
random,44335056
random,45143954
random,44375114
random,43739088
random,44077138
random,44080346
random,44003176
random,43965518
random,43663132
random,44358936
random,44294752
random,44048078
random,43997960
random,43831670
random,43894010
random,44000002
random,44084150
random,43229204
random,43794626
random,45524660
random,44356806
random,43783112
random,44009886
random,43880090
random,44155964
random,43580902
random,44433868
random,43446160
random,45000522
random,44290020
random,44234782
random,43827348
random,43349392
random,44567976
random,44583324
random,44187712
random,44506782
random,43769248
random,43160344
random,43574366
random,43653262
random,43042978
random,44255304
random,44200098
random,44042718
random,44288300
random,44330098
random,44240868
random,44311204
random,44026484
random,44265606
random,43669146
random,43537404
random,43246832
random,43069256
random,44424382
random,43108322
random,42792448
random,45727562
random,43436972
random,44249814
random,44024526
random,43771742
random,44329276
random,43526042
random,43633812
random,44564292
random,43501264
random,44420100
random,43101332
random,46048582
random,43675260
random,44553628
random,44735716
random,43661204
random,43751544
random,43607040
random,43165956
random,44130076
random,44807536
random,43996718
random,43887464
random,44467552
random,43661846
random,44211170
random,43648250
random,44265138
random,44371794
random,44864554
random,44030138
random,44480270
random,44393544
random,44510560
random,43850448
random,43528492
random,44399310
random,44536598
random,44351290
random,44389604
random,43747264
random,44132608
random,44380974
random,44025280
random,43564898
random,43610612
random,43317220
random,44244304
random,43652960
random,50381826
random,43652122
random,44918176
random,43544394
random,42484014
random,45486042
random,43587720
random,42246364
random,43828138
random,43554684
random,43415096
random,44291182
random,44370034
random,43591030
random,44106206
random,44240784
random,44543100
random,43708458
random,44278772
random,44092116
random,44115696
random,43587930
random,44379326
random,44911962
random,43827310
random,44479890
random,44037858
random,42989718
random,44441392
random,44667346
random,43658218
random,44516476
random,47875780
random,44086330
random,44364502
random,43744038
random,43831400
random,43869484
random,43637568
random,44358772
random,44208788
random,44727458
random,46764168
random,43503974
random,43447574
random,43985888
random,44018144
random,43296644
random,43977654
random,44093596
random,43007664
random,43317886
random,43224666
random,44684212
random,44543840
random,45042212
random,44317912
random,43924652
random,43750756
random,43183540
random,44883748
random,44110610
random,43898406
random,43994206
random,44129452
random,44154746
random,44041210
random,44169742
random,43526782
random,43348710
random,43659850
random,44160540
random,43927202
random,42965424
random,43453048
random,46248716
random,43842054
random,44529028
random,44295454
random,43798624
random,44274250
random,44125564
random,44100214
random,45062746
random,43790746
random,44043464
random,43619542
random,44069686
random,44523072
random,43842708
random,44249844
random,44180764
random,44112386
random,43817174
random,43287624
random,44086968
random,43715884
random,44167298
random,43679596
random,44328910
random,43541940
random,44208020
random,43918456
random,44124942
random,44281000
random,44378362
random,43871948
random,43893364
random,44397890
random,43385004
random,44467694
random,43200326
random,44449478
random,43808082
random,44060786
random,44041026
random,43141106
random,44123540
random,44269282
random,44115334
random,43537664
random,44524952
random,44261082
random,43687672
random,43442252
random,43855740
random,44079582
random,44404286
random,44201788
random,44574240
random,44189676
random,44169132
random,43568138
random,43783008
random,42807568
random,44146530
random,43883258
random,42871798
random,43966504
random,44229274
random,44336532
random,43384810
random,44196552
random,43002666
random,44049394
random,44419584
random,43921048
random,44290446
random,43809516
random,44062612
random,43548336
random,44776446
random,43695874
random,43813726
random,43504538
random,43786874
random,43612888
random,43601422
random,44305446
random,43768648
random,43437496
random,43840026
random,43294314
random,43790886
random,44013166
random,44117490
random,44117702
random,44257816
random,43534422
random,43316428
random,44091544
random,42239046
random,43414674
random,43395986
random,44353076
random,43515012
random,43238282
random,44122522
random,42719158
random,46271968
random,43907492
random,44211112
random,44008044
random,44216236
random,44181380
random,43855722
random,43725300
random,44502610
random,44384962
random,43680122
random,44667276
random,43505044
random,44235776
random,43160786
random,43706100
random,43691720
random,46257580
random,44359074
random,44368336
random,44582202
random,43652350
random,43467420
random,44219514
random,44580016
random,44414596
random,43381314
random,43676578
random,43013770
random,44379484
random,42691956
random,44595952
random,44565204
random,43891852
random,44415462
random,43914654
random,43304388
random,44403770
random,44287782
random,44177778
random,44047804
random,44157344
random,44392566
random,44384520
random,43947756
random,44465374
random,43899958
random,44755304
random,44125548
random,44027340
random,43860350
random,43343888
random,43976390
random,43764804
random,43958504
random,43874086
random,48684706
random,44580314
random,44278126
random,43872660
random,44221214
random,43847112
random,42730128
random,44633080
random,44116590
random,43459756
random,43591750
random,44535894
random,43719756
random,43950630
random,44178954
random,44443388
random,44214192
random,44137608
random,44402416
random,43912152
random,46363770
random,44475338
random,44002902
random,43641586
random,44071494
random,44034818
random,44177950
random,44267400
random,44494814
random,44289570
random,42798870
random,46342514
random,44205484
random,44004160
random,43716154
random,43782190
random,44297420
random,43917940
random,43173296
random,43958422
random,43447418
random,43593348
random,46089194
random,44097038
random,43947772
random,44156138
random,44179260
random,43912446
random,43131206
random,43824232
random,44606736
random,43752898
random,44021114
random,42808662
random,45652756
random,43985752
random,43590848
random,43798700
random,42650792
random,43601414
random,43077596
random,44189538
random,43245116
random,43189498
random,43979198
random,46600392
random,43541870
random,43442394
random,44056742
random,43115346
random,43723272
random,43946500
random,43670896
random,43560084
random,44480644
random,44010316
random,42878448
random,43153776
random,44490784
random,44063076
random,43728956
random,44051516
random,43719376
random,43668912
random,44470750
random,44322922
random,43137670
random,43497156
random,43949366
random,44363470
random,43559116
random,43807832
random,43237362
random,43018742
random,43479578
random,44015000
random,44377320
random,44762896
random,44448610
random,43918478
random,44405538
random,44051168
random,43833948
random,43102634
random,43090954
random,43815688
random,42760356
random,43167482
random,44488454
random,43354306
random,43930430
random,43575502
random,44059794
random,43623650
random,44056924
random,43469266
random,44209832
random,43446798
random,44298242
random,43981136
random,46999950
random,44318684
random,44570596
random,43969364
random,44116228
random,44402194
random,44012708
random,42978250
random,43923754
random,43887966
random,43356638
random,44026484
random,46356094
random,43287024
random,44411838
random,44083172
random,44286994
random,43861552
random,44411850
random,44274402
random,44550118
random,44382646
random,47238564
random,44490202
random,43688600
random,43932490
random,44113950
random,44183988
random,43962574
random,43723238
random,43579110
random,43810884
random,44368806
random,44283078
random,43588048
random,45731040
random,43824584
random,43762792
random,44959152
random,42617838
random,45150482
random,43266500
random,45768882
random,43374408
random,43508466
random,44575790
random,43987012
random,44055498
random,43571110
random,43444270
random,43836326
random,43566642
random,43830762
random,43568194
random,43757370
random,43833800
random,42248452
random,43433456
random,43432222
random,43743722
random,43849120
random,44326134
random,44557690
random,44229828
random,43768066
random,44396128
random,43786928
random,43994618
random,44324618
random,43551854
random,43935272
random,44131738
random,44107262
random,44521138
random,43377510
random,44404688
random,43177702
random,44273672
random,44134404
random,43607148
random,44031064
random,43435398
random,43359618
random,44237236
random,43821698
random,43818302
random,44788028
random,43448440
random,44489590
random,43996380
random,44103890
random,44145302
random,44040320
random,44001412
random,44222714
random,44784574
random,44396144
random,44568870
random,43978184
random,44043838
random,43089698
random,43883118
random,44587388
random,43730084
random,43847134
random,49050782
random,43665470
random,43208286
random,43188606
random,42852456
random,44105458
random,43021786
random,43511092
random,47335894
random,43181604
random,44690954
random,43870844
random,44001826
random,43658616
random,44384758
random,43953536
random,43590338
random,44590188
random,43696536
random,43736962
random,43603730
random,43486448
random,44523576
random,43876936
random,43889860
random,42436776
random,44886082
random,43863506
random,43824708
random,42811704
random,43716464
random,44319776
random,44505504
random,44687800
random,44252234
random,44452582
random,44363704
random,43622084
random,43623338
random,44401968
random,43336224
random,44623634
random,43819212
random,44063116
random,43974100
random,44889066
random,44387044
random,43762388
random,43844430
random,43084752
random,43740296
random,44140862
random,44095954
random,44240214
random,43825418
random,46519794
random,43026668
random,44006990
random,44566856
random,44424000
random,43602622
random,44078154
random,43836716
random,43233536
random,43922732
random,43964066
random,43362446
random,43465312
random,44476496
random,44133084
random,44489390
random,44158028
random,43924956
random,43852596
random,44030596
random,44237950
random,44574864
random,44075248
random,44007788
random,43554424
random,43445974
random,43955320
random,43245462
random,43651478
random,44248120
random,44213862
random,44010618
random,44375368
random,45743864
random,43186696
random,43959096
random,44004376
random,44264608
random,44168286
random,43599068
random,43035232
random,44288030
random,44121556
random,43745570
random,44509680
random,44328330
random,43731512
random,43598384
random,43652984
random,43915836
random,43639850
random,43226360
random,44098136
random,43755468
random,43747998
random,44079694
random,44726334
random,44515312
random,44237400
random,43664078
random,44308264
random,44004838
random,43723656
random,44444664
random,44763210
random,43670138
random,44559842
random,43746208
random,43102112
random,43325902
random,43220780
random,44456914
random,43128260
random,43752978
random,43987974
random,45326574
random,44379548
random,43801568
random,44192390
random,43826612
random,43221914
random,43703966
random,44142272
random,44338920
random,45250870
random,43163280
random,43667580
random,43339858
random,43266076
random,43600984
random,44171406
random,43997852
random,45455460
random,44150648
random,43218700
random,43476870
random,43730794
random,44575698
random,44375302
random,44020046
random,44290052
random,44756040
random,44315428
random,44510588
random,44334002
random,44308372
random,43863912
random,43655986
random,44169864
random,43357912
random,43280038
random,43737784
random,43465192
random,43769552
random,42390722
random,44090652
random,44407792
random,43824792
random,43631300
random,43810872
random,43794886
random,43458776
random,44280938
random,43984300
random,43586392
random,43598702
random,43467064
random,46182988
random,43901272
random,44063858
random,44066766
random,43574928
random,44008002
random,43725452
random,43921116
random,43972786
random,42681750
random,43000414
random,43315104
random,45869038
random,44005738
random,42994318
random,43146688
random,43175904
random,44084844
random,43073102
random,43305012
random,43772928
random,44525914
random,43917544
random,44117348
random,45566212
random,43391662
random,43809834
random,43638520
random,44433370
random,44145372
random,43418744
random,43787734
random,43923450
random,43439030
random,44129664
random,44188932
random,44450820
random,44042744
random,43719506
random,44601464
random,44209572
random,43390474
random,43074860
random,44010166
random,42755116
random,43724658
random,43831556
random,45676824
random,44499170
random,44583722
random,44050884
random,44251040
random,43825364
random,44129036
random,44257334
random,44161130
random,44114906
random,43644078
random,42976184
random,44016796
random,46210062
random,44491026
random,45127348
random,44155566
random,44405448
random,44004670
random,44274394
random,44383128
random,44437384
random,44105516
random,43711936
random,45721024
random,43978022
random,44187294
random,44491428
random,44582268
random,44287130
random,44160858
random,44208800
random,43898154
random,44104534
random,44021420
random,44693120
random,44433478
random,44179010
random,44328308
random,44585934
random,44629934
random,44734390
random,44767274
random,44487088
random,44486172
random,43751576
random,44046956
random,43959798
random,44603444
random,44687004
random,44714308
random,44357630
random,44825114
random,44206328
random,43699626
random,44162208
random,44448214
random,44025228
random,45141856
random,44467220
random,44327582
random,44629750
random,44224874
random,43974182
random,44555056
random,44555970
random,44852762
random,44901428
random,44348430
random,44271524
random,44459302
random,44285628
random,44581690
random,45407980
random,44399524
random,45211472
random,44524958
random,44704310
random,44566670
random,44422914
random,44410684
random,44040808
random,44193344
random,44322094
random,44210102
random,44381120
random,44353810
random,44802984
random,44380400
random,44127842
random,44090674
random,44545596
random,44682908
random,44763152
random,45556990
random,44602604
random,44250442
random,44354496
random,44318106
random,44377722
random,44806928
random,44647178
random,44512532
random,44229132
random,44248182
random,44828822
random,44492222
random,44908662
random,45093626
random,44692382
random,44236816
random,44532118
random,44403550
random,44338338
random,44268088
random,44420826
random,44595910
random,44557750
random,44594350
random,44406110
random,44318368
random,45189208
random,44623040
random,47816602
random,44505910
random,44658524
random,44822306
random,44339150
random,45086376
random,45126354
random,44405062
random,44385602
random,44502084
random,44829556
random,44367842
random,44652762
random,44387400
random,44571558
random,44385438
random,44631260
random,44450076
random,44500418
random,45227490
random,44696700
random,44944150
random,45093074
random,44212016
random,44445508
random,44569714
random,45200900
random,44839934
random,44312290
random,44503746
random,44776564
random,44311806
random,44761674
random,44741148
random,44483350
random,44336166
random,46077596
random,44603228
random,44408540
random,44512658
random,44923708
random,53736560
random,45043860
random,45131868
random,44414178
random,44572320
random,46427072
random,44863802
random,44795584
random,44580726
random,44552456
random,44690744
random,44802906
random,44334992
random,44733472
random,44836706
random,46953786
random,45010434
random,44763896
random,45390598
random,45276478
random,44735986
random,44633852
random,44388214
random,44990972
random,45096662
random,44400644
random,44595102
random,44448022
random,44557424
random,44317606
random,44358062
random,44886850
random,44436012
random,44744256
random,44711668
random,44400434
random,44755196
random,47568468
random,45593492
random,44894324
random,44919948
random,44360442
random,44361178
random,45413800
random,44673488
random,44815156
random,44803996
random,44363318
random,44748420
random,44334874
random,44335204
random,44461476
random,44587080
random,44586338
random,44516198
random,46303500
random,44912070
random,44468346
random,44880898
random,45008938
random,44394158
random,46937452
random,44485692
random,45105592
random,44618344
random,44445220
random,45124776
random,44756158
random,44440016
random,44381922
random,45401356
random,44909584
random,44735002
random,44470968
random,44639570
random,44218950
random,44613010
random,44416632
random,44047506
random,44526092
random,45023400
random,44966994
random,44377448
random,44342576
random,45086658
random,45666720
random,45224556
random,44403938
random,44694872
random,44666024
random,44724552
random,44221428
random,44245186
random,44488908
random,44211668
random,44621462
random,44423490
random,44562230
random,44425240
random,44755176
random,45328762
random,46846864
random,44685406
random,44605538
random,44034664
random,44058030
random,44260858
random,43929634
random,44417322
random,43395748
random,43444970
random,43492894
random,44514108
random,43323974
random,44035968
random,43179332
random,44429582
random,44366750
random,44916630
random,44422172
random,44097792
random,43857542
random,44971760
random,44424244
random,43631576
random,44081966
random,43905082
random,44015300
random,44308784
random,43122298
random,44065338
random,44358854
random,43164298
random,43005776
random,42924382
random,43660858
random,44018000
random,44298602
random,43851046
random,42968696
random,44341646
random,42847680
random,42839990
random,43393568
random,43178670
random,42781358
random,43319628
random,43301366
random,43898618
random,43476038
random,42897888
random,45418758
random,44147964
random,43420842
random,43159282
random,42841754
random,43405004
random,43769180
random,42994270
random,43323980
random,46414094
random,43675542
random,43314210
random,43436032
random,42269440
random,43587724
random,42911332
random,44011588
random,44004200
random,45396180
random,42998288
random,43892148
random,42884504
random,44284108
random,43550826
random,43620760
random,43473906
random,44013736
random,44315026
random,43126080
random,43558612
random,41786086
random,42328368
random,42818754
random,42560926
random,43189184
random,43208764
random,43249042
random,42699490
random,43320472
random,43411892
random,43668062
random,43640972
random,43157904
random,46614066
random,43692442
random,43184346
random,43714330
random,43597256
random,44295634
random,45847194
random,43739270
random,44200958
random,43615204
random,43138782
random,44413544
random,44338856
random,43723306
random,43832060
random,46313810
random,43030924
random,44399980
random,44420868
random,44315208
random,43740668
random,42718468
random,44123588
random,43536648
random,46306790
random,42977694
random,43134874
random,43364812
random,43580462
random,44265026
random,43371082
random,43202322
random,43237044
random,43576738
random,46157422
random,43284404
random,44025760
random,44529264
random,44242848
random,43378704
random,43219234
random,43824532
random,43537756
random,43603200
random,44947066
random,43242582
random,43949464
random,43141384
random,43178724
random,44086132
random,43352574
random,43997162
random,44229448
random,43923030
random,43425108
random,43849108
random,43477866
random,43323048
random,43482080
random,43426438
random,43835802
random,43370750
random,44032132
random,42982228
random,43489656
random,44175072
random,44036958
random,43869856
random,43811190
random,43594952
random,43884286
random,44223684
random,43836598
random,43640902
random,44418098
random,44028402
random,43822468
random,43111960
random,42094594
random,43577808
random,46108598
random,43672304
random,44238872
random,43304598
random,43538438
random,42444238
random,44186534
random,43409796
random,44089174
random,43656476
random,44046508
random,44288288
random,43555484
random,44409736
random,43486174
random,44448812
random,43867992
random,43445340
random,43763328
random,43193676
random,43874586
random,42049434
random,42858004
random,43734026
random,43498482
random,43382906
random,43512270
random,43653714
random,43210498
random,46143782
random,43664390
random,43696748
random,44030556
random,43278008
random,44100630
random,44171848
random,43110918
random,44427554
random,43354624
random,43631624
random,43588614
random,42016080
random,43723348
random,43828386
random,43744648
random,43217432
random,44431798
random,43635128
random,44082710
random,44342590
random,51349158
random,44392318
random,43990674
random,43096960
random,42761126
random,43705720
random,44515708
random,44723486
random,43263346
random,43709182
random,43516500
random,43677116
random,43471588
random,43621108
random,43232526
random,43503652
random,43594152
random,45442630
random,42918768
random,43775088
random,44611346
random,43874090
random,43279578
random,42804800
random,44321972
random,43420044
random,44181742
random,44073368
random,43826996
random,44060574
random,43227458
random,43126508
random,43924474
random,43680516
random,42710422
random,42779360
random,42499756
random,44572980
random,44061038
random,43413568
random,43313030
random,43039688
random,43047096
random,43357374
random,44094292
random,43306690
random,44219460
random,44163358
random,43705138
random,43396862
random,44430640
random,44069096
random,43625198
random,43703748
random,43930798
random,43999530
random,43713210
random,43854206
random,44013450
random,45909162
random,42759570
random,43475154
random,43146826
random,43462438
random,43264552
random,44351220
random,43989874
random,44380806
random,43900032
random,43530632
random,44155386
random,44202850
random,43434144
random,43492812
random,45373550
random,44290770
random,41995052
random,42845548
random,44037546
random,43675686
random,42803560
random,43607634
random,43479016
random,43633780
random,43850756
random,45475792
random,44391040
random,44954534
random,44466128
random,43630826
random,43732812
random,44121738
random,43925416
random,44509826
random,43711122
random,44004286
random,44022344
random,43048484
random,43875838
random,42598762
random,43001568
random,42944714
random,43541980
random,44026802
random,43214698
random,42579422
random,43485572
random,43453074
random,43801322
random,42232822
random,42527592
random,44185230
random,44340332
random,43564976
random,43819594
random,43853012
random,43150468
random,43364982
random,43419318
random,43945890
random,43399872
random,43743546
random,43017758
random,43023546
random,42692432
random,43970746
random,44052698
random,43133870
random,43438166
random,43871220
random,44216708
random,44205528
random,43365300
random,42751304
random,43962628
random,43921676
random,43347736
random,43299438
random,43634442
random,42833512
random,43407810
random,44295726
random,43808860
random,43369602
random,43862530
random,42803058
random,43725756
random,43664442
random,44370232
random,43412818
random,43475228
random,43085654
random,43547964
random,43812240
random,43966636
random,44334856
random,43234364
random,43843320
random,43019312
random,43932062
random,43176754
random,43541014
random,43791134
random,44196912
random,44291572
random,44216976
random,43829100
random,43800206
random,43524046
random,44356868
random,43323012
random,43274450
random,44472806
random,44864430
random,43536932
random,44352866
random,44310280
random,43491240
random,44728060
random,67873066
random,43632468
random,43683178
random,44225346
random,43608686
random,43220682
random,46094896
random,44313274
random,43134704
random,43877354
random,44079302
random,43547362
random,43973386
random,43780610
random,44069140
random,43369968
random,44002204
random,43733912
random,41952830
random,45989598
random,44119818
random,43451082
random,44528982
random,44162100
random,43254156
random,42795076
random,43977998
random,43242324
random,43163272
random,45390978
random,44266738
random,43911376
random,44647410
random,43361400
random,43379164
random,43790128
random,43760400
random,43777640
random,44923300
random,44320380
random,44379700
random,44243666
random,44095032
random,44185020
random,43072220
random,43433068
random,43834848
random,43613868
random,45974958
random,44264100
random,43669988
random,43601234
random,44083260
random,43623442
random,44263822
random,43567312
random,43754724
random,44386860
random,44014030
random,44364462
random,43001638
random,45947046
random,44383104
random,43763234
random,43805768
random,44358688
random,43988894
random,44229450
random,44222210
random,43980208
random,43925326
random,44396826
random,43857562
random,43496298
random,44556544
random,44270264
random,44036194
random,43846722
random,44069574
random,44211934
random,45838270
random,44216800
random,43883554
random,43672820
random,44365000
random,43613816
random,43673712
random,43573140
random,44582300
random,44140082
random,46715492
random,43944846
random,43915500
random,43698412
random,44472984
random,43848278
random,42706348
random,43276298
random,43700322
random,43161408
random,46402074
random,44497016
random,43649292
random,43957516
random,42607908
random,44534766
random,44393428
random,43281636
random,43149458
random,43772452
random,43593680
random,43610980
random,43595778
random,43272246
random,42868658
random,44171958
random,43691624
random,43417336
random,42900040
random,44501056
random,44160026
random,44325880
random,43374532
random,44189028
random,43391412
random,43753892
random,43887966
random,43434582
random,44252920
random,42979120
random,43591076
random,43696850
random,44809834
random,43766944
random,43809658
random,43507668
random,43634278
random,43655126
random,44424802
random,44156240
random,43376808
random,43761568
random,43844444
random,43486302
random,46358070
random,43761572
random,43544710
random,44070164
random,44338782
random,43751488
random,43737534
random,43918634
random,44239154
random,43946120
random,43688358
random,43279808
random,43386642
random,43443120
random,44156788
random,43311940
random,43716980
random,46380118
random,44144046
random,43277956
random,43997706
random,43051852
random,43000124
random,43153562
random,44053094
random,44205704
random,43460482
random,44320770
random,42952026
random,43642088
random,43000996
random,44503384
random,43166588
random,43455116
random,43612978
random,45502008
random,44832150
random,44181786
random,43816334
random,43781176
random,43123310
random,43679716
random,43768028
random,44177372
random,43095720
random,43863896
random,42612366
random,42772076
random,43073870
random,43377556
random,43925308
random,43997132
random,43305882
random,43054918
random,44037468
random,43495420
random,43321828
random,44785566
random,44264144
random,44430530
random,43252842
random,43448286
random,43416536
random,43469674
random,43815034
random,43971900
random,44404596
random,43415234
random,43858950
random,43710728
random,43188586
random,43740536
random,44243390
random,43779058
random,43965890
random,43574816
random,44464704
random,44226050
random,42944232
random,47244660
random,44383538
random,43544470
random,44243362
random,44649156
random,44393184
random,44154926
random,44368272
random,43242166
random,44275182
random,43844504
random,45916780
random,42953664
random,43475640
random,44021104
random,43935262
random,43823630
random,44202278
random,44672586
random,44221800
random,43454680
random,43786330
random,44128894
random,43634850
random,43848580
random,44327786
random,43452472
random,43018370
random,43708486
random,43401766
random,43732898
random,44012956
random,43100224
random,43462470
random,43802692
random,44388926
random,43673964
random,44323722
random,43550650
random,43720578
random,44084494
random,43942458
random,42444810
random,44170370
random,42989660
random,43910520
random,44028474
random,44190050
random,43279330
random,42583510
random,43754410
random,43667136
random,43691906
random,43625430
random,44318754
random,44030638
random,44264556
random,43831366
random,43934956
random,44002710
random,42860138
random,43220608
random,43267938
random,43152542
random,44841664
random,43671198
random,44070106
random,43474434
random,43661832
random,43297548
random,43284634
random,43395794
random,43384980
random,42996794
random,43338850
random,43056372
random,43702504
random,43382126
random,43595618
random,44666880
random,45168334
random,44223386
random,43757944
random,43629388
random,43954414
random,43875754
random,43495482
random,44446528
random,44414562
random,44001344
random,43042898
random,46106984
random,44219700
random,44763910
random,43546088
random,43251414
random,42483666
random,43869376
random,42740458
random,45616988
random,43278462
random,44359748
random,42929804
random,43074842
random,42583306
random,42626782
random,43855588
random,42069184
random,43400136
random,43467176
random,43075720
random,42411356
random,42965464
random,42138790
random,44277400
random,43113134
random,44076978
random,43630630
random,43571170
random,43023206
random,43831716
random,42550214
random,43059208
random,42320150
random,44401548
random,44490108
random,43561106
random,43576948
random,43334622
random,43266722
random,44095520
random,44229856
random,43136402
random,42893010
random,43894196
random,43451960
random,44157642
random,44366028
random,44436778
random,43873348
random,43798670
random,43205818
random,42837018
random,44396974
random,44485878
random,44550474
random,43498196
random,43647960
random,43247280
random,44027924
random,44032200
random,43839088
random,44198086
random,43143736
random,43458892
random,43997746
random,44128364
random,43830432
random,43658418
random,43958556
random,43958554
random,44017778
random,43630186
random,43911720
random,43903576
random,43752000
random,44063842
random,44036138
random,43997032
random,46370922
random,44228282
random,43411518
random,43935884
random,42138804
random,44004728
random,43109712
random,43251014
random,44587522
random,44434226
random,44121646
random,44580980
random,44586862
random,44207190
random,43951114
random,44285736
random,43850448
random,44181152
random,44016724
random,43449486
random,44384554
random,44466832
random,44492422
random,44404928
random,43986300
random,44389384
random,43967488
random,44090512
random,44441696
random,43676358
random,43814026
random,44638464
random,43980768
random,44317074
random,43887816
random,44383384
random,44019802
random,44181584
random,43481760
random,44149556
random,43828100
random,44477528
random,44008342
random,44329776
random,44479598
random,44116610
random,44318374
random,44280846
random,44389482
random,44474528
random,44414296
random,44384330
random,44141252
random,44517934
random,44010612
random,44233738
random,43942676
random,44374456
random,44365794
random,44265326
random,44483444
random,44289438
random,44543706
random,43481044
random,43607870
random,44358444
random,43668218
random,43753210
random,43677972
random,44189184
random,45469490
random,43634098
random,43613834
random,43294136
random,43178000
random,43121306
random,43287854
random,43167772
random,44512074
random,44406838
random,44429408
random,43046662
random,44199380
random,44242112
random,43891102
random,44094384
random,47265516
random,44227780
random,44252542
random,43467860
random,43864140
random,43946958
random,43638622
random,44004486
random,43997854
random,44241902
random,44363454
random,43885814
random,44007600
random,43684620
random,43933110
random,44487050
random,44165970
random,44253378
random,46377254
random,44506112
random,43886438
random,44395206
random,43813960
random,43096382
random,44012832
random,44092846
random,45578860
random,44128238
random,44313964
random,44199478
random,44123218
random,43101072
random,43805678
random,43871714
random,43738974
random,43901544
random,44178302
random,44083594
random,44335586
random,43997892
random,44111118
random,52680106
random,43474112
random,43612594
random,43638176
random,44166856
random,43630034
random,43920648
random,44271662
random,43885862
random,44291460
random,44289422
random,44227248
random,44083332
random,43597656
random,44340214
random,44377166
random,43902336
random,47337762
random,44575026
random,43991100
random,43986750
random,44452538
random,44183800
random,43587082
random,43973366
random,44101482
random,44346580
random,43454638
random,43704258
random,44413316
random,43404116
random,44132394
random,44462364
random,43156744
random,44366158
random,43772298
random,44457838
random,44366976
random,44446824
random,44496202
random,44467294
random,44392428
random,44958738
random,43989248
random,44228034
random,44005962
random,44326286
random,43642348
random,44234934
random,44294670
random,46773554
random,44640980
random,43977174
random,44044166
random,43410806
random,44146578
random,45079520
random,44444856
random,44822418
