class,cycles
fixed,207684390
fixed,204815920
fixed,203200458
fixed,202716766
fixed,204558166
fixed,202924132
fixed,204039608
fixed,204476590
fixed,204549222
fixed,204450970
fixed,203706516
fixed,204183930
fixed,204452786
fixed,202930932
fixed,202132224
fixed,202299722
fixed,205718940
fixed,202143844
fixed,202756658
fixed,202461356
fixed,204992064
fixed,203631828
fixed,206134968
fixed,206079982
fixed,204006934
fixed,202468526
fixed,204411662
fixed,202470314
fixed,200345570
fixed,204634548
fixed,204760314
fixed,201832508
fixed,203061800
fixed,208236386
fixed,205037604
fixed,204154180
fixed,207278712
fixed,202819752
fixed,204508512
fixed,203765362
fixed,205589748
fixed,204009894
fixed,202950694
fixed,206415648
fixed,204455482
fixed,203187302
fixed,203692706
fixed,204044194
fixed,203330420
fixed,203389640
fixed,202818868
fixed,202561588
fixed,210437580
fixed,202263910
fixed,201844470
fixed,203010810
fixed,202545266
fixed,206868844
fixed,202495216
fixed,201922358
fixed,204333468
fixed,201694616
fixed,199812930
fixed,199615260
fixed,202382092
fixed,203648412
fixed,200894830
fixed,200760688
fixed,203739556
fixed,202724916
fixed,200282026
fixed,205224408
fixed,201915198
fixed,202913716
fixed,201356810
fixed,200714664
fixed,201110304
fixed,202783708
fixed,204411062
fixed,202539344
fixed,204996988
fixed,205539604
fixed,202750322
fixed,202816334
fixed,203548168
fixed,202833464
fixed,202560310
fixed,202260064
fixed,206821238
fixed,201152522
fixed,200968738
fixed,205078944
fixed,203246122
fixed,206522116
fixed,203127856
fixed,202750904
fixed,203211446
fixed,201435322
fixed,204865688
fixed,203550960
fixed,203076730
fixed,205423492
fixed,202997294
fixed,202768292
fixed,205849858
fixed,201746032
fixed,203051268
fixed,202653332
fixed,201463384
fixed,201222774
fixed,211212902
fixed,203657568
fixed,201142372
fixed,202589384
fixed,204342482
fixed,200737440
fixed,201165624
fixed,202597314
fixed,204521486
fixed,198234946
fixed,198238702
fixed,200785902
fixed,205397892
fixed,198557774
fixed,201017070
fixed,203672438
fixed,201946846
fixed,202341436
fixed,205275078
fixed,203467670
fixed,204754956
fixed,202045870
fixed,202510420
fixed,205343486
fixed,204290544
fixed,203994228
fixed,203858802
fixed,202746234
fixed,203785144
fixed,205060736
fixed,204696426
fixed,205882142
fixed,205089188
fixed,206416688
fixed,202331906
fixed,204331252
fixed,207068372
fixed,202195014
fixed,203577498
fixed,202897300
fixed,203201086
fixed,204440076
fixed,203096394
fixed,201821330
fixed,203721186
fixed,204601908
fixed,202036926
fixed,203565726
fixed,207213514
fixed,203222780
fixed,202166262
fixed,202689600
fixed,203841372
fixed,207024942
fixed,202270544
fixed,213953384
fixed,200446778
fixed,202799812
fixed,202327644
fixed,200823316
fixed,206540352
fixed,205162802
fixed,203910176
fixed,202815574
fixed,203585612
fixed,204390450
fixed,202398760
fixed,203259470
fixed,203501132
fixed,203921746
fixed,203641554
fixed,203863020
fixed,203560992
fixed,205712376
fixed,203825700
fixed,214759396
fixed,204803762
fixed,205381744
fixed,204194268
fixed,202934778
fixed,204311920
fixed,204625058
fixed,202318038
fixed,202392074
fixed,201930740
fixed,203610864
fixed,203408568
fixed,202456478
fixed,202281848
fixed,203236324
fixed,203428606
fixed,203049870
fixed,202713692
fixed,201433774
fixed,204354444
fixed,206971078
fixed,199775988
fixed,201725418
fixed,199444556
fixed,203620116
fixed,199436286
fixed,199410082
fixed,199064312
fixed,204483292
fixed,197350484
fixed,200509448
fixed,201186662
fixed,200593782
fixed,199765798
fixed,202594802
fixed,198673528
fixed,200942548
fixed,199384012
fixed,199371068
fixed,197513266
fixed,198329344
fixed,203309746
fixed,203642374
fixed,203799144
fixed,202309270
fixed,202255180
fixed,201438762
fixed,202778478
fixed,201640234
fixed,202886486
fixed,201808504
fixed,202999046
fixed,203558822
fixed,200180784
fixed,205523488
fixed,201290746
fixed,202526538
fixed,202224896
fixed,203527038
fixed,201946246
fixed,205615758
fixed,202305594
fixed,200996504
fixed,205109752
fixed,203197074
fixed,202092208
fixed,201980402
fixed,202574598
fixed,201252734
fixed,202322520
fixed,204571850
fixed,204714410
fixed,210273608
fixed,205736110
fixed,207922686
fixed,204318924
fixed,204417656
fixed,206122828
fixed,209810908
fixed,205169700
fixed,201883450
fixed,206388322
fixed,206317502
fixed,211133730
fixed,203936338
fixed,202888896
fixed,209699742
fixed,207443138
fixed,207429994
fixed,211994416
fixed,205155510
fixed,203975074
fixed,206526490
fixed,204724796
fixed,209450642
fixed,208441178
fixed,207375148
fixed,208805224
fixed,208014586
fixed,205134486
fixed,212151440
fixed,205708326
fixed,209657268
fixed,205681116
fixed,206152062
fixed,206232416
fixed,250641212
fixed,241276458
fixed,237721018
fixed,207822240
fixed,206033632
fixed,203667018
fixed,205469914
fixed,205754054
fixed,206767362
fixed,213698434
fixed,207768584
fixed,211271256
fixed,208300408
fixed,208725178
fixed,207030070
fixed,208249694
fixed,206602246
fixed,207259134
fixed,207463284
fixed,209080826
fixed,207932126
fixed,211422000
fixed,209490324
fixed,207156626
fixed,207816094
fixed,206749710
fixed,213041300
fixed,206767558
fixed,209124914
fixed,205594406
fixed,202649320
fixed,205883274
fixed,205658044
fixed,205389440
fixed,207037086
fixed,206018682
fixed,206676130
fixed,205029640
fixed,203386932
fixed,206326354
fixed,205319766
fixed,202459532
fixed,201094594
fixed,200995308
fixed,202218048
fixed,204591746
fixed,204597456
fixed,201537384
fixed,200427078
fixed,198024228
fixed,200675440
fixed,202602496
fixed,203364840
fixed,199243132
fixed,198457334
fixed,201340530
fixed,201975572
fixed,201919720
fixed,205615248
fixed,200962114
fixed,205315988
fixed,202641030
fixed,202253260
fixed,204349110
fixed,205446642
fixed,204439362
fixed,202080238
fixed,203859584
fixed,202562546
fixed,202938648
fixed,207917130
fixed,202122272
fixed,201925062
fixed,200721946
fixed,206194694
fixed,201450560
fixed,203496082
fixed,205848852
fixed,200174212
fixed,199737972
fixed,202858448
fixed,201151064
fixed,203621440
fixed,202095090
fixed,201753214
fixed,206408192
fixed,203668408
fixed,204469934
fixed,204734124
fixed,202883550
fixed,200819118
fixed,202327458
fixed,202441836
fixed,201246788
fixed,201575340
fixed,202422606
fixed,201649398
fixed,204330650
fixed,200913678
fixed,202958602
fixed,202934322
fixed,203515160
fixed,202514094
fixed,201297668
fixed,202956858
fixed,202185600
fixed,201546480
fixed,202532788
fixed,204942802
fixed,202027802
fixed,203346774
fixed,201403664
fixed,201611578
fixed,203967776
fixed,201329072
fixed,202557720
fixed,201315226
fixed,201971188
fixed,203442538
fixed,202773798
fixed,199733486
fixed,201199988
fixed,198914186
fixed,198737852
fixed,198524428
fixed,200629818
fixed,197022068
fixed,206227090
fixed,198752564
fixed,197600472
fixed,200791380
fixed,202121936
fixed,197646988
fixed,199101764
fixed,202700118
fixed,199608216
fixed,201849046
fixed,199888210
fixed,200755024
fixed,204705384
fixed,199363190
fixed,196008048
fixed,197612434
fixed,202545536
fixed,200103774
fixed,196544700
fixed,199507856
fixed,195690020
fixed,202029252
fixed,198496182
fixed,200225208
fixed,199705640
fixed,200785886
fixed,203938758
fixed,201245196
fixed,205428134
fixed,202966992
fixed,201669908
fixed,201056934
fixed,203044732
fixed,203160838
fixed,201160332
fixed,202258576
fixed,200239990
fixed,202460140
fixed,202479740
fixed,202443068
fixed,202041328
fixed,201548860
fixed,201773972
fixed,202225746
fixed,202523692
fixed,202750380
fixed,203781390
fixed,202687278
fixed,202923620
fixed,202666404
fixed,202341318
fixed,203649036
fixed,199742948
fixed,202232010
fixed,203408256
fixed,201502944
fixed,203580418
fixed,202523780
fixed,203000766
fixed,203173306
fixed,207134878
fixed,203206010
fixed,200214166
fixed,198873040
fixed,201235656
fixed,203106392
fixed,199688114
fixed,197268382
fixed,198406050
fixed,195562686
fixed,199592306
fixed,199580960
fixed,200340428
fixed,198032532
fixed,206203600
fixed,196814800
fixed,201235268
fixed,200778244
fixed,205549964
fixed,201358310
fixed,204270048
fixed,202419852
fixed,200749970
fixed,201316062
fixed,205092428
fixed,203917836
fixed,202010922
fixed,203079422
fixed,201941004
fixed,207412402
fixed,205006612
fixed,202765134
fixed,204448254
fixed,202758358
fixed,202312958
fixed,201901656
fixed,200411288
fixed,201236260
fixed,200296586
fixed,200957414
fixed,202005636
fixed,201302254
fixed,203201080
fixed,202323992
fixed,201323864
fixed,199445112
fixed,203530922
fixed,206493828
fixed,202761822
fixed,204376270
fixed,201664716
fixed,199426468
fixed,203518658
fixed,204780944
fixed,204299734
fixed,205278900
fixed,207087142
fixed,204440948
fixed,203295344
fixed,203476738
fixed,203620382
fixed,202321194
fixed,207082318
fixed,202109212
fixed,201707874
fixed,201316212
fixed,201250482
fixed,200816460
fixed,202068950
fixed,202395930
fixed,200480792
fixed,203670476
fixed,206032278
fixed,197938014
fixed,198907552
fixed,202419862
fixed,201560616
fixed,199517366
fixed,199435454
fixed,198232380
fixed,199958952
fixed,197756654
fixed,203327664
fixed,199932228
fixed,202478930
fixed,200643942
fixed,198966012
fixed,201177178
fixed,198660570
fixed,200085372
fixed,199941686
fixed,199759794
fixed,196504524
fixed,196375290
fixed,197778800
fixed,200581816
fixed,195412642
fixed,201093524
fixed,201520202
fixed,196650108
fixed,198184188
fixed,198558738
fixed,199183092
fixed,199304486
fixed,198385782
fixed,197778118
fixed,200635116
fixed,197900766
fixed,199351490
fixed,197171330
fixed,196333084
fixed,200071018
fixed,199351780
fixed,199186062
fixed,198952432
fixed,197687442
fixed,197073668
fixed,199030304
fixed,197368308
fixed,203058186
fixed,203057862
fixed,204420910
fixed,205119006
fixed,205140426
fixed,203452978
fixed,200435954
fixed,202084508
fixed,205190390
fixed,205489880
fixed,203557246
fixed,204503696
fixed,206366922
fixed,203890242
fixed,202701960
fixed,204173340
fixed,203952920
fixed,203256700
fixed,203161470
fixed,210049126
fixed,204563054
fixed,202795448
fixed,207586098
fixed,200444990
fixed,203488544
fixed,204869656
fixed,208476352
fixed,208488416
fixed,205365122
fixed,204003188
fixed,205291108
fixed,205716062
fixed,204032760
fixed,206540242
fixed,206409822
fixed,206247190
fixed,206730056
fixed,206461720
fixed,206518624
fixed,205522784
fixed,206719698
fixed,205083716
fixed,205594376
fixed,205860992
fixed,205164934
fixed,206381694
fixed,206796180
fixed,206417944
fixed,207272708
fixed,205811408
fixed,206129806
fixed,206139720
fixed,208004554
fixed,205393472
fixed,206809310
fixed,205075324
fixed,206948820
fixed,207746378
fixed,205563018
fixed,206752786
fixed,207276900
fixed,205476542
fixed,205246988
fixed,206032870
fixed,205360256
fixed,205788766
fixed,208282406
fixed,206907032
fixed,206641860
fixed,205437034
fixed,206459956
fixed,200879130
fixed,201722436
fixed,205137028
fixed,204388566
fixed,198283952
fixed,204829984
fixed,204452704
fixed,215577544
fixed,197771370
fixed,198503128
fixed,201039426
fixed,202720092
fixed,198968216
fixed,197632818
fixed,199727076
fixed,197388060
fixed,199235382
fixed,198177418
fixed,200181630
fixed,198020578
fixed,200447406
fixed,196693520
fixed,198005116
fixed,198681128
fixed,198690164
fixed,200221312
fixed,199649250
fixed,197248580
fixed,199569690
fixed,199789434
fixed,197399786
fixed,198268408
fixed,197907780
fixed,200543870
fixed,201603674
fixed,204359582
fixed,202419540
fixed,201247642
fixed,204149786
fixed,203895972
fixed,209804726
fixed,202360686
fixed,199903418
fixed,200340762
fixed,203740904
fixed,199381840
fixed,198497744
fixed,204447756
fixed,200791810
fixed,199511008
fixed,199336336
fixed,204260018
fixed,199055418
fixed,199510312
fixed,202168600
fixed,206852708
fixed,200846716
fixed,204040452
fixed,201538758
fixed,200367840
fixed,200465926
fixed,204316990
fixed,198925814
fixed,202946282
fixed,199995178
fixed,201447918
fixed,199318492
fixed,201615364
fixed,203527032
fixed,198524800
fixed,197869238
fixed,199803520
fixed,200157348
fixed,197827704
fixed,202899332
fixed,199621336
fixed,201225782
fixed,197064154
fixed,201776774
fixed,201340078
fixed,196175192
fixed,200757680
fixed,199993918
fixed,200283580
fixed,202393248
fixed,199496454
fixed,196155004
fixed,199545370
fixed,196519900
fixed,202056772
fixed,200618866
fixed,199093278
fixed,195968948
fixed,202183182
fixed,197167472
fixed,194441492
fixed,199679492
fixed,205464634
fixed,205039110
fixed,199068306
fixed,196544588
fixed,198596926
fixed,201545858
fixed,200326180
fixed,200813898
fixed,201163364
fixed,198190528
fixed,201389816
fixed,200980140
fixed,199623736
fixed,201971434
fixed,198901170
fixed,200848904
fixed,200103170
fixed,201587488
fixed,201067914
fixed,198431048
fixed,200254462
fixed,200722440
fixed,198699546
fixed,197911774
fixed,203518538
fixed,203004058
fixed,200810182
fixed,199876642
fixed,198535476
fixed,198715578
fixed,203045148
fixed,201231024
fixed,199384346
fixed,198861278
fixed,199529612
fixed,199925916
fixed,203498776
fixed,201048380
fixed,204675818
fixed,201285046
fixed,200452062
fixed,202187208
fixed,200580112
fixed,200589118
fixed,202604334
fixed,199748464
fixed,199907202
fixed,201099918
fixed,199694114
fixed,201397090
fixed,202665758
fixed,199228990
fixed,204749030
fixed,199735166
fixed,205576842
fixed,203899196
fixed,203444384
fixed,200554296
fixed,199338780
fixed,199487870
fixed,200955962
fixed,201716114
fixed,200273730
fixed,201412546
fixed,204089792
fixed,211930912
fixed,208838522
fixed,202156548
fixed,204797218
fixed,198844340
fixed,203520758
fixed,201689976
fixed,198904644
fixed,200719700
fixed,203536240
fixed,201832446
fixed,202371140
fixed,202652356
fixed,199972374
fixed,201922328
fixed,198192562
fixed,201420572
fixed,199119800
fixed,204378354
fixed,200707228
fixed,201149032
fixed,200543540
fixed,199964624
fixed,203459878
fixed,201876018
fixed,201636788
fixed,205479374
fixed,201553732
fixed,199364944
fixed,199516890
fixed,202124216
fixed,201725270
fixed,201552164
fixed,202285644
fixed,202377956
fixed,206581064
fixed,203039168
fixed,209001252
fixed,199929092
fixed,198367446
fixed,198793500
fixed,198185852
fixed,200380312
fixed,201732876
fixed,199531188
fixed,201135370
fixed,201428454
fixed,202100246
fixed,202681320
fixed,202097866
fixed,201026272
fixed,200225932
fixed,201440260
fixed,201165752
fixed,199875760
fixed,201302616
fixed,199862032
fixed,202121248
fixed,199529938
fixed,200097522
fixed,199642140
fixed,202297154
fixed,206044796
fixed,201102520
fixed,199740510
fixed,204038804
fixed,201510416
fixed,198719958
fixed,199404390
fixed,197954144
fixed,200076932
fixed,203370204
fixed,200978068
fixed,200223942
fixed,195911120
fixed,202507664
fixed,201468726
fixed,199826956
fixed,199806926
fixed,204138098
fixed,201250726
fixed,201990144
fixed,209656436
fixed,200185264
fixed,199863558
fixed,200968976
fixed,200198978
fixed,203481236
fixed,205664908
fixed,200520952
fixed,200768398
fixed,198930202
fixed,198273812
fixed,200798314
fixed,205742808
fixed,200786244
fixed,205330222
fixed,202235362
fixed,203773550
fixed,209341288
fixed,201714674
fixed,203710752
fixed,203230594
fixed,205065474
fixed,203659052
fixed,203460098
fixed,205426114
fixed,205283370
fixed,207009222
fixed,205280106
fixed,205275994
fixed,208290878
fixed,205081218
fixed,205287690
fixed,208185760
fixed,210671520
fixed,214574826
fixed,206836680
fixed,205464274
fixed,204594904
fixed,202232422
fixed,207003340
fixed,206472582
fixed,202128834
fixed,200509828
fixed,205001392
fixed,207435208
fixed,204992744
fixed,205937328
fixed,203350898
fixed,207890680
fixed,205089652
fixed,205673568
fixed,206305162
fixed,205899512
fixed,205597448
fixed,205387204
fixed,203588586
fixed,206599646
fixed,205797746
fixed,214176648
fixed,209164930
fixed,207783090
fixed,207361128
fixed,208410688
fixed,205487692
fixed,207253170
fixed,209236674
fixed,206189920
fixed,205986362
fixed,206059758
fixed,209148882
fixed,206578248
fixed,206932098
fixed,208565132
fixed,206662226
fixed,206763800
fixed,206095810
fixed,206597174
fixed,206971174
fixed,207227570
fixed,206963208
fixed,207498056
fixed,206474224
fixed,207066456
fixed,206753328
fixed,207237150
fixed,206212334
fixed,205888100
fixed,205166492
fixed,205950384
fixed,207260426
fixed,207309834
fixed,207947366
fixed,206503078
fixed,207152440
fixed,204388216
fixed,210287294
fixed,205337584
fixed,205867730
fixed,206208506
fixed,206383664
fixed,207051728
fixed,204833150
fixed,205954040
fixed,205718844
fixed,200624220
fixed,202647546
fixed,206172888
fixed,204542840
fixed,200269106
fixed,201675618
fixed,199340482
fixed,206218396
fixed,201712376
fixed,203302078
fixed,201463542
fixed,200651966
fixed,201083440
fixed,202217146
fixed,200548270
fixed,198680814
fixed,202824506
fixed,203659250
fixed,208868828
fixed,202022554
fixed,201459914
fixed,201668260
fixed,201939096
fixed,205478016
fixed,202650428
fixed,204628648
fixed,204613326
fixed,203439054
fixed,201452086
fixed,202614638
fixed,203595154
fixed,203262548
fixed,203962580
fixed,200943390
fixed,202467138
fixed,206394660
fixed,199917848
fixed,203919188
fixed,202576878
fixed,200556006
fixed,202284826
fixed,202040618
fixed,202278716
fixed,201687802
fixed,200440448
fixed,202447056
fixed,202292590
fixed,204595012
fixed,200674662
fixed,201641190
fixed,203816284
fixed,203526892
fixed,204436976
fixed,201489242
fixed,200918668
fixed,203003026
fixed,202118546
fixed,201605898
fixed,206750376
fixed,200067586
fixed,200635114
fixed,199235000
fixed,203324516
fixed,205122532
fixed,201452846
fixed,202259580
fixed,201541584
fixed,206650630
fixed,201736312
fixed,205331416
fixed,204087810
fixed,206914514
fixed,201239610
fixed,204745786
fixed,200342512
fixed,204896056
fixed,200506982
fixed,206795122
fixed,200925010
fixed,201528048
fixed,203638386
fixed,202939618
fixed,201495998
fixed,200284970
fixed,198317080
fixed,202822064
fixed,202093754
fixed,201028844
fixed,204466832
fixed,201741028
fixed,205825616
fixed,203318496
fixed,200705510
fixed,201293712
fixed,203477364
fixed,202908954
fixed,204168732
fixed,204479258
fixed,201520782
fixed,202087630
fixed,204967412
fixed,204526566
fixed,207219218
fixed,201848484
fixed,205289316
fixed,200698138
fixed,201431824
fixed,204157678
fixed,203215440
fixed,201641304
fixed,200994162
fixed,201523414
fixed,203457248
fixed,201994892
fixed,203174528
fixed,202359308
fixed,200549826
fixed,203478636
fixed,201057726
fixed,204160252
fixed,203618896
fixed,208982218
fixed,201133344
fixed,201788888
fixed,203210632
fixed,201925742
fixed,201758944
fixed,201032994
fixed,202087456
fixed,203497480
fixed,202551738
fixed,202987524
fixed,202141456
fixed,204383936
fixed,201447418
fixed,200806328
fixed,201643850
fixed,203964774
fixed,202678968
fixed,202529242
fixed,203618684
fixed,201434348
fixed,202908742
fixed,202303790
fixed,202712146
fixed,206648652
fixed,204629970
fixed,202585198
fixed,203381324
fixed,204765788
fixed,200675998
fixed,205201888
fixed,203485536
fixed,202849574
fixed,208107758
fixed,202847914
fixed,202724706
fixed,203042626
fixed,205948442
fixed,200701036
fixed,201084352
fixed,204632996
fixed,198405680
fixed,201395598
fixed,200209012
fixed,203613760
fixed,201368840
fixed,200805116
fixed,207013778
fixed,202533960
fixed,201189244
fixed,202119554
fixed,200093022
fixed,201625548
fixed,205452944
fixed,203549462
fixed,204178414
fixed,206628316
fixed,200547724
fixed,204954844
fixed,202042844
fixed,206577526
fixed,201330018
fixed,203114178
fixed,202528626
fixed,203649866
fixed,201485192
fixed,203676708
fixed,202597340
fixed,205060798
fixed,205046784
fixed,203539968
fixed,207125660
fixed,202470094
fixed,202706420
fixed,205527676
fixed,203545056
fixed,200757368
fixed,202306836
fixed,202915808
fixed,201217390
fixed,202482208
fixed,202199664
fixed,205101432
fixed,203259852
fixed,201512744
fixed,202098884
fixed,202709850
fixed,202911608
fixed,201552218
fixed,203072624
fixed,203434874
fixed,201838954
fixed,202069882
fixed,205977418
fixed,200911594
fixed,202760916
fixed,204470092
fixed,204416960
fixed,206020240
fixed,203192590
fixed,202254404
fixed,205345340
fixed,203122866
fixed,203282684
fixed,204678492
fixed,204376174
fixed,204548268
fixed,203308846
fixed,205038680
fixed,204608730
fixed,206249422
fixed,204626394
fixed,204358124
fixed,204477022
fixed,206130342
fixed,205388070
fixed,205198876
fixed,205546446
fixed,204913214
fixed,204554296
fixed,206947736
fixed,205125534
fixed,204567378
fixed,204931582
fixed,205240220
fixed,205222692
fixed,205205472
fixed,210570720
fixed,205059878
fixed,207675272
fixed,204204768
fixed,205297514
fixed,204777596
fixed,204740168
fixed,206345240
fixed,205329004
fixed,205062988
fixed,209055200
fixed,204550938
fixed,205520856
fixed,205601072
fixed,206541546
fixed,211600392
fixed,207077908
fixed,206287330
fixed,207251058
fixed,206507012
fixed,206138614
fixed,206538880
fixed,205499010
fixed,206630992
fixed,207708050
fixed,211387202
fixed,205711976
fixed,202826196
fixed,203012062
fixed,205912554
fixed,205076938
fixed,206472470
fixed,206188906
fixed,205342000
fixed,204526426
fixed,205203622
fixed,206388118
fixed,208752144
fixed,208351248
fixed,205061826
fixed,225430654
fixed,209952970
fixed,223119942
fixed,206895592
fixed,205846500
fixed,205564236
fixed,207079908
fixed,205810408
fixed,206821250
fixed,204838890
fixed,206161326
fixed,205606474
fixed,205111920
fixed,207849818
fixed,205482198
fixed,206615898
fixed,230183138
fixed,205794858
fixed,205542054
fixed,205355718
fixed,205327514
fixed,205838786
fixed,205849000
fixed,205145520
fixed,207390826
fixed,205189636
fixed,209718860
fixed,257018766
fixed,206062568
fixed,206155062
fixed,207365296
fixed,208125176
fixed,207529542
fixed,207038374
fixed,207774798
fixed,207446074
fixed,227484868
fixed,205693570
fixed,206096132
fixed,205963320
fixed,206024706
fixed,206002976
fixed,206552768
fixed,206309996
fixed,205935868
fixed,206154446
fixed,205793610
fixed,205497514
fixed,205999034
fixed,205694242
fixed,206079934
fixed,205512072
fixed,206409536
fixed,205877374
fixed,205924668
fixed,205717666
fixed,205379228
fixed,206103650
fixed,204815326
fixed,204896158
fixed,205440576
fixed,206282614
fixed,205708774
fixed,208036676
fixed,204356034
fixed,205636738
fixed,204501922
fixed,205268824
fixed,205058188
fixed,203493944
fixed,203488494
fixed,203740280
fixed,203163288
fixed,204462756
fixed,205099488
fixed,207611594
fixed,201822236
fixed,201139338
fixed,206980122
fixed,201358788
fixed,204492702
fixed,201664972
fixed,206706504
fixed,202594742
fixed,204700050
fixed,202790320
fixed,200976678
fixed,202422938
fixed,203111910
fixed,208948172
fixed,203454800
fixed,205877156
fixed,203857838
fixed,200521692
fixed,203820884
fixed,206661812
fixed,203954034
fixed,202236760
fixed,203799606
fixed,204546664
fixed,201447328
fixed,202919660
fixed,203429860
fixed,203985838
fixed,204371188
fixed,203347134
fixed,203738272
fixed,202751516
fixed,204240982
fixed,208593384
fixed,202352822
fixed,202499230
fixed,202668148
fixed,200135294
fixed,205317480
fixed,201818850
fixed,205856570
fixed,205224606
fixed,206253722
fixed,205817312
fixed,203523362
fixed,197417592
fixed,206321144
fixed,203323868
fixed,203831158
fixed,203144310
fixed,204318370
fixed,200712632
fixed,202777816
fixed,202438688
fixed,201004098
fixed,207971132
fixed,202939428
fixed,202014102
fixed,204640168
fixed,202133542
fixed,207411470
fixed,203601586
fixed,206172360
fixed,202216590
fixed,202959164
fixed,204799184
fixed,203775246
fixed,203016344
fixed,208016680
fixed,202715082
fixed,203772872
fixed,208094222
fixed,204445482
fixed,202137136
fixed,201947922
fixed,200778922
fixed,204221272
fixed,203712434
fixed,204804580
fixed,206201262
fixed,203648930
fixed,203402484
fixed,203155898
fixed,203680934
fixed,203814082
fixed,203227972
fixed,204373678
fixed,205820362
fixed,202902624
fixed,203455764
fixed,208595060
fixed,204260870
fixed,202204570
fixed,204648494
fixed,206128558
fixed,206156342
fixed,206515324
fixed,204800540
fixed,207314924
fixed,205274284
fixed,208126014
fixed,203910718
fixed,204653364
fixed,209747340
fixed,204392024
fixed,203602454
fixed,203367068
fixed,204954990
fixed,204753412
fixed,206234456
fixed,205213984
fixed,211476100
fixed,207278050
fixed,203615666
fixed,205613986
fixed,206720596
fixed,208720262
fixed,204057916
fixed,202779604
fixed,203984596
fixed,204371742
fixed,203828870
fixed,203515650
fixed,204685786
fixed,208273986
fixed,205501742
fixed,203362546
fixed,202969936
fixed,202500732
fixed,202132750
fixed,203402180
fixed,202435108
fixed,203218714
fixed,203290430
fixed,202686346
fixed,200365906
fixed,202815644
fixed,202613044
fixed,201800820
fixed,204486436
fixed,203617970
fixed,202436524
fixed,206057230
fixed,203586256
fixed,204109432
fixed,207227608
fixed,215596984
fixed,202004916
fixed,200632734
fixed,203542532
fixed,201996636
fixed,200575932
fixed,203235266
fixed,203372878
fixed,205398398
fixed,203913630
fixed,204371072
fixed,202132086
fixed,201672906
fixed,203837556
fixed,204063754
fixed,201975732
fixed,203704514
fixed,205624636
fixed,204061978
fixed,207139552
fixed,203775166
fixed,203164842
fixed,203801998
fixed,205276234
fixed,203666736
fixed,205056328
fixed,206338458
fixed,204631208
fixed,203066648
fixed,204939718
fixed,204949488
fixed,203640288
fixed,205297240
fixed,206537152
fixed,204942716
fixed,204599710
fixed,206142250
fixed,202234092
fixed,203713542
fixed,204263632
fixed,203067440
fixed,203486728
fixed,203901054
fixed,206770610
fixed,204088658
fixed,203920156
fixed,207692750
fixed,204927070
fixed,206560170
fixed,203795478
fixed,202527238
fixed,202070206
fixed,202756698
fixed,206005680
fixed,203185146
fixed,204874692
fixed,203648368
fixed,201628790
fixed,204071680
fixed,200908934
fixed,200491386
fixed,208209194
fixed,202682352
fixed,202332772
fixed,203823876
fixed,203089466
fixed,204142042
fixed,203308438
fixed,206141010
fixed,204381920
fixed,204263166
fixed,201722996
fixed,209031996
fixed,202336756
fixed,203654098
fixed,204416486
fixed,210501478
fixed,202799388
fixed,202322944
fixed,203559900
fixed,204043640
fixed,203626062
fixed,204507056
fixed,203637240
fixed,206348066
fixed,204003842
fixed,202359398
fixed,203472214
fixed,203515190
fixed,204907532
fixed,204877858
fixed,203098200
fixed,204221250
fixed,203695524
fixed,205443414
fixed,203557314
fixed,203980502
fixed,208796188
fixed,204103286
fixed,206865100
fixed,203229768
fixed,203075608
fixed,214495370
fixed,206455026
fixed,216655676
fixed,208715214
fixed,211413596
fixed,217723180
fixed,206649928
fixed,205878144
fixed,208487646
fixed,207533550
fixed,208063318
fixed,215535020
fixed,218165160
fixed,215831178
fixed,204977082
fixed,205994390
fixed,206197744
fixed,204209682
fixed,207202476
fixed,205127592
fixed,206057370
fixed,210890178
fixed,203386692
fixed,206080880
fixed,206687014
fixed,206239698
fixed,206571404
fixed,207329550
fixed,206601166
fixed,210438516
fixed,205482566
fixed,204669566
fixed,204982542
fixed,207103284
fixed,212475768
fixed,205800994
fixed,214038358
fixed,205951716
fixed,206880032
fixed,208792622
fixed,206835916
fixed,205816456
fixed,212106388
fixed,205072600
fixed,205132234
fixed,205115590
fixed,206620712
fixed,206719260
fixed,207138002
fixed,206805914
fixed,209571544
fixed,207011922
fixed,206215094
fixed,206217164
fixed,205780558
fixed,206612524
fixed,206335100
fixed,207668372
fixed,212059674
fixed,205907108
fixed,205237082
fixed,209737706
fixed,207897650
fixed,206887436
fixed,206408288
fixed,209165018
fixed,205486636
fixed,205379742
fixed,205265594
fixed,210271242
fixed,207373612
fixed,205246184
fixed,206461298
fixed,206750444
fixed,206383368
fixed,208427846
fixed,205157264
fixed,205098348
fixed,209099808
fixed,204809024
fixed,202384714
fixed,205001578
fixed,205580008
fixed,207373474
fixed,209371528
fixed,211942374
fixed,201787942
fixed,201540632
fixed,203214824
fixed,202095236
fixed,207178608
fixed,203392818
fixed,205601414
fixed,206899206
fixed,203756100
fixed,203559986
fixed,201689372
fixed,202899958
fixed,203243164
fixed,205399526
fixed,203223312
fixed,204041004
fixed,204092040
fixed,206593766
fixed,204080398
fixed,204682540
fixed,202308154
fixed,204738026
fixed,204804438
fixed,206825552
fixed,207402632
fixed,202366578
fixed,206434368
fixed,202360392
fixed,204055744
fixed,203642324
fixed,203171962
fixed,204009488
fixed,202860868
fixed,203596982
fixed,202286490
fixed,204252388
fixed,203170620
fixed,206679620
fixed,209419806
fixed,204401884
fixed,203642462
fixed,202708010
fixed,204549270
fixed,203785136
fixed,202639310
fixed,201283712
fixed,201614402
fixed,203143598
fixed,203116394
fixed,204135162
fixed,202939008
fixed,202210878
fixed,202842944
fixed,207041608
fixed,206373534
fixed,204490536
fixed,204451706
fixed,206488050
fixed,205285100
fixed,203180274
fixed,204872030
fixed,202723940
fixed,205539264
fixed,202339576
fixed,204385088
fixed,203041762
fixed,207337034
fixed,202684906
fixed,202892440
fixed,208066310
fixed,204234650
fixed,206274018
fixed,204369674
fixed,204403720
fixed,205807278
fixed,203155086
fixed,202009736
fixed,202204902
fixed,201792444
fixed,203665188
fixed,203334590
fixed,203055170
fixed,203549970
fixed,204825846
fixed,202771600
fixed,207379052
fixed,203401032
fixed,203555056
fixed,203824626
fixed,205435730
fixed,202560632
fixed,203679732
fixed,203240010
fixed,206470024
fixed,204872494
fixed,203458040
fixed,209607976
fixed,203502414
fixed,204682212
fixed,204753570
fixed,203061384
fixed,205405668
fixed,205551120
fixed,205164392
fixed,206808842
fixed,204793012
fixed,204746076
fixed,204545060
fixed,204005682
fixed,204997016
fixed,204496214
fixed,205055152
fixed,211468184
fixed,204918546
fixed,203556178
fixed,203043302
fixed,205696144
fixed,201064818
fixed,205917318
fixed,204579758
fixed,204399782
fixed,203246096
fixed,207789882
fixed,204932144
fixed,204285702
fixed,204751814
fixed,204522228
fixed,204801718
fixed,204321692
fixed,204034434
fixed,206238440
fixed,204147216
fixed,204792828
fixed,204664042
fixed,204518708
fixed,204676466
fixed,204347168
fixed,203184192
fixed,206548596
fixed,203426760
fixed,205728358
fixed,202846590
fixed,202754250
fixed,205350464
fixed,203183130
fixed,205345948
fixed,203468686
fixed,203865902
fixed,202425034
fixed,204601056
fixed,202788408
fixed,201680008
fixed,201402424
fixed,202209608
fixed,203046128
fixed,203303896
fixed,203810226
fixed,202647076
fixed,205342514
fixed,202845598
fixed,204542104
fixed,201864114
fixed,201298314
fixed,202716520
fixed,201200042
fixed,200060178
fixed,202094182
fixed,201596936
fixed,202333534
fixed,203469866
fixed,206755398
fixed,203334708
fixed,203582434
fixed,201777716
fixed,203548100
fixed,201845104
fixed,198149360
fixed,198403452
fixed,200976294
fixed,203346868
fixed,201894898
fixed,201993458
fixed,203267304
fixed,201362936
fixed,206560188
fixed,201031898
fixed,202927512
fixed,202525516
fixed,205075252
fixed,208721324
fixed,202104458
fixed,204864658
fixed,204080000
fixed,204646896
fixed,202514998
fixed,202539102
fixed,202947696
fixed,204681920
fixed,200238770
fixed,201551616
fixed,203506156
fixed,201611566
fixed,202919424
fixed,202572482
fixed,202955094
fixed,201894502
fixed,204624620
fixed,205550882
fixed,202794718
fixed,207931374
fixed,203372234
fixed,202324254
fixed,201335312
fixed,203152924
fixed,201915002
fixed,206733148
fixed,201909062
fixed,202207310
fixed,201663082
fixed,202240378
fixed,200649344
fixed,203491860
fixed,204923018
fixed,202462246
fixed,203668872
fixed,203154668
fixed,203103976
fixed,203917190
fixed,205566082
fixed,202539436
fixed,203777166
fixed,203044066
fixed,202326918
fixed,204713248
fixed,201753424
fixed,202829780
fixed,206093328
fixed,203090892
fixed,202641414
fixed,200065806
fixed,202492820
fixed,203363516
fixed,203694978
fixed,203478942
fixed,203646956
fixed,201925578
fixed,202293032
fixed,202395782
fixed,203147046
fixed,203412270
fixed,203076626
fixed,203035948
fixed,201170432
fixed,202942838
fixed,203180190
fixed,201235752
fixed,202886388
fixed,203061386
fixed,202678108
fixed,203786384
fixed,201637336
fixed,202951728
fixed,204098116
fixed,201473522
fixed,202317410
fixed,201754686
fixed,200982370
fixed,199253946
fixed,201435296
fixed,205504118
fixed,205152574
fixed,206776404
fixed,206689460
fixed,206473564
fixed,205627206
fixed,206293364
fixed,205677600
fixed,204349750
fixed,205753706
fixed,203777108
fixed,206905304
fixed,208332760
fixed,204450234
fixed,205919964
fixed,206756008
fixed,207008810
fixed,210332834
fixed,206336550
fixed,204203844
fixed,206696298
fixed,203710850
fixed,206223706
fixed,208359504
fixed,206336358
fixed,203660698
fixed,205416994
fixed,204483488
fixed,207341172
fixed,206699754
fixed,210774232
fixed,207068524
fixed,207792914
fixed,207454862
fixed,206279668
fixed,207333260
fixed,207718992
fixed,210366796
fixed,207778580
fixed,210220018
fixed,210274790
fixed,208746404
fixed,209018868
fixed,210626214
fixed,209743868
fixed,207445592
fixed,210149458
fixed,208438666
fixed,208764488
fixed,208041552
fixed,208294950
fixed,206585442
fixed,209850454
fixed,207378422
fixed,209464244
fixed,208465716
fixed,209438624
fixed,209024030
fixed,209161602
fixed,209640654
fixed,207337014
fixed,208611958
fixed,204730982
fixed,204588524
fixed,207842310
fixed,206757050
fixed,207758840
fixed,207984358
fixed,210360094
fixed,205064226
fixed,208921738
fixed,203100192
fixed,204305514
fixed,205763006
fixed,205135602
fixed,207004916
fixed,204758908
fixed,203705288
fixed,204529600
fixed,206213386
fixed,205285368
fixed,203427398
fixed,204984062
fixed,204964352
fixed,203821948
fixed,204502608
fixed,204060406
fixed,203821798
fixed,205236214
fixed,204005226
fixed,206354096
fixed,207621226
fixed,201972340
fixed,200526676
fixed,202266744
fixed,200462944
fixed,203515830
fixed,203387516
fixed,204138718
fixed,204343666
fixed,203804060
fixed,204384830
fixed,204266332
fixed,206249160
fixed,204382782
fixed,202563696
fixed,202650370
fixed,206023178
fixed,203641272
fixed,203727340
fixed,202433752
fixed,205944518
fixed,204337118
fixed,204209542
fixed,202185606
fixed,204251868
fixed,203030272
fixed,202572740
fixed,204134212
fixed,203524352
fixed,203515774
fixed,202852324
fixed,205611836
fixed,202501054
fixed,207197716
fixed,203887694
fixed,201308284
fixed,204257776
fixed,206623072
fixed,203010672
fixed,202704962
fixed,204090710
fixed,204581172
fixed,204307870
fixed,204390060
fixed,204699530
fixed,203395590
fixed,203156492
fixed,203724970
fixed,203763148
fixed,203311062
fixed,202952502
fixed,201874896
fixed,207606234
fixed,205194154
fixed,204274884
fixed,205555372
fixed,202668528
fixed,203729580
fixed,206306444
fixed,232886750
fixed,234564476
fixed,203674760
fixed,205521180
fixed,203698548
fixed,203430406
fixed,204003554
fixed,203358830
fixed,204526184
fixed,204965914
fixed,204775194
fixed,203994682
fixed,203081764
fixed,203956884
fixed,204346782
fixed,203736240
fixed,213644424
fixed,213570882
fixed,204220614
fixed,205187040
fixed,206957214
fixed,203097742
fixed,204871326
fixed,203179804
fixed,203741994
fixed,203579974
fixed,202805112
fixed,207104454
fixed,218774650
fixed,208425456
fixed,201105826
fixed,207732352
fixed,204608766
fixed,205599582
fixed,209681482
fixed,203884678
fixed,203823856
fixed,204340878
fixed,207230020
fixed,203217100
fixed,204686988
fixed,203471964
fixed,205834932
fixed,203895334
fixed,204005346
fixed,206325666
fixed,203853920
fixed,205730250
fixed,207829854
fixed,204585830
fixed,203506010
fixed,203700730
fixed,203079526
fixed,204100156
fixed,203737526
fixed,204785026
fixed,203965460
fixed,200357862
fixed,202357236
fixed,202099010
fixed,202445234
fixed,202493288
fixed,203714680
fixed,201313702
fixed,203509502
fixed,207050044
fixed,206351540
fixed,203784334
fixed,204035422
fixed,203817418
fixed,205165982
fixed,206606252
fixed,204266152
fixed,209207368
fixed,213953978
fixed,206605780
fixed,204044122
fixed,202641550
fixed,201767808
fixed,202472600
fixed,201194552
fixed,201817140
fixed,205051926
fixed,203935920
fixed,203564212
fixed,202114070
fixed,206591352
fixed,199487896
fixed,201825218
fixed,204086916
fixed,204454406
fixed,203938464
fixed,203583750
fixed,205050462
fixed,204641982
fixed,207175244
fixed,203378122
fixed,201655580
fixed,202425872
fixed,200831190
fixed,204310094
fixed,202137932
fixed,202329200
fixed,206815236
fixed,199664316
fixed,202778448
fixed,203260748
fixed,200386476
fixed,202376068
fixed,200714282
fixed,201900410
fixed,202429428
fixed,202461244
fixed,202018970
fixed,207131756
fixed,203472348
fixed,201722028
fixed,206408032
fixed,201578170
fixed,203198572
fixed,202798516
fixed,201102192
fixed,205503902
fixed,201925438
fixed,201245830
fixed,201789868
fixed,203058616
fixed,202657072
fixed,206732624
fixed,201258430
fixed,205386928
fixed,203626794
fixed,201645562
fixed,201089072
fixed,196813244
fixed,202386126
fixed,200556946
fixed,205756622
fixed,199550312
fixed,199901012
fixed,199075950
fixed,202703434
fixed,198632982
fixed,202499536
fixed,201941718
fixed,199069978
fixed,199808672
fixed,198241888
fixed,203172670
fixed,201122616
fixed,203249960
fixed,202341030
fixed,202785692
fixed,201522010
fixed,205454750
fixed,202892900
fixed,202319312
fixed,202947848
fixed,201886514
fixed,201996930
fixed,202605936
fixed,201815166
fixed,203757930
fixed,201884276
fixed,201733370
fixed,203021386
fixed,202763624
fixed,202480078
fixed,230954984
fixed,203048704
fixed,202067354
fixed,204004298
fixed,201670374
fixed,201607796
fixed,202463182
fixed,200241340
fixed,202468178
fixed,200625944
fixed,203864158
fixed,200770998
fixed,200487866
fixed,203364546
fixed,203830182
fixed,204881624
fixed,203773750
fixed,204625194
fixed,202273690
fixed,206973884
fixed,202732276
fixed,203356064
fixed,202541260
fixed,203799782
fixed,207673946
fixed,202459852
fixed,207272108
fixed,205495010
fixed,207057710
fixed,205133820
fixed,202374476
fixed,203342882
fixed,202327116
fixed,205999334
fixed,214116044
fixed,203859086
fixed,204840386
fixed,205077224
fixed,205283534
fixed,202662966
fixed,205772922
fixed,206257974
fixed,204402694
fixed,207731692
fixed,203367146
fixed,204767822
fixed,204354896
fixed,206270086
fixed,205905934
fixed,206306096
fixed,212895784
fixed,207883418
fixed,209771088
fixed,206233670
fixed,207240042
fixed,205804038
fixed,205929538
fixed,205135414
fixed,206074716
fixed,211381974
fixed,206500150
fixed,207603220
fixed,207103430
fixed,207575728
fixed,206754588
fixed,207244230
fixed,205993280
fixed,207874206
fixed,206839198
fixed,206642260
fixed,205458156
fixed,206155944
fixed,211973646
fixed,208337742
fixed,206323654
fixed,206585022
fixed,207439970
fixed,205930626
fixed,206259096
fixed,209061582
fixed,205829540
fixed,205482750
fixed,213669528
fixed,205156748
fixed,207157026
fixed,202167462
fixed,208234450
fixed,206353862
fixed,205304616
fixed,207215522
fixed,203332284
fixed,206906328
fixed,205944754
fixed,201361326
fixed,199636620
fixed,204321364
fixed,203866596
fixed,204550004
fixed,204548098
fixed,204482954
fixed,202857592
fixed,203057124
fixed,203269270
fixed,203042196
fixed,203344060
fixed,200917490
fixed,203520824
fixed,201435054
fixed,200280586
fixed,203690596
fixed,203764568
fixed,200150432
fixed,198316002
fixed,202407078
fixed,206138042
fixed,202100944
fixed,200819036
fixed,205874204
fixed,200978886
fixed,202683274
fixed,202476402
fixed,201232144
fixed,203481724
fixed,201309496
fixed,202741700
fixed,200359062
fixed,201997876
fixed,202063432
fixed,201128066
fixed,201435818
fixed,202943632
fixed,203314414
fixed,201806548
fixed,200073264
fixed,200051096
fixed,199489240
fixed,203737256
fixed,203644470
fixed,201923372
fixed,201441182
fixed,201002856
fixed,199509314
fixed,201593096
fixed,199356242
fixed,197573738
fixed,200895194
fixed,202318142
fixed,202030176
fixed,202920844
fixed,204052062
fixed,204156574
fixed,203621408
fixed,203869512
fixed,203326158
fixed,201782798
fixed,202752744
fixed,200776164
fixed,201227860
fixed,202391446
fixed,203122698
fixed,202356084
fixed,200328308
fixed,204564080
fixed,200301176
fixed,204921688
fixed,203750772
fixed,203699602
fixed,201211358
fixed,202777626
fixed,204043616
fixed,203316004
fixed,203340536
fixed,203070730
fixed,203268116
fixed,203178270
fixed,202050052
fixed,208071890
fixed,207594012
fixed,204271388
fixed,204934006
fixed,202246794
fixed,204930650
fixed,202437646
fixed,199955248
fixed,205567212
fixed,202132434
fixed,201446576
fixed,207447526
fixed,203389436
fixed,202496278
fixed,202524430
fixed,203585288
fixed,203986610
fixed,203703394
fixed,205393628
fixed,203505360
fixed,202934640
fixed,202590978
fixed,204155262
fixed,202954702
fixed,206917644
fixed,203084526
fixed,203525672
fixed,203769970
fixed,207084166
fixed,201993848
fixed,202663860
fixed,202905298
fixed,205150840
fixed,203027698
fixed,203202218
fixed,202360116
fixed,206754078
fixed,202551502
fixed,203390120
fixed,203064438
fixed,205104048
fixed,205300428
fixed,202913176
fixed,202184844
fixed,206253302
fixed,203882076
fixed,202612158
fixed,204639994
fixed,205533672
fixed,202583676
fixed,205615604
fixed,203029868
fixed,203854784
fixed,201940818
fixed,203525216
fixed,202736302
fixed,203461046
fixed,202723978
fixed,208674044
fixed,204081348
fixed,203937044
fixed,204005438
fixed,202159672
fixed,201536974
fixed,202117446
fixed,201431170
fixed,202189630
fixed,203544886
fixed,204130040
fixed,204799214
fixed,203486464
fixed,203497700
fixed,203544132
fixed,201720688
fixed,203160910
fixed,201755368
fixed,202529170
fixed,203222010
fixed,202213986
fixed,203788418
fixed,201816480
fixed,202867442
fixed,201796958
fixed,208980706
fixed,201897754
fixed,201782120
fixed,201707720
fixed,201698570
fixed,202491676
fixed,200984876
fixed,200212964
fixed,200599786
fixed,201904162
fixed,200713624
fixed,201171272
fixed,199631360
fixed,200660220
fixed,203158886
fixed,204079618
fixed,204711822
fixed,202825154
fixed,204911030
fixed,203511880
fixed,201033660
fixed,202309096
fixed,202545872
fixed,205577814
fixed,203639848
fixed,206898786
fixed,201630264
fixed,200738324
fixed,207965648
fixed,202770144
fixed,200205572
fixed,203267804
fixed,201736860
fixed,206453194
fixed,202732762
fixed,202783588
fixed,202379278
fixed,205869922
fixed,201613986
fixed,204608932
fixed,202037884
fixed,201902416
fixed,202860456
fixed,201156728
fixed,201885662
fixed,204004164
fixed,203814582
fixed,203125130
fixed,201601238
fixed,202820584
fixed,205937942
fixed,202015688
fixed,200917814
fixed,201289200
fixed,206205254
fixed,202111932
fixed,202090164
fixed,203782840
fixed,203447534
fixed,200790706
fixed,202650472
fixed,209363510
fixed,205986302
fixed,201738658
fixed,200995662
fixed,206970294
fixed,203290262
fixed,204309256
fixed,203981252
fixed,202394628
fixed,202484060
fixed,204321244
fixed,206382246
fixed,203093938
fixed,202979668
fixed,202101474
fixed,203182168
fixed,202200470
fixed,204172786
fixed,204166762
fixed,205658394
fixed,202228848
fixed,203619246
fixed,202244160
fixed,204198526
fixed,201879858
fixed,202291482
fixed,205357348
fixed,202066694
fixed,203552692
fixed,202507542
fixed,201835938
fixed,202619114
fixed,206522768
fixed,202015286
fixed,203003900
fixed,206366364
fixed,203036774
fixed,207395366
fixed,203741722
fixed,202996526
fixed,200842740
fixed,206517714
fixed,200704914
fixed,202937348
fixed,201452268
fixed,203449520
fixed,205788010
fixed,202026718
fixed,205200284
fixed,203300938
fixed,205482542
fixed,202361856
fixed,203324876
fixed,206397626
fixed,206325232
fixed,207208246
fixed,207091866
fixed,203883790
fixed,210064284
fixed,202445892
fixed,207057456
fixed,212656218
fixed,203092088
fixed,206249066
fixed,213537342
fixed,204253166
fixed,202699342
fixed,204407778
fixed,202844702
fixed,207505988
fixed,204377488
fixed,205494434
fixed,205149736
fixed,203664522
fixed,203715422
fixed,208372704
fixed,206048792
fixed,207744450
fixed,205494478
fixed,206111892
fixed,207798826
fixed,207746312
fixed,206041616
fixed,208993284
fixed,205966202
fixed,204983760
fixed,205285236
fixed,206341986
fixed,204908094
fixed,205722022
fixed,207741720
fixed,207854774
fixed,206189040
fixed,206043040
fixed,208569344
fixed,206785886
fixed,206103646
fixed,205270210
fixed,211225576
fixed,205789200
fixed,206366064
fixed,207075144
fixed,206958528
fixed,206190918
fixed,210330322
fixed,205950274
fixed,207077694
fixed,206396488
fixed,214475450
fixed,207860470
fixed,206904280
fixed,206503958
fixed,205818456
fixed,205774900
fixed,208930766
fixed,205916252
fixed,205597676
fixed,206162024
fixed,210354200
fixed,207968086
fixed,202955036
fixed,201668136
fixed,203859722
fixed,200181564
fixed,198653422
fixed,203452466
fixed,199812186
fixed,196557476
fixed,201869808
fixed,197251934
fixed,199686244
fixed,197396952
fixed,202809202
fixed,198113588
fixed,202144866
fixed,201820666
fixed,201393572
fixed,200652794
fixed,199843432
fixed,197134554
fixed,200127484
fixed,203017702
fixed,198664618
fixed,195962126
fixed,196901498
fixed,201299610
fixed,198781518
fixed,199968688
fixed,207133676
fixed,198185968
fixed,201003102
fixed,199903014
fixed,197041472
fixed,203318524
fixed,204528608
fixed,195691250
fixed,197251648
fixed,200308888
fixed,197699532
fixed,195693926
fixed,197981450
fixed,197497780
fixed,197077034
fixed,202040266
fixed,196270944
fixed,196455516
fixed,198661292
fixed,200723172
fixed,197487204
fixed,199157034
fixed,203054402
fixed,203758950
fixed,201667522
fixed,199935532
fixed,203958494
fixed,197207756
fixed,198810408
fixed,200392158
fixed,202590752
fixed,200807122
fixed,204416124
fixed,205923062
fixed,199817242
fixed,201111980
fixed,200651100
fixed,200631338
fixed,203049860
fixed,198337740
fixed,197416036
fixed,202229914
fixed,199486032
fixed,199248772
fixed,203207704
fixed,203304268
fixed,198668344
fixed,202906800
fixed,204014964
fixed,203379652
fixed,199545052
fixed,201569398
fixed,198243838
fixed,200839758
fixed,199917050
fixed,205480100
fixed,198290116
fixed,199146920
fixed,204210846
fixed,198874530
fixed,199632666
fixed,200259004
fixed,198609002
fixed,201039840
fixed,201963442
fixed,203708932
fixed,203086138
fixed,200525686
fixed,201954446
fixed,204628344
fixed,201908274
fixed,200392104
fixed,201009580
fixed,203456926
fixed,200520586
fixed,203379650
fixed,202186726
fixed,204961178
fixed,203225172
fixed,203240240
fixed,197501582
fixed,200573662
fixed,201372002
fixed,199945226
fixed,198688186
fixed,198459384
fixed,198908220
fixed,198655200
fixed,202502076
fixed,200548636
fixed,197604214
fixed,196969504
fixed,199049966
fixed,199259872
fixed,199158270
fixed,201439526
fixed,200154602
fixed,200147672
fixed,201727396
fixed,201138482
fixed,203465404
fixed,203987212
fixed,203105134
fixed,202821786
fixed,203009048
fixed,203683152
fixed,199364294
fixed,200657122
fixed,202048308
fixed,201755882
fixed,203305628
fixed,201686670
fixed,202446224
fixed,207524216
fixed,201554648
fixed,201395064
fixed,202041192
fixed,201337408
fixed,202254304
fixed,204088190
fixed,203080082
fixed,202209990
fixed,204445494
fixed,200946246
fixed,201938164
fixed,205728780
fixed,202892156
fixed,199169044
fixed,201791018
fixed,204714930
fixed,202946474
fixed,202789074
fixed,205138976
fixed,202847490
fixed,203065192
fixed,201010740
fixed,200415894
fixed,202946304
fixed,202332602
fixed,201762222
fixed,202018672
fixed,201108502
fixed,205840592
fixed,200945288
fixed,200575042
fixed,201828888
fixed,204558486
fixed,202231442
fixed,200637890
fixed,203618354
fixed,201749900
fixed,202002974
fixed,205200462
fixed,203090460
fixed,202164086
fixed,201802664
fixed,203542764
fixed,202064180
fixed,202729798
fixed,202191752
fixed,203897566
fixed,204409548
fixed,203071090
fixed,203187112
fixed,202272546
fixed,201825248
fixed,201577664
fixed,201042316
fixed,204518104
fixed,204495328
fixed,201816858
fixed,200264042
fixed,204544608
fixed,199786994
fixed,205863116
fixed,204087588
fixed,203556762
fixed,204031438
fixed,200575868
fixed,201483836
fixed,205567114
fixed,202230666
fixed,201860772
fixed,203087186
fixed,204171346
fixed,200019188
fixed,203547452
fixed,202918710
fixed,203315458
fixed,198073460
fixed,201481894
fixed,198566412
fixed,202347684
fixed,199992092
fixed,199673864
fixed,198648246
fixed,198605948
fixed,198341564
fixed,198081740
fixed,199524494
fixed,199334126
fixed,197726510
fixed,199903086
fixed,198533278
fixed,201777926
fixed,204465060
fixed,199909330
fixed,200622802
fixed,200210000
fixed,201571660
fixed,197493574
fixed,199047218
fixed,199540234
fixed,201298548
fixed,202924384
fixed,197962500
fixed,201529232
fixed,198552680
fixed,199384774
fixed,200087138
fixed,201588328
fixed,199557524
fixed,199342000
fixed,205226228
fixed,202987150
fixed,206605206
fixed,205029874
fixed,205712192
fixed,206253544
fixed,205553618
fixed,205482450
fixed,203078920
fixed,207197996
fixed,205600700
fixed,211372750
fixed,204680676
fixed,203643340
fixed,205810914
fixed,204581920
fixed,202608650
fixed,205031920
fixed,206656202
fixed,202668860
fixed,203015314
fixed,203848038
fixed,203529894
fixed,206415422
fixed,205488690
fixed,204334228
fixed,205910016
fixed,206017678
fixed,203229218
fixed,205045332
fixed,203994900
fixed,202249972
fixed,204822658
fixed,205401704
fixed,205714166
fixed,207470426
fixed,209269664
fixed,205631996
fixed,207240412
fixed,203591716
fixed,204988966
fixed,206702610
fixed,206497576
fixed,207054044
fixed,206025988
fixed,206591462
fixed,205206806
fixed,206428586
fixed,206507226
fixed,205725754
fixed,205816092
fixed,205524688
fixed,205100748
fixed,204975428
fixed,206333614
fixed,206680776
fixed,207361362
fixed,205667492
fixed,205697662
fixed,205905542
fixed,205568570
fixed,207001598
fixed,207863566
fixed,208323212
fixed,206556230
fixed,206866074
fixed,212768968
fixed,205630988
fixed,207415366
fixed,206544756
fixed,206253530
fixed,203800998
fixed,201360984
fixed,206381540
fixed,206123328
fixed,205458910
fixed,206277674
fixed,205053062
fixed,205208122
fixed,202241146
fixed,202612478
fixed,204391330
fixed,204242846
fixed,203311580
fixed,201568008
fixed,202150422
fixed,199386550
fixed,200145202
fixed,202578226
fixed,200792012
fixed,202516190
fixed,202027858
fixed,201743530
fixed,201531658
fixed,201258710
fixed,203879942
fixed,201973762
fixed,201880174
fixed,201955982
fixed,202017890
fixed,201198562
fixed,201560660
fixed,201249984
fixed,201320226
fixed,200560658
fixed,202215078
fixed,200665708
fixed,199793082
fixed,201689360
fixed,200906846
fixed,200760284
fixed,201226082
fixed,200615512
fixed,200750774
fixed,200017262
fixed,202631354
fixed,201519698
fixed,199225816
fixed,202167360
fixed,199997654
fixed,202457726
fixed,203425322
fixed,202287688
fixed,203182700
fixed,201698918
fixed,204393920
fixed,202692330
fixed,203042228
fixed,203434112
fixed,203558624
fixed,202204690
fixed,201970316
fixed,204196584
fixed,201747890
fixed,202959722
fixed,204740308
fixed,203133386
fixed,203402766
fixed,202644638
fixed,203684150
fixed,202883988
fixed,201964312
fixed,200204864
fixed,200808676
fixed,200074608
fixed,200727378
fixed,201180840
fixed,204252488
fixed,203004448
fixed,201059058
fixed,200761700
fixed,201127866
fixed,202823990
fixed,203006734
fixed,201372504
fixed,201734772
fixed,201208888
fixed,201510844
fixed,198649512
fixed,200612778
fixed,200810998
fixed,204517612
fixed,204003502
fixed,201513822
fixed,202948218
fixed,200630620
fixed,201246114
fixed,198926136
fixed,202450356
fixed,200986026
fixed,200235906
fixed,202846424
fixed,202751190
fixed,201037046
fixed,200528294
fixed,201246452
fixed,202296726
fixed,203612080
fixed,201304836
fixed,203117120
fixed,204069584
fixed,202867470
fixed,201595054
fixed,200982896
fixed,204566494
fixed,202188820
fixed,203346688
fixed,206341156
fixed,201114166
fixed,202972722
fixed,202222778
fixed,204259914
fixed,202427566
fixed,203905728
fixed,206427986
fixed,201430400
fixed,203423860
fixed,201850718
fixed,203899888
fixed,202942806
fixed,203507678
fixed,202835578
fixed,199942064
fixed,202635006
fixed,202810564
fixed,202224368
fixed,204605022
fixed,202079844
fixed,202035996
fixed,202011122
fixed,202707376
fixed,203454904
fixed,201637830
fixed,202949760
fixed,201735070
fixed,200263652
fixed,201263332
fixed,202472366
fixed,202032716
fixed,203516484
fixed,201188932
fixed,203753488
fixed,200056718
fixed,202060484
fixed,203393612
fixed,202580252
fixed,202390376
fixed,203075178
fixed,203666368
fixed,201499106
fixed,200992804
fixed,199786780
fixed,202834476
fixed,204298136
fixed,203372602
fixed,200267080
fixed,203502868
fixed,203444274
fixed,200149670
fixed,200595062
fixed,200988134
fixed,201622242
fixed,202740626
fixed,202533514
fixed,203223914
fixed,202450974
fixed,205483842
fixed,205929590
fixed,206627582
fixed,202201656
fixed,204684450
fixed,201307536
fixed,202887434
fixed,202049766
fixed,203668638
fixed,202073984
fixed,203077588
fixed,202706164
fixed,205018042
fixed,203022196
fixed,202945440
fixed,203469320
fixed,204154948
fixed,207044434
fixed,200039422
fixed,200229742
fixed,200225298
fixed,201446118
fixed,204649580
fixed,202008578
fixed,199619810
fixed,200749716
fixed,201669094
fixed,201826736
fixed,201720252
fixed,201183338
fixed,203492586
fixed,202704000
fixed,203373424
fixed,203911832
fixed,202742574
fixed,202177498
fixed,202354056
fixed,201479856
fixed,201015628
fixed,203185966
fixed,203778906
fixed,203120040
fixed,201158746
fixed,204229708
fixed,207578116
fixed,202414138
fixed,204081004
fixed,202676270
fixed,202356620
fixed,206092210
fixed,201755604
fixed,201298420
fixed,202273778
fixed,203009630
fixed,202583608
fixed,203764292
fixed,204393508
fixed,201995344
fixed,203041058
fixed,201039710
fixed,204070544
fixed,202202366
fixed,202212008
fixed,204758014
fixed,204027936
fixed,207562532
fixed,204481976
fixed,204707306
fixed,206435068
fixed,204451150
fixed,204386306
fixed,203384508
fixed,204270422
fixed,203685350
fixed,205931060
fixed,204313426
fixed,204379434
fixed,204576078
fixed,207009012
fixed,203261368
fixed,204653648
fixed,207942652
fixed,202615786
fixed,201449668
fixed,202153212
fixed,203150664
fixed,203354744
fixed,204120734
fixed,200835974
fixed,200985044
fixed,204587604
fixed,202877682
fixed,204699400
fixed,203511484
fixed,205485316
fixed,203996834
fixed,203470808
fixed,203442116
fixed,205259614
fixed,202067496
fixed,203938588
fixed,202068502
fixed,203560056
fixed,203378306
fixed,202496744
fixed,202056140
fixed,201563984
fixed,203618670
fixed,202761906
fixed,201247710
fixed,203412708
fixed,203185732
fixed,201650660
fixed,205016216
fixed,204628582
fixed,204428056
fixed,204559346
fixed,206335100
fixed,207897164
fixed,208476372
fixed,204312328
fixed,204042452
fixed,207929576
fixed,206116464
fixed,207938486
fixed,209697192
fixed,204716138
fixed,205705946
fixed,206317820
fixed,204675310
fixed,208161344
fixed,205890710
fixed,206215610
fixed,203919022
fixed,203341070
fixed,204611596
fixed,204730962
fixed,204444586
fixed,207305254
fixed,206790256
fixed,206553866
fixed,207105454
fixed,205907912
fixed,203871306
fixed,204779708
fixed,205779638
fixed,206341478
fixed,207894230
fixed,206227094
fixed,206444514
fixed,207385326
fixed,206318794
fixed,207476784
fixed,205651182
fixed,205804000
fixed,208924338
fixed,205511798
fixed,206043562
fixed,205078608
fixed,202994326
fixed,206507648
fixed,209578510
fixed,209895852
fixed,206385638
fixed,206120474
fixed,206680314
fixed,207741746
fixed,206858394
fixed,206106860
fixed,205413798
fixed,205154378
fixed,205074748
fixed,206784692
fixed,206437884
fixed,206703162
fixed,207261140
fixed,206646896
fixed,208656966
fixed,205579730
fixed,205326000
fixed,204452792
fixed,202862558
fixed,203282052
fixed,205899106
fixed,206440236
fixed,206321610
fixed,205930676
fixed,207039038
fixed,204906594
fixed,201444406
fixed,202668092
fixed,202069006
fixed,204658090
fixed,206575410
fixed,205150848
fixed,199156790
fixed,201929662
fixed,203270026
fixed,200293800
fixed,201036652
fixed,198724038
fixed,204603784
fixed,197541162
fixed,197933372
fixed,200349758
fixed,199823886
fixed,204115950
fixed,198500368
fixed,200365898
fixed,200594136
fixed,199039288
fixed,202553068
fixed,203455306
fixed,202663392
fixed,202117124
fixed,202062032
fixed,202473720
fixed,202363620
fixed,203466004
fixed,201690120
fixed,200437666
fixed,202195742
fixed,199608610
fixed,200414250
fixed,193769216
fixed,199806348
fixed,196708992
fixed,198372648
fixed,201554424
fixed,201375250
fixed,202259084
fixed,199806456
fixed,202944240
fixed,198755172
fixed,201592608
fixed,201751446
fixed,198165574
fixed,199787144
fixed,199713656
fixed,198514948
fixed,201045012
fixed,201152006
fixed,202438572
fixed,200003984
fixed,200198260
fixed,201247804
fixed,200652172
fixed,200089462
fixed,200024526
fixed,197176598
fixed,201231176
fixed,199595224
fixed,201151558
fixed,200736308
fixed,200476730
fixed,200746062
fixed,198248458
fixed,194846320
fixed,199262594
fixed,200347304
fixed,199311368
fixed,199141234
fixed,200471138
fixed,198164950
fixed,199636900
fixed,204607858
fixed,200487188
fixed,204198572
fixed,203484360
fixed,200968106
fixed,204947886
fixed,204537492
fixed,199350054
fixed,202180112
fixed,205724742
fixed,202739762
fixed,204057980
fixed,205483130
fixed,200513892
fixed,201469666
fixed,201997230
fixed,201276256
fixed,204987720
fixed,199742534
fixed,203300932
fixed,199532488
fixed,200376964
fixed,205580574
fixed,203150930
fixed,203388406
fixed,201416162
fixed,200688116
fixed,201589982
fixed,203866832
fixed,202926812
fixed,201737800
fixed,201711172
fixed,202969722
fixed,203357444
fixed,206783046
fixed,202357394
fixed,200620064
fixed,203543988
fixed,204813146
fixed,203202580
fixed,204019520
fixed,204365496
fixed,203594036
fixed,203428220
fixed,203309248
fixed,205890190
fixed,201069390
fixed,201136158
fixed,203302724
fixed,203245876
fixed,203059450
fixed,201260098
fixed,204045500
fixed,202657914
fixed,206986398
fixed,203607792
fixed,204571012
fixed,203734108
fixed,201405234
fixed,204511538
fixed,201283710
fixed,198964674
fixed,205039736
fixed,204438202
fixed,200740198
fixed,199275156
fixed,198723744
fixed,201360950
fixed,201563038
fixed,199344168
fixed,201766258
fixed,201231808
fixed,200622580
fixed,201233412
fixed,200329350
fixed,200938514
fixed,205272030
fixed,197630796
fixed,204704130
fixed,201237538
fixed,201869396
fixed,201196330
fixed,203310430
fixed,201608320
fixed,203693674
fixed,201048148
fixed,200332042
fixed,199508520
fixed,201239442
fixed,199739174
fixed,199806256
fixed,198915110
fixed,201128630
fixed,201232150
fixed,203815784
fixed,199270712
fixed,202983164
fixed,202017792
fixed,201831970
fixed,200296440
fixed,200240982
fixed,200230320
fixed,202772602
fixed,202133952
fixed,200205314
fixed,201472530
fixed,197870696
fixed,202993528
fixed,200868344
fixed,200749944
fixed,201486570
fixed,200160348
fixed,199705698
fixed,200828460
fixed,199695272
fixed,201620662
fixed,201443020
fixed,198082192
fixed,202828228
fixed,199055860
fixed,201816080
fixed,200637386
fixed,199332388
fixed,195817742
fixed,201172720
fixed,198172006
fixed,201405912
fixed,201044160
fixed,198687246
fixed,197830960
fixed,199911498
fixed,199405310
fixed,200644910
fixed,197047562
fixed,200195348
fixed,197246690
fixed,200535598
fixed,197388960
fixed,198957756
fixed,205828378
fixed,198299838
fixed,203130856
fixed,200306098
fixed,203969468
fixed,199847862
fixed,198732676
fixed,196807094
fixed,201556600
fixed,201779696
fixed,198519966
fixed,199586946
fixed,200421778
fixed,201478992
fixed,201143462
fixed,204363294
fixed,199703134
fixed,200333466
fixed,198455090
fixed,197113216
fixed,197412376
fixed,199795988
fixed,199344180
fixed,201969890
fixed,200001998
fixed,199973202
fixed,197298818
fixed,200461196
fixed,198372860
fixed,203554252
fixed,200893626
fixed,202740640
fixed,200442136
fixed,203733870
fixed,199931342
fixed,196078204
fixed,200130864
fixed,200154998
fixed,201607404
fixed,200142580
fixed,198820300
fixed,200108480
fixed,202815736
fixed,200329236
fixed,199961820
fixed,199279824
fixed,206820638
fixed,201356848
fixed,200374916
fixed,201192600
fixed,198895976
fixed,199610372
fixed,197446460
fixed,206909724
fixed,203709946
fixed,202543552
fixed,201176486
fixed,203883504
fixed,203359276
fixed,205394852
fixed,204948002
fixed,205816164
fixed,203303920
fixed,203721166
fixed,202207852
fixed,203246124
fixed,205117134
fixed,204541338
fixed,202016878
fixed,204223490
fixed,203652526
fixed,206523210
fixed,206223032
fixed,209327716
fixed,208500478
fixed,202172520
fixed,204415714
fixed,204016052
fixed,207205876
fixed,206084494
fixed,206565330
fixed,208262638
fixed,205534826
fixed,208674942
fixed,205134788
fixed,205821046
fixed,205308228
fixed,208957734
fixed,205968698
fixed,205916092
fixed,205740354
fixed,208078048
fixed,205563446
fixed,205369372
fixed,205669502
fixed,205533718
fixed,207728958
fixed,205313470
fixed,204962694
fixed,204932888
fixed,207121922
fixed,205730880
fixed,205640820
fixed,206132586
fixed,207867280
fixed,207876136
fixed,205784574
fixed,208974962
fixed,238320148
fixed,237195902
fixed,206265732
fixed,207491268
fixed,205682732
fixed,207907706
fixed,219411434
fixed,203844104
fixed,207552510
fixed,212129400
fixed,240298004
fixed,231267402
fixed,206198330
fixed,204870230
fixed,202432234
fixed,202609530
fixed,205501092
fixed,203460972
fixed,198594230
fixed,202198230
fixed,199829578
fixed,196914848
fixed,197314496
fixed,199820836
fixed,195600062
fixed,197208244
fixed,199051452
fixed,196226234
fixed,202401494
fixed,201844008
fixed,200550404
fixed,197205286
fixed,200048282
fixed,198650602
fixed,199120150
fixed,198108604
fixed,198456426
fixed,200085172
fixed,196794986
fixed,198760776
fixed,198756308
fixed,197987114
fixed,199256364
fixed,198230506
fixed,197733422
fixed,197757628
fixed,200401824
fixed,199061480
fixed,198149012
fixed,200970764
fixed,199292482
fixed,198761814
fixed,198752946
fixed,198282234
fixed,199133722
fixed,198963322
fixed,197172346
fixed,199523816
fixed,201338208
fixed,200923090
fixed,198249226
fixed,199214488
fixed,200533452
fixed,198860184
fixed,202199512
fixed,202025456
fixed,201176660
fixed,198824586
fixed,200035646
fixed,200204058
fixed,199606648
fixed,198923924
fixed,199559670
fixed,200321552
fixed,196217014
fixed,199905606
fixed,198816818
fixed,196767796
fixed,198781956
fixed,201350646
fixed,199136616
fixed,197154638
fixed,198608832
fixed,199050234
fixed,199097246
fixed,200309372
fixed,200166372
fixed,200735032
fixed,199856434
fixed,200968334
fixed,204768390
fixed,198065928
fixed,200125444
fixed,199950626
fixed,200269972
fixed,201895362
fixed,198664406
fixed,199251896
fixed,199573966
fixed,201507574
fixed,198166708
fixed,198131982
fixed,198550064
fixed,199515648
fixed,197317488
fixed,200257622
fixed,198050936
fixed,199422794
fixed,200378690
fixed,199695422
fixed,201826014
fixed,199363142
fixed,199612034
fixed,201018146
fixed,199574824
fixed,198667142
fixed,198739278
fixed,200074344
fixed,200267434
fixed,198655072
fixed,198123976
fixed,201042072
fixed,199404828
fixed,200956946
fixed,200823820
fixed,202092842
fixed,201901460
fixed,201505026
fixed,201879610
fixed,201400204
fixed,201496080
fixed,201146858
fixed,198226376
fixed,204118348
fixed,198449004
fixed,200053236
fixed,203712210
fixed,199651936
fixed,199067410
fixed,197369048
fixed,194006984
fixed,201457040
fixed,199172876
fixed,201728364
fixed,197991062
fixed,199571712
fixed,198709412
fixed,199307146
fixed,203902444
fixed,201034246
fixed,200389598
fixed,200922046
fixed,199637712
fixed,200123708
fixed,199119808
fixed,200797762
fixed,198441020
fixed,203614756
fixed,197319454
fixed,201779000
fixed,202219030
fixed,198856356
fixed,201070696
fixed,203027680
fixed,203148060
fixed,202428366
fixed,201551668
fixed,203386704
fixed,203887270
fixed,201293668
fixed,199595942
fixed,201302118
fixed,202724814
fixed,203655516
fixed,202991082
fixed,204581510
fixed,205052990
fixed,202496388
fixed,204685802
fixed,202990414
fixed,202390578
fixed,202416070
fixed,202874126
fixed,203260414
fixed,201870010
fixed,202092200
fixed,201715216
fixed,203396314
fixed,203847428
fixed,202047550
fixed,200933394
fixed,202693804
fixed,200957728
fixed,205690280
fixed,202225826
fixed,198744262
fixed,205791976
fixed,199669222
fixed,200552708
fixed,200028188
fixed,203417136
fixed,204845546
fixed,202460106
fixed,201001464
fixed,204785980
fixed,200733030
fixed,202796028
fixed,202275770
fixed,201623872
fixed,201178870
fixed,203585600
fixed,199708616
fixed,201438604
fixed,203691062
fixed,200251422
fixed,202358262
fixed,201654608
fixed,201381042
fixed,204214230
fixed,202076308
fixed,198827020
fixed,201120410
fixed,202016368
fixed,202183004
fixed,202061962
fixed,200552422
fixed,200750254
fixed,202794130
fixed,203914302
fixed,198339902
fixed,202031278
fixed,200098872
fixed,198908624
fixed,200416808
fixed,202323694
fixed,202357824
fixed,198212974
fixed,203141904
fixed,199681760
fixed,203586966
fixed,202699808
fixed,205334076
fixed,200953290
fixed,201844698
fixed,203241552
fixed,202387600
fixed,201100786
fixed,202951684
fixed,201270006
fixed,201947948
fixed,200857444
fixed,201718202
fixed,203916594
fixed,202668086
fixed,202466594
fixed,200526216
fixed,201400494
fixed,200727572
fixed,201177354
fixed,204191938
fixed,200624100
fixed,201355276
fixed,201149580
fixed,205125544
fixed,203708838
fixed,205075190
fixed,201280420
fixed,204534998
fixed,201131138
fixed,201789254
fixed,202269442
fixed,201845172
fixed,208878928
fixed,202145692
fixed,201810362
fixed,200698740
fixed,202830910
fixed,200952316
fixed,202637210
fixed,199265778
fixed,200581458
fixed,199740106
fixed,203186182
fixed,202850084
fixed,200756598
fixed,205825256
fixed,202908888
fixed,202423842
fixed,203063492
fixed,202259404
fixed,209212498
fixed,200886548
fixed,202163842
fixed,202179664
fixed,203772674
fixed,202557724
fixed,205109636
fixed,205293742
fixed,218813070
fixed,218692254
fixed,202365824
fixed,201139752
fixed,201343030
fixed,205531504
fixed,205872534
fixed,206666536
fixed,205436930
fixed,205406600
fixed,206482136
fixed,205663236
fixed,208977928
fixed,208492064
fixed,210007874
fixed,207894338
fixed,203867222
fixed,205346622
fixed,205806718
fixed,207473826
fixed,203792368
fixed,203957064
fixed,205375886
fixed,206187692
fixed,206478178
fixed,204865384
fixed,204394050
fixed,204726720
fixed,206701132
fixed,206511454
fixed,205382270
fixed,203583968
fixed,207243844
fixed,211848792
fixed,205710690
fixed,204034152
fixed,203501664
fixed,217576212
fixed,206534408
fixed,227858902
fixed,201822440
fixed,203171846
fixed,204685426
fixed,204891222
fixed,244284864
fixed,223969510
fixed,205214530
fixed,208249386
fixed,205427600
fixed,207443944
fixed,208512642
fixed,206008950
fixed,207137674
fixed,205784112
fixed,205705450
fixed,205324480
fixed,205931600
fixed,205809340
fixed,204905424
fixed,205380718
fixed,208410104
fixed,205843030
fixed,206868578
fixed,205916522
fixed,205779426
fixed,206999892
fixed,205790414
fixed,205391062
fixed,205983598
fixed,207036366
fixed,206500730
fixed,209070498
fixed,206599374
fixed,206323010
fixed,205888464
fixed,201546592
fixed,204849352
fixed,205536520
fixed,204639856
fixed,206080424
fixed,204528302
fixed,205330950
fixed,202719046
fixed,204223668
fixed,203666000
fixed,208382506
fixed,203607466
fixed,205106718
fixed,201769884
fixed,203492872
fixed,203158548
fixed,209490572
fixed,201689468
fixed,206800408
fixed,202756420
fixed,202158436
fixed,202525076
fixed,202294900
fixed,201563390
fixed,202924622
fixed,201173164
fixed,199895154
fixed,198855182
fixed,197658406
fixed,196618588
fixed,201759994
fixed,198258790
fixed,198162226
fixed,203744614
fixed,200145844
fixed,197963714
fixed,200969982
fixed,201027558
fixed,199960230
fixed,200157762
fixed,203444718
fixed,203689408
fixed,201870244
fixed,199371992
fixed,204259470
fixed,202303798
fixed,200169030
fixed,203309718
fixed,202696052
fixed,204284280
fixed,201880652
fixed,204989428
fixed,201839750
fixed,202171098
fixed,199613410
fixed,203480336
fixed,202537740
fixed,203179206
fixed,201569980
fixed,201594046
fixed,203126750
fixed,199805760
fixed,201402546
fixed,201888140
fixed,202376152
fixed,205214126
fixed,206109548
fixed,203032198
fixed,203193572
fixed,204738236
fixed,201468676
fixed,204369016
fixed,202959688
fixed,202959438
fixed,201161762
fixed,203456758
fixed,200343738
fixed,205612076
fixed,202556404
fixed,203361208
fixed,202832892
fixed,202685052
fixed,203010088
fixed,202214488
fixed,202271700
fixed,206278902
fixed,200891882
fixed,203449716
fixed,203749034
fixed,202789140
fixed,205231178
fixed,201234624
fixed,202730130
fixed,203308584
fixed,204749988
fixed,203834358
fixed,204479348
fixed,203835514
fixed,203258834
fixed,203149864
fixed,206059382
fixed,203205116
fixed,207409938
fixed,199755698
fixed,201968924
fixed,200457924
fixed,201278134
fixed,198213086
fixed,202393876
fixed,200260750
fixed,206720808
fixed,202033664
fixed,202325014
fixed,200984314
fixed,200600202
fixed,206463788
fixed,204258832
fixed,202519194
fixed,200977174
fixed,212643264
fixed,202962310
fixed,203563606
fixed,203314982
fixed,203455274
fixed,202011120
fixed,201081230
fixed,207893150
fixed,202590962
fixed,201779654
fixed,201532682
fixed,201797790
fixed,198628866
fixed,202708990
fixed,206816024
fixed,201668852
fixed,199293220
fixed,202747482
fixed,203260410
fixed,200830248
fixed,205001826
fixed,202937722
fixed,203992302
fixed,202068758
fixed,200707490
fixed,205370550
fixed,201865764
fixed,200697902
fixed,203358678
fixed,203302712
fixed,203405976
fixed,201682104
fixed,201332808
fixed,202614094
fixed,205783348
fixed,201080802
fixed,201326408
fixed,200379262
fixed,203861228
fixed,204042278
fixed,203348058
fixed,204398238
fixed,205010824
fixed,199891028
fixed,202285058
fixed,201016064
fixed,205431230
fixed,203961788
fixed,205021540
fixed,204582950
fixed,203223500
fixed,197475356
fixed,199274818
fixed,201980300
fixed,199020868
fixed,198955804
fixed,204889958
fixed,203181054
fixed,206032912
fixed,196590128
fixed,201310000
fixed,201926474
fixed,203315002
fixed,202865630
fixed,203281794
fixed,204118264
fixed,203470080
fixed,202056148
fixed,201112350
fixed,204195388
fixed,200459960
fixed,201538448
fixed,200398228
fixed,204592306
fixed,201853004
fixed,199230222
fixed,201578684
fixed,200891846
fixed,201276708
fixed,200944512
fixed,202437268
fixed,199390868
fixed,201435466
fixed,201617912
fixed,199462924
fixed,202108476
fixed,202033772
fixed,202017356
fixed,200897170
fixed,200390980
fixed,201075902
fixed,204632934
fixed,200297506
fixed,200865304
fixed,199611996
fixed,201336646
fixed,201562832
fixed,200087990
fixed,205869732
fixed,203743904
fixed,200554682
fixed,200519268
fixed,204133650
fixed,200407046
fixed,200522870
fixed,204435290
fixed,203590154
fixed,204437306
fixed,205622214
fixed,201629612
fixed,201832672
fixed,201720196
fixed,202049564
fixed,202061814
fixed,202344666
fixed,201463094
fixed,198993118
fixed,198654994
fixed,203334738
fixed,199303790
fixed,199373620
fixed,202113044
fixed,201239768
fixed,201993892
fixed,199494596
fixed,202301104
fixed,200713570
fixed,205002140
fixed,205101828
fixed,204844214
fixed,203428930
fixed,202578746
fixed,203407134
fixed,201575258
fixed,203100982
fixed,201661002
fixed,202280294
fixed,202330716
fixed,202389790
fixed,203290182
fixed,202468006
fixed,200785982
fixed,203225796
fixed,200531302
fixed,204069708
fixed,203766002
fixed,199790108
fixed,203033232
fixed,198250846
fixed,201714206
fixed,201155272
fixed,200579624
fixed,203011734
fixed,200927206
fixed,203608052
fixed,197287396
fixed,194972998
fixed,198887228
fixed,199658754
fixed,201971312
fixed,202791622
fixed,200548268
fixed,199890666
fixed,201110420
fixed,203614266
fixed,204693328
fixed,205412936
fixed,200577194
fixed,204558912
fixed,204323618
fixed,203194576
fixed,205495648
fixed,204160182
fixed,206050238
fixed,205841152
fixed,208705856
fixed,205714194
fixed,204306634
fixed,205354782
fixed,205885656
fixed,206277700
fixed,208827460
fixed,208772902
fixed,203152318
fixed,204453184
fixed,204623734
fixed,205123204
fixed,205359854
fixed,198738526
fixed,202209240
fixed,202916700
fixed,205645536
fixed,206542238
fixed,205611206
fixed,212446610
fixed,206403516
fixed,209137558
fixed,206935156
fixed,205510240
fixed,208390024
fixed,206426144
fixed,204149210
fixed,202756306
fixed,200477122
fixed,207026338
fixed,206217144
fixed,205028922
fixed,209993326
fixed,205835674
fixed,205669868
fixed,207220690
fixed,205187652
fixed,210079266
fixed,207325274
fixed,207616622
fixed,206520018
fixed,209655022
fixed,207837888
fixed,208302416
fixed,207113450
fixed,208578868
fixed,209988356
fixed,208874676
fixed,208443470
fixed,209862984
fixed,206885578
fixed,205669240
fixed,208646940
fixed,207435010
fixed,206429698
fixed,206067970
fixed,206854982
fixed,209532494
fixed,206459236
fixed,205424358
fixed,207873986
fixed,207565042
fixed,205678794
fixed,205454290
fixed,204795596
fixed,205410150
fixed,206555896
fixed,208873736
fixed,204222258
fixed,205316346
fixed,209529984
fixed,201571434
fixed,204813458
fixed,204219196
fixed,206522350
fixed,202793288
fixed,202021078
fixed,205088338
fixed,202940926
fixed,201184554
fixed,202209182
fixed,201168268
fixed,200393472
fixed,200611370
fixed,201803172
fixed,201441510
fixed,201577738
fixed,200322004
fixed,201248454
fixed,201444104
fixed,203917726
fixed,201698680
fixed,202342342
fixed,202890848
fixed,203231170
fixed,203045864
fixed,202650622
fixed,203046974
fixed,201591070
fixed,203795656
fixed,202589592
fixed,202701902
fixed,203821830
fixed,202522518
fixed,200896912
fixed,200407512
fixed,202398568
fixed,201527128
fixed,200281634
fixed,199984402
fixed,202240178
fixed,199585752
fixed,200503294
fixed,199874480
fixed,200486182
fixed,200834518
fixed,198329828
fixed,201365400
fixed,203451368
fixed,203772000
fixed,201621920
fixed,206465300
fixed,203911838
fixed,204807870
fixed,204630042
fixed,204049310
fixed,205252010
fixed,204305636
fixed,201876140
fixed,202794424
fixed,204305256
fixed,205143984
fixed,204976054
fixed,204538902
fixed,204708734
fixed,204879480
fixed,205636446
fixed,204750230
fixed,201909910
fixed,203772560
fixed,205512282
fixed,206754982
fixed,204920510
fixed,203000142
fixed,204680454
fixed,204715744
fixed,204409386
fixed,206181430
fixed,204011628
fixed,206297234
fixed,203537026
fixed,204419988
fixed,204344334
fixed,204943396
fixed,204825082
fixed,206952378
fixed,204580066
fixed,202806214
fixed,204333378
fixed,203450674
fixed,201631078
fixed,203470270
fixed,202212786
fixed,206009818
fixed,204876046
fixed,201970600
fixed,205259672
fixed,202777906
fixed,203835648
fixed,201516072
fixed,201816230
fixed,203041036
fixed,202507266
fixed,203309540
fixed,202244156
fixed,203645058
fixed,206904248
fixed,203384990
fixed,204041966
fixed,206292970
fixed,203407630
fixed,203309036
fixed,209942394
fixed,203879784
fixed,201395516
fixed,201503026
fixed,201419974
fixed,199985544
fixed,201632538
fixed,202443344
fixed,206334782
fixed,204089016
fixed,202732120
fixed,207807386
fixed,204796226
fixed,203332678
fixed,204124922
fixed,205269572
fixed,205988984
fixed,203549530
fixed,203581136
fixed,205507562
fixed,201207844
fixed,203558306
fixed,203777494
fixed,202891622
fixed,201670148
fixed,208696782
fixed,202168088
fixed,203354768
fixed,203391836
fixed,200514822
fixed,200944432
fixed,202090500
fixed,201277022
fixed,202789026
fixed,203120482
fixed,204169064
fixed,204087612
fixed,201223508
fixed,201130500
fixed,201618130
fixed,203579920
fixed,202156382
fixed,200581450
fixed,203075336
fixed,204374860
fixed,203861336
fixed,206895532
fixed,202724454
fixed,205170472
fixed,203234442
fixed,201504238
fixed,206372852
fixed,202719798
fixed,202039238
fixed,200608384
fixed,204501204
fixed,203372550
fixed,204784754
fixed,203060054
fixed,203428754
fixed,204638924
fixed,203027406
fixed,205911560
fixed,204273438
fixed,203385254
fixed,203382110
fixed,203686620
fixed,202255324
fixed,201621264
fixed,204450024
fixed,203436864
fixed,202942748
fixed,202219002
fixed,203179858
fixed,203992912
fixed,203903732
fixed,202434276
fixed,202111718
fixed,202585170
fixed,200780658
fixed,204053730
fixed,203577780
fixed,204287446
fixed,202085776
fixed,202485138
fixed,200760138
fixed,203110298
fixed,202156670
fixed,202824588
fixed,203017064
fixed,202227578
fixed,201360114
fixed,202199548
fixed,202571480
fixed,204094898
fixed,202100744
fixed,204211686
fixed,203037454
fixed,203503718
fixed,203977084
fixed,202025214
fixed,201630052
fixed,203796676
fixed,202743974
fixed,204514744
fixed,203283518
fixed,204079342
fixed,204312790
fixed,204549384
fixed,204308588
fixed,203091476
fixed,202885030
fixed,206437418
fixed,203942346
fixed,203391980
fixed,205900450
fixed,202852406
fixed,204385254
fixed,201030114
fixed,206967982
fixed,203937462
fixed,206561644
fixed,205049424
fixed,203812942
fixed,203269780
fixed,203464158
fixed,203532660
fixed,203508564
fixed,204655100
fixed,203037686
fixed,206186922
fixed,204901676
fixed,202269820
fixed,203871396
fixed,206238292
fixed,201774552
fixed,203738298
fixed,201165876
fixed,204472992
fixed,203817806
fixed,201990130
fixed,205063198
fixed,201074672
fixed,202217454
fixed,204748126
fixed,202404740
fixed,200837488
fixed,203108362
fixed,201218698
fixed,205247708
fixed,202636472
fixed,203973532
fixed,205473544
fixed,202784826
fixed,204628664
fixed,202213756
fixed,202024468
fixed,202190996
fixed,202486680
fixed,203534042
fixed,206695850
fixed,204240064
fixed,203255080
fixed,201458932
fixed,207220498
fixed,200646928
fixed,204011286
fixed,204310528
fixed,209626956
fixed,202117392
fixed,202037560
fixed,202669970
fixed,203791810
fixed,202734210
fixed,204139674
fixed,203387040
fixed,203083376
fixed,204051056
fixed,206560578
fixed,204221140
fixed,206554436
fixed,204631014
fixed,205042342
fixed,205108628
fixed,204250746
fixed,203602102
fixed,204750630
fixed,207475770
fixed,208791968
fixed,208823214
fixed,206107448
fixed,206493024
fixed,207112300
fixed,205365510
fixed,205619492
fixed,206064724
fixed,206446296
fixed,206199148
fixed,206095194
fixed,205355816
fixed,205249150
fixed,204616564
fixed,204445950
fixed,205813918
fixed,205600582
fixed,206309202
fixed,205467212
fixed,204725378
fixed,205971368
fixed,207439578
fixed,207540916
fixed,207502036
fixed,207875228
fixed,206513594
fixed,206690718
fixed,206589766
fixed,209867986
fixed,204914700
fixed,207293082
fixed,211530684
fixed,208467426
fixed,208248056
fixed,207357112
fixed,211451532
fixed,209760182
fixed,208066608
fixed,207423374
fixed,207602096
fixed,205665604
fixed,208426576
fixed,206555416
fixed,206284674
fixed,207833966
fixed,205924464
fixed,206575970
fixed,207121256
fixed,206905748
fixed,206738440
fixed,206205840
fixed,208685402
fixed,206074008
fixed,206772236
fixed,207136840
fixed,207698716
fixed,205942540
fixed,206969514
fixed,205267628
fixed,205303440
fixed,205413480
fixed,206392944
fixed,206117120
fixed,204274400
fixed,204074442
fixed,206114766
fixed,205469162
fixed,206029138
fixed,208345442
fixed,204397296
fixed,215938984
fixed,239075302
fixed,201741490
fixed,206452568
fixed,205506516
fixed,203975414
fixed,201763870
fixed,202019126
fixed,202913120
fixed,202105072
fixed,201868796
fixed,201029068
fixed,200385898
fixed,200112638
fixed,203910782
fixed,200965034
fixed,202836926
fixed,208493140
fixed,200962712
fixed,201828310
fixed,203359032
fixed,203369980
fixed,204245956
fixed,200560196
fixed,202127778
fixed,202417982
fixed,202959658
fixed,202148262
fixed,201443110
fixed,201597822
fixed,203795316
fixed,202821346
fixed,200018080
fixed,205459096
fixed,201969472
fixed,202088170
fixed,201986794
fixed,200764432
fixed,202411882
fixed,204053144
fixed,201366234
fixed,205181202
fixed,202721192
fixed,202403040
fixed,202575422
fixed,203189168
fixed,200895944
fixed,201227436
fixed,200863974
fixed,203421134
fixed,203551878
fixed,204054206
fixed,202960308
fixed,201241524
fixed,201521678
fixed,251287878
fixed,204571408
fixed,204508890
fixed,196656582
fixed,201969744
fixed,202389724
fixed,200968794
fixed,198330752
fixed,205416696
fixed,200224084
fixed,203116394
fixed,201209546
fixed,198431422
fixed,201297058
fixed,204303382
fixed,230612844
fixed,239607536
fixed,196638210
fixed,201735232
fixed,199552798
fixed,200141688
fixed,199296396
fixed,200277086
fixed,198743766
fixed,201425884
fixed,204106918
fixed,201847484
fixed,201114116
fixed,203823852
fixed,204148166
fixed,202299428
fixed,202492436
fixed,201675112
fixed,202834916
fixed,203412916
fixed,202380922
fixed,201926000
fixed,201880756
fixed,206057632
fixed,203545764
fixed,200984224
fixed,204321446
fixed,200736062
fixed,203735886
fixed,202925866
fixed,200721890
fixed,200239600
fixed,200922624
fixed,201044130
fixed,203794592
fixed,202189328
fixed,203051190
fixed,204048146
fixed,202464450
fixed,202063286
fixed,200772054
fixed,201749212
fixed,203579800
fixed,202486692
fixed,201197204
fixed,198951346
fixed,204273520
fixed,201775552
fixed,202340964
fixed,202762012
fixed,204849722
fixed,203579090
fixed,199782398
fixed,202180824
fixed,202505174
fixed,202912144
fixed,200574700
fixed,203940824
fixed,203745474
fixed,202383040
fixed,200127618
fixed,201546508
fixed,202872738
fixed,202275004
fixed,203057266
fixed,200683144
fixed,201423884
fixed,199605800
fixed,203888196
fixed,203789692
fixed,202668336
fixed,201951334
fixed,204653012
fixed,202731340
fixed,200016736
fixed,201024546
fixed,206808968
fixed,203101354
fixed,204145218
fixed,204170154
fixed,205666198
fixed,197897962
fixed,200915256
fixed,198763244
fixed,196644954
fixed,202674198
fixed,198541528
fixed,202075170
fixed,201173974
fixed,200668740
fixed,205522092
fixed,201674350
fixed,203499700
fixed,203083620
fixed,202740158
fixed,199474386
fixed,205725282
fixed,201651268
fixed,204327512
fixed,199714658
fixed,202742542
fixed,203565682
fixed,201764798
fixed,200604234
fixed,202081850
fixed,204036760
fixed,202069228
fixed,198175284
fixed,201251566
fixed,201122710
fixed,200675796
fixed,201665072
fixed,199963814
fixed,199718792
fixed,200405482
fixed,201629896
fixed,202534774
fixed,202089160
fixed,200600706
fixed,197915700
fixed,199009662
fixed,201045144
fixed,199728154
fixed,200863696
fixed,201060768
fixed,200738510
fixed,198085396
fixed,201589970
fixed,202447172
fixed,201259632
fixed,203671050
fixed,200077302
fixed,203042070
fixed,202711692
fixed,202477530
fixed,200289598
fixed,201803734
fixed,202212352
fixed,202474360
fixed,201814990
fixed,200504264
random,206593836
random,207670778
random,203843718
random,203035300
random,202998768
random,202557828
random,203870216
random,205763164
random,204258746
random,208305408
random,203016366
random,209114252
random,207403930
random,203546200
random,204466972
random,205174698
random,202625982
random,203907036
random,202291868
random,201498348
random,202134098
random,204067360
random,206881592
random,204184726
random,201515564
random,206329754
random,199586840
random,205171388
random,202013884
random,201325842
random,205105508
random,202905730
random,204220706
random,204671314
random,205229034
random,203941782
random,205003882
random,202859582
random,201345744
random,203184526
random,203060154
random,205291510
random,203554382
random,204785096
random,204093006
random,203968096
random,202987022
random,206905470
random,203109136
random,201912230
random,204991100
random,201727556
random,202684500
random,202512194
random,203607178
random,203431286
random,203075354
random,203889248
random,203416292
random,202607270
random,203324052
random,202490758
random,202806032
random,203306038
random,203950002
random,201886886
random,209740170
random,202348352
random,199652534
random,203291480
random,206515240
random,203139100
random,201542090
random,206436520
random,203039944
random,206168202
random,202924410
random,202612146
random,215874516
random,203583938
random,205363852
random,203434920
random,207250592
random,203085970
random,201991516
random,202698214
random,204777242
random,204666914
random,204859022
random,204378696
random,201664068
random,205688692
random,203482768
random,204927188
random,203263796
random,215703654
random,202627272
random,204045738
random,204261922
random,202976244
random,202305678
random,204268634
random,202627064
random,203721258
random,205029602
random,201592398
random,205263096
random,202924728
random,200244568
random,201279212
random,204909250
random,203891816
random,203475708
random,201558150
random,202374050
random,204858216
random,202118936
random,204971654
random,203367058
random,201643656
random,207345324
random,204392472
random,200788692
random,203037584
random,199909360
random,201037038
random,203629234
random,204333992
random,201765100
random,202185454
random,217148576
random,203440100
random,203730672
random,200293574
random,201685140
random,206178374
random,199548590
random,200163906
random,200514724
random,202023810
random,202816608
random,203287818
random,199164912
random,200603576
random,200878552
random,213562810
random,204636014
random,203571020
random,205931828
random,203993000
random,205056238
random,204896200
random,203633050
random,204549414
random,204308430
random,212809316
random,200390912
random,205533022
random,203121548
random,204258148
random,203339236
random,202511400
random,206643712
random,203882012
random,202903198
random,203664592
random,200708868
random,201727972
random,204732804
random,202458032
random,206383052
random,204113576
random,204080076
random,205348004
random,203865728
random,202557118
random,204841688
random,203294294
random,204618644
random,208139734
random,202729834
random,200774642
random,204428640
random,202933806
random,202633694
random,211655000
random,204045956
random,204916570
random,203020588
random,213263434
random,204029208
random,201141550
random,206797924
random,203406990
random,202946006
random,205163122
random,201713072
random,203394528
random,203636840
random,199255216
random,200511318
random,202946288
random,201135052
random,201072516
random,195402132
random,199415094
random,208777362
random,204003668
random,198550904
random,198794454
random,199898896
random,197975696
random,199750480
random,200696604
random,203008444
random,202329108
random,201508804
random,200595618
random,200530624
random,201076450
random,199946864
random,203756856
random,199686056
random,199176094
random,210558084
random,202167742
random,199980006
random,202536442
random,205064490
random,199775016
random,202325694
random,203022030
random,207166834
random,202229492
random,202020390
random,202435418
random,203873666
random,202041610
random,204091476
random,200350946
random,204673750
random,201989578
random,208984444
random,201970010
random,206614416
random,202836972
random,204675634
random,205784170
random,203020440
random,202210426
random,202896202
random,203231188
random,203520710
random,205261984
random,205485136
random,214720858
random,202811000
random,201592048
random,202534354
random,203841346
random,206697704
random,202233828
random,202184372
random,202495318
random,205337148
random,206612898
random,204541520
random,208013504
random,199765974
random,213234144
random,201894428
random,202988670
random,206872242
random,203344866
random,206897190
random,205131758
random,201347036
random,205305826
random,207418586
random,205521298
random,207740926
random,204877680
random,216139100
random,207083584
random,206623234
random,204077624
random,206703142
random,208233948
random,205221744
random,205225392
random,206467684
random,209186852
random,206445204
random,205221528
random,203822520
random,206258268
random,204065682
random,206486242
random,206059720
random,205651288
random,206463170
random,206305962
random,240835378
random,207925724
random,204666480
random,209456670
random,207602392
random,206517134
random,208833100
random,208237320
random,209697374
random,207605226
random,206789946
random,206743066
random,207474410
random,207209788
random,210647142
random,208880352
random,209680856
random,208130682
random,208035612
random,208189018
random,212385976
random,207279564
random,206558826
random,209686648
random,207500088
random,206505612
random,206384620
random,206842902
random,207019294
random,207228072
random,207069394
random,204284614
random,205815770
random,205856580
random,209206444
random,211432488
random,204880350
random,205828298
random,204352700
random,205209558
random,204586578
random,203515900
random,199789942
random,203577784
random,201354996
random,201478386
random,201522676
random,199833784
random,201843128
random,199095880
random,206275106
random,202253076
random,199360902
random,198800254
random,201488588
random,197841028
random,199741476
random,202165564
random,199106916
random,201423338
random,200917602
random,204134130
random,201267404
random,202688660
random,203989654
random,201775800
random,199417090
random,201193008
random,202823566
random,202022994
random,201346546
random,199754436
random,200994066
random,199688828
random,203713946
random,203433830
random,202279874
random,204498560
random,203226422
random,205039830
random,200995102
random,201623024
random,201694838
random,206515196
random,200560564
random,202954486
random,202188834
random,205006380
random,202066132
random,202604566
random,202263046
random,202381494
random,201807914
random,201814292
random,202849952
random,200933330
random,202508688
random,205721984
random,198775078
random,204254636
random,203658584
random,201777178
random,203472256
random,206259970
random,203297160
random,203728954
random,203268672
random,205009964
random,202796894
random,203206510
random,202926292
random,205879460
random,200341074
random,203055494
random,203116110
random,201946866
random,203457384
random,205354320
random,201628448
random,201047992
random,200698858
random,200920930
random,202263624
random,207992960
random,205231848
random,203011052
random,200740218
random,200582898
random,201719160
random,204982976
random,201297620
random,201025980
random,206010914
random,202460684
random,203043954
random,202308524
random,203036452
random,203347946
random,202494874
random,202926400
random,200819658
random,199019134
random,198787948
random,199030580
random,197772710
random,200500808
random,202295362
random,205797784
random,202694884
random,200423372
random,201983704
random,206959368
random,197049910
random,199288500
random,197501638
random,198611064
random,200037454
random,199311788
random,205650750
random,203714988
random,203432536
random,203523794
random,199731440
random,203127650
random,199672918
random,201366480
random,203206302
random,200772448
random,201682394
random,199581642
random,203025220
random,202939136
random,202088650
random,202585002
random,200572900
random,203314364
random,203339628
random,201464196
random,202911486
random,202595892
random,202511070
random,201583840
random,201492182
random,203502744
random,202123332
random,202740090
random,205166514
random,205833434
random,201881682
random,202770514
random,202920514
random,203088912
random,203402974
random,204472672
random,200046846
random,200180776
random,198369534
random,204674336
random,198421300
random,196167574
random,200136224
random,202368240
random,201700238
random,203133670
random,201940056
random,201524770
random,201829394
random,204795600
random,202008478
random,205960668
random,203140078
random,200072252
random,203716222
random,203187648
random,203937952
random,203079072
random,201824392
random,202438436
random,203895732
random,201223230
random,202746928
random,200700470
random,201362188
random,204982022
random,203268090
random,199576348
random,204075902
random,202402924
random,204093018
random,202147922
random,200399114
random,201265690
random,205543888
random,202196010
random,201708084
random,201119814
random,203360204
random,202030378
random,200901944
random,204496376
random,203596020
random,204555014
random,205566450
random,203555370
random,205038224
random,202587324
random,202826666
random,200781098
random,200513922
random,204219354
random,200875930
random,207705672
random,202594652
random,201508456
random,202257504
random,200240100
random,199120342
random,202576960
random,198073428
random,205261656
random,200754472
random,198687126
random,205208668
random,197263070
random,197675650
random,198492656
random,198108926
random,202516550
random,201150388
random,198661274
random,196970426
random,203930874
random,197302256
random,198880158
random,197528568
random,197687474
random,199896288
random,199614208
random,198528646
random,198128450
random,198185336
random,199401754
random,199405100
random,199617516
random,198266450
random,201728964
random,200038124
random,199848116
random,200095076
random,200585628
random,199904022
random,198867762
random,201527798
random,199750452
random,199760772
random,198662620
random,200726346
random,200997738
random,200104142
random,204006730
random,201550454
random,203266038
random,202791068
random,201257760
random,205632210
random,206571340
random,208670368
random,207541360
random,210277150
random,209797954
random,205727326
random,204900338
random,208661614
random,207399128
random,209177880
random,207114988
random,201003374
random,205043288
random,203356816
random,210009194
random,210208414
random,207453168
random,208559948
random,203794614
random,203302270
random,202414444
random,202489852
random,204297776
random,205616872
random,206938804
random,206340914
random,208247148
random,205204732
random,207502206
random,205978200
random,207079600
random,205170648
random,205159788
random,203302060
random,204121152
random,206564564
random,205661230
random,206588946
random,205976058
random,206299126
random,206909294
random,207575952
random,204955704
random,205769732
random,207155578
random,205820262
random,206232468
random,206388204
random,207133308
random,207853806
random,206874682
random,206817732
random,206391280
random,206283470
random,206966410
random,207502814
random,205770210
random,208423946
random,206331028
random,205865092
random,206251580
random,206147810
random,202983400
random,202895216
random,200784376
random,206956026
random,205867998
random,205926844
random,208078538
random,204759572
random,206820424
random,200167324
random,202644030
random,206211196
random,199190452
random,198947176
random,198780648
random,201358690
random,202003084
random,199550822
random,198791276
random,203346714
random,206366060
random,198856836
random,193622368
random,196558300
random,202756020
random,200878260
random,199145974
random,197806012
random,199698460
random,198909240
random,200441602
random,200375822
random,198517746
random,200126778
random,202366928
random,203907320
random,201215592
random,199984968
random,203503736
random,199919046
random,203110184
random,203894490
random,200481728
random,201361884
random,202805292
random,198295432
random,199478564
random,200284792
random,198980910
random,202838064
random,202954094
random,201618554
random,200506434
random,197965508
random,197735198
random,204449758
random,199883820
random,201025140
random,202225412
random,201737862
random,203158944
random,201417530
random,199778654
random,199141474
random,199259960
random,198352274
random,197972268
random,198457664
random,201465040
random,200832382
random,202951550
random,201746408
random,205570260
random,201264892
random,201689468
random,196968780
random,205662076
random,204436158
random,198547466
random,197087732
random,197890742
random,196329706
random,197984350
random,195297770
random,197086008
random,197680192
random,198623586
random,197890286
random,195218654
random,197403210
random,199180608
random,195977024
random,205833320
random,195736906
random,200709554
random,194694720
random,200192832
random,198219776
random,199375398
random,201711536
random,198272722
random,196318066
random,199018470
random,198743580
random,199719912
random,197129314
random,199057416
random,199934976
random,200761636
random,196589464
random,204201380
random,199081446
random,200707930
random,199417298
random,197091964
random,200111552
random,199989986
random,197951466
random,199061122
random,202566232
random,202328316
random,199992330
random,201946422
random,197586586
random,200082100
random,200847306
random,197720650
random,201785140
random,198616418
random,201125058
random,200138442
random,205275026
random,199184182
random,199727656
random,202766810
random,197954590
random,207231866
random,201616824
random,204454254
random,200578148
random,200414458
random,198823542
random,197948644
random,200900028
random,201235384
random,200018474
random,198920160
random,198770864
random,198345284
random,200652124
random,202215442
random,200568038
random,201392096
random,201134636
random,202122678
random,201716784
random,200936358
random,202010792
random,200896454
random,198398278
random,201260536
random,202010796
random,203147228
random,201089694
random,206913054
random,200627318
random,198439108
random,202884534
random,200958442
random,200483410
random,202983260
random,201189424
random,202918840
random,200206344
random,201389160
random,201137618
random,201188904
random,203471952
random,203207630
random,201558752
random,203162904
random,205203798
random,202105160
random,204470602
random,201395286
random,198919212
random,201763386
random,200894354
random,199617312
random,204376412
random,202984608
random,202616582
random,203676222
random,208435202
random,203444254
random,199216118
random,205329282
random,201234786
random,200868964
random,202884304
random,205377262
random,199926442
random,200904988
random,201117802
random,202241046
random,200807914
random,202265846
random,199041128
random,198288778
random,198512108
random,199443802
random,200609274
random,199775404
random,201610894
random,199848596
random,202952094
random,207986244
random,202507086
random,200411562
random,200683008
random,204965788
random,199682982
random,201692218
random,200654488
random,205385938
random,202033636
random,207762728
random,201931622
random,200007448
random,201879044
random,200438858
random,205655258
random,197693988
random,199588234
random,199379516
random,199712296
random,199068016
random,202793956
random,201880128
random,199801014
random,199783186
random,201182310
random,203972584
random,204077796
random,201124064
random,200184614
random,202960990
random,204582978
random,200854336
random,199617332
random,201270734
random,204143832
random,201401368
random,201697984
random,201253388
random,203697770
random,202120966
random,202980176
random,201059350
random,199729542
random,203397014
random,199920626
random,201098240
random,205249008
random,199483494
random,200798596
random,202704310
random,199231014
random,198773618
random,199355110
random,199194338
random,198660572
random,205840490
random,200700852
random,201747468
random,204009440
random,201776164
random,201386016
random,208489698
random,212461278
random,203593468
random,198593288
random,205636070
random,200884126
random,199997028
random,199277850
random,202799590
random,200844678
random,204123072
random,201764206
random,202052474
random,200839818
random,202566878
random,202535054
random,204286206
random,203336264
random,200060852
random,207411694
random,207960130
random,205237840
random,205461544
random,206671586
random,205673634
random,207154132
random,204250782
random,204905514
random,206261792
random,204652326
random,207200546
random,205804566
random,211377116
random,205234250
random,213218096
random,208596292
random,202353750
random,205255122
random,201749722
random,205166358
random,206379518
random,206710174
random,206187486
random,202600270
random,203758816
random,203761512
random,204859958
random,205288142
random,205059796
random,206688876
random,206148918
random,206027184
random,204864144
random,205630900
random,205856592
random,207105742
random,205058874
random,203117344
random,205816260
random,205842996
random,206977752
random,207763636
random,209692742
random,206513460
random,206444676
random,206760238
random,207510178
random,204691860
random,204761780
random,209326194
random,205786806
random,207187284
random,206870852
random,206503854
random,206152180
random,204953954
random,203377026
random,206818194
random,200739918
random,203659196
random,204524870
random,205195458
random,204780176
random,200117866
random,202309928
random,203002504
random,202999450
random,204849362
random,203679144
random,206219664
random,207182332
random,201780762
random,200888994
random,203037434
random,203297124
random,200734900
random,198795516
random,200239292
random,201976026
random,200654366
random,202659532
random,201502070
random,202900464
random,203941462
random,203597800
random,201483422
random,201683204
random,205149210
random,204844174
random,206794158
random,204418170
random,204749482
random,201969688
random,204304560
random,202657636
random,201592916
random,202190778
random,202268640
random,207155078
random,201095130
random,201625450
random,205042836
random,204373788
random,203072174
random,202893270
random,203738866
random,201078474
random,203914692
random,202892218
random,204179848
random,204650958
random,203595824
random,204116484
random,203484490
random,201766248
random,203218380
random,202399450
random,203892690
random,203005440
random,201808574
random,203032920
random,203593644
random,203758130
random,202452382
random,202603396
random,204119414
random,201087086
random,204149466
random,205814950
random,203399266
random,201306484
random,200331886
random,201452380
random,202952362
random,200764666
random,201282584
random,203949664
random,200713140
random,201623694
random,201792142
random,203376378
random,203577032
random,202402662
random,207091382
random,203736898
random,202879954
random,200532506
random,201040570
random,200923606
random,201744298
random,202857850
random,201197324
random,202072628
random,204847360
random,202879638
random,202082566
random,201807818
random,203463062
random,200761666
random,202894438
random,206029886
random,197443096
random,201842318
random,204179032
random,200924880
random,200802436
random,200440584
random,200047996
random,203239172
random,201078864
random,202591096
random,200906354
random,212368018
random,203674784
random,201796552
random,203318930
random,201563434
random,200933166
random,201803666
random,203639430
random,200610328
random,200119976
random,200700472
random,203673194
random,200700120
random,204133342
random,205023988
random,201197336
random,202740764
random,206013440
random,200481892
random,201292180
random,202508000
random,202653094
random,206990452
random,204082384
random,204502536
random,201866774
random,202804366
random,205110494
random,201630534
random,206880738
random,201714446
random,201251390
random,206974978
random,205769548
random,203117970
random,203886672
random,201615098
random,202817012
random,204636426
random,204536822
random,203896098
random,202316054
random,202152824
random,203843098
random,203532246
random,202233418
random,203320714
random,204497720
random,201061302
random,203142608
random,202702322
random,201883830
random,205524060
random,202571582
random,202010878
random,209466044
random,202819268
random,207481108
random,200156154
random,200989214
random,203913902
random,206874392
random,205172914
random,203209272
random,203100824
random,200706466
random,202897742
random,204828084
random,203431886
random,204358320
random,201285936
random,201176298
random,202901660
random,203456890
random,202438414
random,201900220
random,204808062
random,200813126
random,200642038
random,200903806
random,202036984
random,200143128
random,199350940
random,202369098
random,202626450
random,201338194
random,204782512
random,201510584
random,200916316
random,203431252
random,201796826
random,204930654
random,203409780
random,197255182
random,200773998
random,200809784
random,203514070
random,200520446
random,202748144
random,202164352
random,203833882
random,203453474
random,202113848
random,201806300
random,203565050
random,202456240
random,202253592
random,202756138
random,207565708
random,203426508
random,203444956
random,202263736
random,204010492
random,206326658
random,202253600
random,200552622
random,206240676
random,203854494
random,202933824
random,202160798
random,206899876
random,203864854
random,203201328
random,202514768
random,202706612
random,201206762
random,205578914
random,199441168
random,200193080
random,205454588
random,199306336
random,201312436
random,204131054
random,206637012
random,198503886
random,201302658
random,203253572
random,200248656
random,200609882
random,202842766
random,203831116
random,203898872
random,203439356
random,207438700
random,203822186
random,206260516
random,204933716
random,204737604
random,205121980
random,206444300
random,204429484
random,204640018
random,206472874
random,205701926
random,204230552
random,204643580
random,204199582
random,203954332
random,204675458
random,204957090
random,205612302
random,204490614
random,204253608
random,204706404
random,205933102
random,206361032
random,205267340
random,204892726
random,204665898
random,207466726
random,205272992
random,205145872
random,205159530
random,206894106
random,205245840
random,207488030
random,205165654
random,204841822
random,209019428
random,205405340
random,205704270
random,205098352
random,205699228
random,204817992
random,208892256
random,207271528
random,207181204
random,207208488
random,206668038
random,204908158
random,206752742
random,204341328
random,204004760
random,204889488
random,206547878
random,206395796
random,239488962
random,215041612
random,211642766
random,207735162
random,213616784
random,207297304
random,211983144
random,206389622
random,209497896
random,210293544
random,205663400
random,205040606
random,204818432
random,209129544
random,207246000
random,205688028
random,205581186
random,206134296
random,205711098
random,205364944
random,205634846
random,205903014
random,205867050
random,205010650
random,205521968
random,205785812
random,205423202
random,243913342
random,208025264
random,206456978
random,206372108
random,227751304
random,208111224
random,208281110
random,207040378
random,206854682
random,209583202
random,207796104
random,207656530
random,206694892
random,206688446
random,206690696
random,207319142
random,206537930
random,206456822
random,205871760
random,206368622
random,205614436
random,206086268
random,205804034
random,205875212
random,206227820
random,205591818
random,205761300
random,205970124
random,206028876
random,206077536
random,205581826
random,205385298
random,205164056
random,205646998
random,205353172
random,205667212
random,204984922
random,204632748
random,205927450
random,205415430
random,205696696
random,206191400
random,205243048
random,205849932
random,206060806
random,206060454
random,204742704
random,207822270
random,205465356
random,204535118
random,205350154
random,205286198
random,232898398
random,203759990
random,206122634
random,204121364
random,200025162
random,201350602
random,204235038
random,206415016
random,202385606
random,203659190
random,203392118
random,203372878
random,204111418
random,203666170
random,204883118
random,206656088
random,202571416
random,202892424
random,203847232
random,201255138
random,201019408
random,204723090
random,202815570
random,201687316
random,203003040
random,204122942
random,207974302
random,203579630
random,204441488
random,204311240
random,204331290
random,199840082
random,206091000
random,204676938
random,204318436
random,203550894
random,203658698
random,197169158
random,200752362
random,201981474
random,203737018
random,202413554
random,205340004
random,206067196
random,199343396
random,200000856
random,201223472
random,206988354
random,203608676
random,202485548
random,203246888
random,203808464
random,202927936
random,204202396
random,199841346
random,204320186
random,207455910
random,202937176
random,203923086
random,203879340
random,203237492
random,202944816
random,204469146
random,201086890
random,212064582
random,204557782
random,204712482
random,205665592
random,205205214
random,208344846
random,204588514
random,201302036
random,203211216
random,202311164
random,203448974
random,204542718
random,201854906
random,202792382
random,206511056
random,204554588
random,203659492
random,203812130
random,206665736
random,205582168
random,205409844
random,204710626
random,204150376
random,204680560
random,204111044
random,204884686
random,204536364
random,208370290
random,205887610
random,206354880
random,222376380
random,204497894
random,206775636
random,205274540
random,203805122
random,206250536
random,204451194
random,204806706
random,203916928
random,203808480
random,204981746
random,204449228
random,204054958
random,204051040
random,206728914
random,203623180
random,206644036
random,202245928
random,204528738
random,203875506
random,202657968
random,205545414
random,202321658
random,202780570
random,207298434
random,212949684
random,210213300
random,203649368
random,203957988
random,202493092
random,202860634
random,202216126
random,200338654
random,201757640
random,202697734
random,200552614
random,205263808
random,202921816
random,202458204
random,204025870
random,204704258
random,205467964
random,204617086
random,202774726
random,204541982
random,204490104
random,206466276
random,205248910
random,205210306
random,206769122
random,205136916
random,202188134
random,204339132
random,203201164
random,204507258
random,206716672
random,201328572
random,206415730
random,203435018
random,204376586
random,204012238
random,203275384
random,204350948
random,203891134
random,204659436
random,202409348
random,204512686
random,201970872
random,201561524
random,206526572
random,203927370
random,202382634
random,200762902
random,203289708
random,202904324
random,204664110
random,205164782
random,206203160
random,202464686
random,206189820
random,203655820
random,203429100
random,203251642
random,202955686
random,201895520
random,203682068
random,204317644
random,203981106
random,203348710
random,202970454
random,205651362
random,208272860
random,205218266
random,203360740
random,205422104
random,203084806
random,207202120
random,204107860
random,203903948
random,203312026
random,205060946
random,205834110
random,202820134
random,204039450
random,206369344
random,205168194
random,202749310
random,203328800
random,203985942
random,206210660
random,203817916
random,208121874
random,203979614
random,207085296
random,204577862
random,203786424
random,205231802
random,206531522
random,205034300
random,203271014
random,204662180
random,206408248
random,203168704
random,204100942
random,202886950
random,203652870
random,203249336
random,210915104
random,203165512
random,203788254
random,207733928
random,208784276
random,216974550
random,208422678
random,205671440
random,205060866
random,216965014
random,215801834
random,205056350
random,206972480
random,208221222
random,216733036
random,208145280
random,205215750
random,205076320
random,208314024
random,204346250
random,204309178
random,204639794
random,206970930
random,207656156
random,207277398
random,206198594
random,204210748
random,205008182
random,204043598
random,205520886
random,205422302
random,206563572
random,205114048
random,206255106
random,208932794
random,207863536
random,207237324
random,208898466
random,208598078
random,207079906
random,209188834
random,206431666
random,205694028
random,205681244
random,205996680
random,206206572
random,207309376
random,206974472
random,215215582
random,206626582
random,206610372
random,206939236
random,207084296
random,207296094
random,206425934
random,209600412
random,206664572
random,205765544
random,206543800
random,205542202
random,206398310
random,206647986
random,207321188
random,205619604
random,207512920
random,209125012
random,207380960
random,206196296
random,207767624
random,206748674
random,205423190
random,207030178
random,205746240
random,211782286
random,205856608
random,205604596
random,206655176
random,206171334
random,205214144
random,204396156
random,206092790
random,205121330
random,202690626
random,204929586
random,203840416
random,205146258
random,204275700
random,203085978
random,202602246
random,201765462
random,205176356
random,202200970
random,204784184
random,205034812
random,203599804
random,209830502
random,202919386
random,202955886
random,203548300
random,204870816
random,207120970
random,204762456
random,204156908
random,205003006
random,200372668
random,203817700
random,202381956
random,209031434
random,200896954
random,201820266
random,203900226
random,203724670
random,206196322
random,207190692
random,202899522
random,204370714
random,202291530
random,202875438
random,202628580
random,203236776
random,203418490
random,204870064
random,200914902
random,201908086
random,201670502
random,205254112
random,206781122
random,204268404
random,204314830
random,203707872
random,203122742
random,203508256
random,203810166
random,203811030
random,204657138
random,204354008
random,203352914
random,203538168
random,202218554
random,201547804
random,202818130
random,203868652
random,207556506
random,203132690
random,203838916
random,203209364
random,202970750
random,206503866
random,203126354
random,210554996
random,205974370
random,204801718
random,204362426
random,201963820
random,204348160
random,201632554
random,204075326
random,204444448
random,205237790
random,202331092
random,205017896
random,204378984
random,206258008
random,204848094
random,205089028
random,205387294
random,204793570
random,206194100
random,205546778
random,206571188
random,202615024
random,202381366
random,202109546
random,203028410
random,204049786
random,204453524
random,204999694
random,210803502
random,203027100
random,204004186
random,204414220
random,205591646
random,207281784
random,203651008
random,203114848
random,205181588
random,205032220
random,205165160
random,204187062
random,205239618
random,207043436
random,204463174
random,203569712
random,202401340
random,203181080
random,203312304
random,203059330
random,202481752
random,202901734
random,203706958
random,204676068
random,203928702
random,206796564
random,203344374
random,204053432
random,206396174
random,202237782
random,201336272
random,205521398
random,202412138
random,198958726
random,199906224
random,203233700
random,202423000
random,200999034
random,203085136
random,207826366
random,203308970
random,202732004
random,208603136
random,201733330
random,200662656
random,203655302
random,203245196
random,200739200
random,202647246
random,199800142
random,200698862
random,200772046
random,201186766
random,202235660
random,199381684
random,201186918
random,199678818
random,201611184
random,200574592
random,200858868
random,199642086
random,203134218
random,204487816
random,202327732
random,203156390
random,200720140
random,203184550
random,205510194
random,204099190
random,204195294
random,202388960
random,202992402
random,203164982
random,202167060
random,202240672
random,202695806
random,202380748
random,202795400
random,204434600
random,205169604
random,202421688
random,203008814
random,204257612
random,201788264
random,203210458
random,203788840
random,202626570
random,202659920
random,200426516
random,203839932
random,200511412
random,203765924
random,204925310
random,202840190
random,206350518
random,202985876
random,204437620
random,201849150
random,203718086
random,202848940
random,201953306
random,204672554
random,202140304
random,203232952
random,201494920
random,207420862
random,202686488
random,202727590
random,201503770
random,208630350
random,203160714
random,202361730
random,205407724
random,203041626
random,203649292
random,203753202
random,203707738
random,203960648
random,201906374
random,202175362
random,203141586
random,203109004
random,201870974
random,203831940
random,202331668
random,203898512
random,202162256
random,203348598
random,203950784
random,202262756
random,200645176
random,204271294
random,202048628
random,202897124
random,205965778
random,202762942
random,204092666
random,203739524
random,202915602
random,205532278
random,200958900
random,202120618
random,205541938
random,202960692
random,200535090
random,201052998
random,204398374
random,203219382
random,207558228
random,206548736
random,204869020
random,203625852
random,205147664
random,205985274
random,205839036
random,208154446
random,206079976
random,206780040
random,203637846
random,206702838
random,205978472
random,208914392
random,203089746
random,203702106
random,207978596
random,208353674
random,206808766
random,206515720
random,205215130
random,205015504
random,205291024
random,207884388
random,207363106
random,205432196
random,210385114
random,206778588
random,207198106
random,208087488
random,204105562
random,204232798
random,210548724
random,206146308
random,207461320
random,236669982
random,231959308
random,205705950
random,208917796
random,207385500
random,208863710
random,206651728
random,204882630
random,204762710
random,208122500
random,208886630
random,207933348
random,209691620
random,208709700
random,207647506
random,211910910
random,207956970
random,208727204
random,207911188
random,209826924
random,208461756
random,208466612
random,213373154
random,211560638
random,212463962
random,208258686
random,208849500
random,208412774
random,210261792
random,210487032
random,209255454
random,205335294
random,206940454
random,203485714
random,204928428
random,207534352
random,208585552
random,203293112
random,205020280
random,205867248
random,202668602
random,206179212
random,203787618
random,204644686
random,202594588
random,202381722
random,205510914
random,202166264
random,204572756
random,203273330
random,204706846
random,207578460
random,204688394
random,204354748
random,204157056
random,202491150
random,203901704
random,201653652
random,203951928
random,204314750
random,202143408
random,203113910
random,200764500
random,203447972
random,209492472
random,204950432
random,203384462
random,204836712
random,204871182
random,204855490
random,203098962
random,204738252
random,200686094
random,202814212
random,204030196
random,202765448
random,202173132
random,206098416
random,203682786
random,203797760
random,204131658
random,207037244
random,204452070
random,206031458
random,201682718
random,203401464
random,203030304
random,201861260
random,203156138
random,204814684
random,203121900
random,202921636
random,203286528
random,201568592
random,204948596
random,204989694
random,204634242
random,206134748
random,207615306
random,204415176
random,204605720
random,203722128
random,206489696
random,204937740
random,204293878
random,204310986
random,206113406
random,201914694
random,203246528
random,202017846
random,203135900
random,207134248
random,203725338
random,202134724
random,202798044
random,202329878
random,218195098
random,241837998
random,224886502
random,235151762
random,202258228
random,202053978
random,199636076
random,202138612
random,206773658
random,204403432
random,204736272
random,203749566
random,204133704
random,205256372
random,207260358
random,204171750
random,205662350
random,202427020
random,204581918
random,203985252
random,204318456
random,206001456
random,205457414
random,203523802
random,202495878
random,204885794
random,204563886
random,204884674
random,205018854
random,204480358
random,204338608
random,204156812
random,203889426
random,202557312
random,203890872
random,206486156
random,204489134
random,203546666
random,204175554
random,206953210
random,204514016
random,201676530
random,202966380
random,202722686
random,205258912
random,202804126
random,204616032
random,204473860
random,205190422
random,204985646
random,204251958
random,202425368
random,203069780
random,202573762
random,204092728
random,204646500
random,205517280
random,204284928
random,204364288
random,202812888
random,205086598
random,202815512
random,204092280
random,204974038
random,204141568
random,204050328
random,204618368
random,206136520
random,201291518
random,204347690
random,205039300
random,203178850
random,203293256
random,206561590
random,203723346
random,204001904
random,202992000
random,202704620
random,203238166
random,205268412
random,203871498
random,202440040
random,203128466
random,210927592
random,207097646
random,204184698
random,202834016
random,203935498
random,205786126
random,202590632
random,204151644
random,206509906
random,201454722
random,201351360
random,201594788
random,202697936
random,200048842
random,202898626
random,204851910
random,203786678
random,203503162
random,204273758
random,202636836
random,202346686
random,203190164
random,203714310
random,201855568
random,205664288
random,204245706
random,202300534
random,202973154
random,202538300
random,203778452
random,203167764
random,203775490
random,201377830
random,202620950
random,202146200
random,202278500
random,201958778
random,202598534
random,202553168
random,203796018
random,202617822
random,202322830
random,200640156
random,201412804
random,201922052
random,202360438
random,201617932
random,200865156
random,202502902
random,202543862
random,202564080
random,203219726
random,202049418
random,203120510
random,204824490
random,200981914
random,197810130
random,200428614
random,197161770
random,202432544
random,196523426
random,202845368
random,202063308
random,203258352
random,201217348
random,206043326
random,201723604
random,201383964
random,203545130
random,200042702
random,202087206
random,201665192
random,201278770
random,208381276
random,200000282
random,198989116
random,201123592
random,200811244
random,199838662
random,200620876
random,200195428
random,203891844
random,202114128
random,203289750
random,205025556
random,201894830
random,205459434
random,202630256
random,201503528
random,200845340
random,247019444
random,205569836
random,203120798
random,223494174
random,237405678
random,214255224
random,202648954
random,202737324
random,202797804
random,202526622
random,203018132
random,201698206
random,205844784
random,202872164
random,201300084
random,201966904
random,203393570
random,204103134
random,200862150
random,202161994
random,203308966
random,204883550
random,203927168
random,204919798
random,201594368
random,202654472
random,202115954
random,205655616
random,202486294
random,200949854
random,206056134
random,206429104
random,201720754
random,205116792
random,207891054
random,207136184
random,203361182
random,201059388
random,204825220
random,205183262
random,208217230
random,205082430
random,203921458
random,206885988
random,204523112
random,205728826
random,204331788
random,208286470
random,205823940
random,206466522
random,206801842
random,208614888
random,205796734
random,204964152
random,205698296
random,206021226
random,210039636
random,206692790
random,206616660
random,206101366
random,205760920
random,206216948
random,210209204
random,206345352
random,211988780
random,202010406
random,205409542
random,205240968
random,205892804
random,205519242
random,204909414
random,205713964
random,205759916
random,205456486
random,205531334
random,205780232
random,205058980
random,206074604
random,210287808
random,206783522
random,207159522
random,205078644
random,205790748
random,205922374
random,205485966
random,209153874
random,205407010
random,208350220
random,207738622
random,206728006
random,204801238
random,204867750
random,205507148
random,205359196
random,202415682
random,202794840
random,207897620
random,200987996
random,204030246
random,206558560
random,204033242
random,202710668
random,205586988
random,202808202
random,206932370
random,203501024
random,202426964
random,204661680
random,203388150
random,203314026
random,212719134
random,202660468
random,204483486
random,199976934
random,203329084
random,202138452
random,202259996
random,202671880
random,202141170
random,202833066
random,203386630
random,201335562
random,203678120
random,200494336
random,202219110
random,203213498
random,202473378
random,202105050
random,203030646
random,203176824
random,202893652
random,201991720
random,202409362
random,201113358
random,201633852
random,207794474
random,201253404
random,201126800
random,201688694
random,200989546
random,202304090
random,201166718
random,201954006
random,200759832
random,202397056
random,204065058
random,200512402
random,200455714
random,198853980
random,200187902
random,207731040
random,202691018
random,200479806
random,203788490
random,201065552
random,202247970
random,203478186
random,204404094
random,203728152
random,206312766
random,233940294
random,221652498
random,208093368
random,205430264
random,200823292
random,201291036
random,205363114
random,202785598
random,199366036
random,200510842
random,204793460
random,201978930
random,199459252
random,201042760
random,203221514
random,202229588
random,201355434
random,203684274
random,201134570
random,232687572
random,226837838
random,203305290
random,201369810
random,203057152
random,203776442
random,209101916
random,202499124
random,203161366
random,203711888
random,205115636
random,203094898
random,200541108
random,201767268
random,202400546
random,204404646
random,203917108
random,202355732
random,204137118
random,203183578
random,203501968
random,203022096
random,203982792
random,202574608
random,202382822
random,203862514
random,203318900
random,211603746
random,204140752
random,203942148
random,204467512
random,203272194
random,202984722
random,203078162
random,202887290
random,202457732
random,201844610
random,204775668
random,201955436
random,201789492
random,202309428
random,205199404
random,202322768
random,201708720
random,202734754
random,206411220
random,203203660
random,201770414
random,205858802
random,201949990
random,206447242
random,203334370
random,203563672
random,202323076
random,206299356
random,203594394
random,204436340
random,202963336
random,200625902
random,206213492
random,202453396
random,203716954
random,202156862
random,206278486
random,200534288
random,203099566
random,202764592
random,200826498
random,204560134
random,203356878
random,202872694
random,201700548
random,203546088
random,202096792
random,199639616
random,201456066
random,202149916
random,201027798
random,199692888
random,199828666
random,200706852
random,202606832
random,202681716
random,200292662
random,204196224
random,203387724
random,203812606
random,204768458
random,203729244
random,203559580
random,202523692
random,201615066
random,202979642
random,202349640
random,202948256
random,205232932
random,203316856
random,204830324
random,202061286
random,203438586
random,202927952
random,203590506
random,202103574
random,205709170
random,202897394
random,202367946
random,204498206
random,200752076
random,202148370
random,202019070
random,202085664
random,202676184
random,200617816
random,202599398
random,201657000
random,202652976
random,199994966
random,205653610
random,202252172
random,207173382
random,203074738
random,202582856
random,205472432
random,208608554
random,202250704
random,201631516
random,202923422
random,204730170
random,204055568
random,203292890
random,202783794
random,202857816
random,205049624
random,201687794
random,201383838
random,205076626
random,203262982
random,202090638
random,203322778
random,202729940
random,203527324
random,201570858
random,201906538
random,202625314
random,201646890
random,202058652
random,203546660
random,203648134
random,204142828
random,206217054
random,200713958
random,205995680
random,202576808
random,202960002
random,207343886
random,201942082
random,202294012
random,201323054
random,205626950
random,203758054
random,200536970
random,203402824
random,202802532
random,201299370
random,202781148
random,202259952
random,202542716
random,201971476
random,200750024
random,201983858
random,202412642
random,203026906
random,203295600
random,204520888
random,210164272
random,204230238
random,202828168
random,201705116
random,202272984
random,199695740
random,203509282
random,207481254
random,205456710
random,203347394
random,205106752
random,202042530
random,202779032
random,203440216
random,203687128
random,204979900
random,206134312
random,206782094
random,204805258
random,206862998
random,202520502
random,202537100
random,202814936
random,206218432
random,204855474
random,207099836
random,207774690
random,205703786
random,203683484
random,205234388
random,204841548
random,207536600
random,207041210
random,203596538
random,206696232
random,209901434
random,202506066
random,203485738
random,204986236
random,203551076
random,203032804
random,205189950
random,205093916
random,206344782
random,205630310
random,206805576
random,205014506
random,205340276
random,205488124
random,205212788
random,204903450
random,209021310
random,203088236
random,206156574
random,205448732
random,205888136
random,205087862
random,205516890
random,205890992
random,204840350
random,206502534
random,207609934
random,205865294
random,205442606
random,205158996
random,205047566
random,205438744
random,205322340
random,209229882
random,206559636
random,206447384
random,206987798
random,206071278
random,205293232
random,208625246
random,207341610
random,211345248
random,206076266
random,206780938
random,201647534
random,202982590
random,206327030
random,206964176
random,204569826
random,204382204
random,205960814
random,202318126
random,203462830
random,202241814
random,201562614
random,203767666
random,204665142
random,199659132
random,197353222
random,196135394
random,198587948
random,198450870
random,197032964
random,197564826
random,198820264
random,196546170
random,196521552
random,196863116
random,201012522
random,198735958
random,206621934
random,198392642
random,197830750
random,197636644
random,205825460
random,199891898
random,195505346
random,196913960
random,202905658
random,198277596
random,197578812
random,204570924
random,199094248
random,197991662
random,196786184
random,198265070
random,198846102
random,197588072
random,199681684
random,203107914
random,197268528
random,195893610
random,204865296
random,198666414
random,198578798
random,200356712
random,203810270
random,201288582
random,199939450
random,197683702
random,200136776
random,199686770
random,198898376
random,200082256
random,199798508
random,200041270
random,200272824
random,198942808
random,198014472
random,199405652
random,196999466
random,201070324
random,202623648
random,202239162
random,198205714
random,205686248
random,200620230
random,200448540
random,199559796
random,197653420
random,198600044
random,203170650
random,199149948
random,199222966
random,196881426
random,200238630
random,202302702
random,198316102
random,196106090
random,198847988
random,198682970
random,197857786
random,199379676
random,198791704
random,198606282
random,202407384
random,199831142
random,197098858
random,199593300
random,199877796
random,196422786
random,198119160
random,203336114
random,198854336
random,199537854
random,198061208
random,200692488
random,199211642
random,201502326
random,199865654
random,202189226
random,197877600
random,199693244
random,197242938
random,198579340
random,197326346
random,197982676
random,199283032
random,204986082
random,198362642
random,199562422
random,202436176
random,201629498
random,201442466
random,200919214
random,205509332
random,201572418
random,200708368
random,201565396
random,202826530
random,203921912
random,201233162
random,205091144
random,201471786
random,203442424
random,202092570
random,202028876
random,202188546
random,202789186
random,203571102
random,202732684
random,200832902
random,200549932
random,198516068
random,196521766
random,203070622
random,204709306
random,198003476
random,205202492
random,202066822
random,198827202
random,195773710
random,198384984
random,199392718
random,195458038
random,200583432
random,198619854
random,196528018
random,197138998
random,202515492
random,199731568
random,202983582
random,203538796
random,202424192
random,199849078
random,201098698
random,201460454
random,203419566
random,202125186
random,202950918
random,200981586
random,200924024
random,201016202
random,201855076
random,201861212
random,200773598
random,200436930
random,200898898
random,208382974
random,200890668
random,204631322
random,202804670
random,203057544
random,200455372
random,202655510
random,202500452
random,201875544
random,202290042
random,204473048
random,203997434
random,204089988
random,203993080
random,206622674
random,203374518
random,202762284
random,203641478
random,202539518
random,202404732
random,202519872
random,204298088
random,203256116
random,201527280
random,206540122
random,202469054
random,201905416
random,202702796
random,204017044
random,202132784
random,201186448
random,201308088
random,201126292
random,205869814
random,201592036
random,201320918
random,201357166
random,201867388
random,202099292
random,201870102
random,205244472
random,203504682
random,202633778
random,203503044
random,202073742
random,201557014
random,201928508
random,201919010
random,202763604
random,202859162
random,200678044
random,201201250
random,204007556
random,202688882
random,202492874
random,202110210
random,204360340
random,202125764
random,201927248
random,201116082
random,201488456
random,202337834
random,200972262
random,201081068
random,202685666
random,202817568
random,203408446
random,201826956
random,205970460
random,202992378
random,202828678
random,202311746
random,203788760
random,204186174
random,204883622
random,203113658
random,203857570
random,201496544
random,205866632
random,206105648
random,204839498
random,201688974
random,203341236
random,201529364
random,202048628
random,204211578
random,200996728
random,204371954
random,196898476
random,198049122
random,199648926
random,200766724
random,200384178
random,198903982
random,199345704
random,198634084
random,199160656
random,198543992
random,197836288
random,196940404
random,199962560
random,197502742
random,197311886
random,200175784
random,196222876
random,199386396
random,200628792
random,200459734
random,203584806
random,201342518
random,202429880
random,201683270
random,198814354
random,199310932
random,200235324
random,199846946
random,199567056
random,198775156
random,198177852
random,197811830
random,199549410
random,200281430
random,198811130
random,200244292
random,198852888
random,197562354
random,204733848
random,202235536
random,198627980
random,199985412
random,202204646
random,206127770
random,205223420
random,200357596
random,204200024
random,205368302
random,201995530
random,204243106
random,203064784
random,202618408
random,204742318
random,202145632
random,207358756
random,207880424
random,204011924
random,203840288
random,210328580
random,203953456
random,203364100
random,205200622
random,207124550
random,211011174
random,207019686
random,201317770
random,205815402
random,203186244
random,202526260
random,206122978
random,206408828
random,208995430
random,203935220
random,206724202
random,204749526
random,206122486
random,206480496
random,205898700
random,205804800
random,205145520
random,207087542
random,205348522
random,204675112
random,207046396
random,207185432
random,204594594
random,204875298
random,205755494
random,204975128
random,205366824
random,206098046
random,205323186
random,206138784
random,205120120
random,206957798
random,205302512
random,208478386
random,207112408
random,205324408
random,206610866
random,207207078
random,205301912
random,207758518
random,204860506
random,205634220
random,209728614
random,206797768
random,206485968
random,206624106
random,206742612
random,206459224
random,205300584
random,205867424
random,205419900
random,205651216
random,202308478
random,202670818
random,205718112
random,207169744
random,205130628
random,204419818
random,205302460
random,202502628
random,201026926
random,201399556
random,201821304
random,201494776
random,200087500
random,202621628
random,201086384
random,200343456
random,203598266
random,202822900
random,203338438
random,201645676
random,201817394
random,200332284
random,202901960
random,201115188
random,200737980
random,202073568
random,201669626
random,200118724
random,201053176
random,201222562
random,202000622
random,203165608
random,202530650
random,204236502
random,203219330
random,203715510
random,204824288
random,203344226
random,203962174
random,204155720
random,204005530
random,200202106
random,202470868
random,200590516
random,201759344
random,201523972
random,199683508
random,202750770
random,201370526
random,200669936
random,200956398
random,206134302
random,203101782
random,201227770
random,203417638
random,201849988
random,202284572
random,201002346
random,200894746
random,202018462
random,199521074
random,202438542
random,202784332
random,203458980
random,201609972
random,202744040
random,201689372
random,202564150
random,202107400
random,200346066
random,201473716
random,202528580
random,201356186
random,200213988
random,197673260
random,200975770
random,200764800
random,200068620
random,200861594
random,201492740
random,202419114
random,200305944
random,202297548
random,200035138
random,200031874
random,200159410
random,201252846
random,203188290
random,199660986
random,199886720
random,203942422
random,201624880
random,201248296
random,203395232
random,202687226
random,200817996
random,201662318
random,203701898
random,202832780
random,200980942
random,201741274
random,202721966
random,202838616
random,204302278
random,202404670
random,203353700
random,202741702
random,204323208
random,203682394
random,203643458
random,202767570
random,202965174
random,198485750
random,201246576
random,201847490
random,200781224
random,203195510
random,201511980
random,202559610
random,204579910
random,203649520
random,203303748
random,203748316
random,201847622
random,202073680
random,201284532
random,202055754
random,202377570
random,203059176
random,202304848
random,201386936
random,201871592
random,203040300
random,204113860
random,202474938
random,201503508
random,201811626
random,200581178
random,201919430
random,201841644
random,202888098
random,199154540
random,203248280
random,204373124
random,203240420
random,203164102
random,203351814
random,205136062
random,202546378
random,204253512
random,201934132
random,204592164
random,201362580
random,206190636
random,204463506
random,202306220
random,201181664
random,202348932
random,200536618
random,201009756
random,198888224
random,203537802
random,200815234
random,200207100
random,203011188
random,203159620
random,202081662
random,201129078
random,202002162
random,202493970
random,203753638
random,201234808
random,201654730
random,203489020
random,201973268
random,201546178
random,201289298
random,202086108
random,200312848
random,202235280
random,203560924
random,203209260
random,203251610
random,202301462
random,199625362
random,201286984
random,201670156
random,202910432
random,203737190
random,200789260
random,203999428
random,201730476
random,203073886
random,202296430
random,206436516
random,203088246
random,204571254
random,203198530
random,201889562
random,206418106
random,202755332
random,204583122
random,200589768
random,203344434
random,203911718
random,205032634
random,203511678
random,204396484
random,204182414
random,204550464
random,204911032
random,203425892
random,204382040
random,205185934
random,204176024
random,204106586
random,201960462
random,201387540
random,199563310
random,201218620
random,202740698
random,201559374
random,200664212
random,201463312
random,200300086
random,199487888
random,202062146
random,203358098
random,204215434
random,203519680
random,204427752
random,201892712
random,202185668
random,201724930
random,203665312
random,202758854
random,202570018
random,200327824
random,200856392
random,203014952
random,201316976
random,203115990
random,201778468
random,204639872
random,202409968
random,203737116
random,206187044
random,204456180
random,204733502
random,205753194
random,204759874
random,204652230
random,204397730
random,204326876
random,206151800
random,206169048
random,205989392
random,207805338
random,204312902
random,204768102
random,203625568
random,205776330
random,206243486
random,204380306
random,204364422
random,206045446
random,205028416
random,203956532
random,204343728
random,207612860
random,205169090
random,203975512
random,204141296
random,206041104
random,204645956
random,203286914
random,205030752
random,207076664
random,206546116
random,207454406
random,205675786
random,205944212
random,206254190
random,208388436
random,205972100
random,205999452
random,205853280
random,206463432
random,206832100
random,207766684
random,208187478
random,207104398
random,206750768
random,206910440
random,207687568
random,205633144
random,205230208
random,207890778
random,205569192
random,206654442
random,207406216
random,209019536
random,206399910
random,206209330
random,206437406
random,205666306
random,207988684
random,205790526
random,208914702
random,209137452
random,207541240
random,207493260
random,205211810
random,209206652
random,207236892
random,204875416
random,204412624
random,205507486
random,204208778
random,206000674
random,206613344
random,204856526
random,201076202
random,198753550
random,200696714
random,199330756
random,202363858
random,200800998
random,202516082
random,202081768
random,199526420
random,199076748
random,199580644
random,200103428
random,205880806
random,199108572
random,203871280
random,200753732
random,198918912
random,201801338
random,202748514
random,201542782
random,197920760
random,201373454
random,202668594
random,203453538
random,202698998
random,201786034
random,203332552
random,199581138
random,200064818
random,199236440
random,196437324
random,194960010
random,198085650
random,199600534
random,193312346
random,196084384
random,198400596
random,200309042
random,200707010
random,203918030
random,201628256
random,199378398
random,199853682
random,202719870
random,202987324
random,197188360
random,202626764
random,201249662
random,199834772
random,202209370
random,200059088
random,202098240
random,202247690
random,202078610
random,200054966
random,203983478
random,205173808
random,205329446
random,201468270
random,203155802
random,199172050
random,199423864
random,199932078
random,201779564
random,202306912
random,204589110
random,202573348
random,202316010
random,199813794
random,199422958
random,203834856
random,202329050
random,201310488
random,203158268
random,206190698
random,198364158
random,201674008
random,204176502
random,201597928
random,206681270
random,203125278
random,204333356
random,203668716
random,204180246
random,201712846
random,202647068
random,207454422
random,202955058
random,205503584
random,202227712
random,201608304
random,203849888
random,201276056
random,203313448
random,203992826
random,203885620
random,201414620
random,205167628
random,201556062
random,202823964
random,202085256
random,201424542
random,208129730
random,201579426
random,202494346
random,200558052
random,206619510
random,203562822
random,201808440
random,207420776
random,204143826
random,204326004
random,205250750
random,205174584
random,206124802
random,201774736
random,202864072
random,203220258
random,198501018
random,206463664
random,202731510
random,199178532
random,203127950
random,201755226
random,202683684
random,204170040
random,202432402
random,198957686
random,202173916
random,205432914
random,201002238
random,201913142
random,203154260
random,201760136
random,200925682
random,197427180
random,202156472
random,199306604
random,199812574
random,202330652
random,203823904
random,201589018
random,200461192
random,201822986
random,200995758
random,201484932
random,201018134
random,202275674
random,199274360
random,199238052
random,200262494
random,200259312
random,201075972
random,202729778
random,204699470
random,199370236
random,200454848
random,204641580
random,201514330
random,202805364
random,199294078
random,202396542
random,201657734
random,199599192
random,200274768
random,199839456
random,202514554
random,202508586
random,201727856
random,201412020
random,198976370
random,198293470
random,200090150
random,201520146
random,200690530
random,200410692
random,199949224
random,201136470
random,202267480
random,204360438
random,198658144
random,201312162
random,199514174
random,201742448
random,201489486
random,200076936
random,199072944
random,206099922
random,202510990
random,198398626
random,202488040
random,197442586
random,199509388
random,199361634
random,199973946
random,198729326
random,202877146
random,196905364
random,200168900
random,203051058
random,202957718
random,201021926
random,202571512
random,203498664
random,199339950
random,198831752
random,204414818
random,201153772
random,197966638
random,198655892
random,202105704
random,200386526
random,199634240
random,196516552
random,198387044
random,197956964
random,200719634
random,198618234
random,199171216
random,200695400
random,202944746
random,200426362
random,198257652
random,200772506
random,201533998
random,200083646
random,200143898
random,198898442
random,199047702
random,196807742
random,197509132
random,200824714
random,195583880
random,198029800
random,199995286
random,202067990
random,197755530
random,198002548
random,198601686
random,199181242
random,208286440
random,202357716
random,198339628
random,201722132
random,201017088
random,203371552
random,199165190
random,197377826
random,196513842
random,197207926
random,200543966
random,198467086
random,199253420
random,199276996
random,198027676
random,200573996
random,203949882
random,199712728
random,197768080
random,200396400
random,201894970
random,198340330
random,202971040
random,198692966
random,200020062
random,202330988
random,202664558
random,198906442
random,197192416
random,203597198
random,201067676
random,202461892
random,203108246
random,205571566
random,204866664
random,204939226
random,201709776
random,203530098
random,206809094
random,203375128
random,202474994
random,207049290
random,205068456
random,207591466
random,206729896
random,203838346
random,203691458
random,203481440
random,206170336
random,201993622
random,204485016
random,205429988
random,205651630
random,203041902
random,206082744
random,205634560
random,206194656
random,208747042
random,201027466
random,207943068
random,208628222
random,203734704
random,205238862
random,205447482
random,208103544
random,210657562
random,202590832
random,199776264
random,206143606
random,205696300
random,205466324
random,208482866
random,205273546
random,205266656
random,206281382
random,206076378
random,209798448
random,206341230
random,205143078
random,206307018
random,205036412
random,205787284
random,205230026
random,203659978
random,205301664
random,205789852
random,205636396
random,206962796
random,205756928
random,205688542
random,206032606
random,207217142
random,205630890
random,204994660
random,205797716
random,207670532
random,207912430
random,207613126
random,206911436
random,205115784
random,208181312
random,238334912
random,207782570
random,206785768
random,206117508
random,208787136
random,205278618
random,206355346
random,206581560
random,206812736
random,205745672
random,201917346
random,205650944
random,206120292
random,203415114
random,201766304
random,202811306
random,203455712
random,199293996
random,199499194
random,201570880
random,197016722
random,200506528
random,199395372
random,200312580
random,206240816
random,197628776
random,198129828
random,196322688
random,196225290
random,199316066
random,196831904
random,200742694
random,199114632
random,198571094
random,199524890
random,198805946
random,198286128
random,196838120
random,198587772
random,199231670
random,198880014
random,199391984
random,198265490
random,198241030
random,197167840
random,198249392
random,198850978
random,199378828
random,202283502
random,202834956
random,202068528
random,200807808
random,199580084
random,198956610
random,200711594
random,199215184
random,198626956
random,198716012
random,198073854
random,197602812
random,200837344
random,199600380
random,198419616
random,200580454
random,196993368
random,200028952
random,198529096
random,200897754
random,205007558
random,199774552
random,201262974
random,201776938
random,204468738
random,200856218
random,195909664
random,199708028
random,198025216
random,201498104
random,195371018
random,200023174
random,198605440
random,200206364
random,199001318
random,200614664
random,199784684
random,196790492
random,199706596
random,199877092
random,201266208
random,199811688
random,200136018
random,196533082
random,196654434
random,198396808
random,199205392
random,196079190
random,199310612
random,199937564
random,199434576
random,200841708
random,201291350
random,201019290
random,201222862
random,198936424
random,201199040
random,200763472
random,198259608
random,200197230
random,198783718
random,203321636
random,200612420
random,200331102
random,203227328
random,200292550
random,198659796
random,198242866
random,198277110
random,204660398
random,198876542
random,200690850
random,198781258
random,199855982
random,198119358
random,199332376
random,198512536
random,201792966
random,200283470
random,202820930
random,201536452
random,202407614
random,199728010
random,198152136
random,202113198
random,202837754
random,200474926
random,202973924
random,200366300
random,201384456
random,199901092
random,200275090
random,200068042
random,202433838
random,202541890
random,202798542
random,204038410
random,203603372
random,203820170
random,203047012
random,202075686
random,199285580
random,202633610
random,203961776
random,200997882
random,201640294
random,203865204
random,199682224
random,203250702
random,202816304
random,204185588
random,203453044
random,203365158
random,201480538
random,201594294
random,201443114
random,208095964
random,201393394
random,202636030
random,201525946
random,200518048
random,202174986
random,200950070
random,199014478
random,199944084
random,201811998
random,202571638
random,201124362
random,201701968
random,200829058
random,199762840
random,199897186
random,200862444
random,198244518
random,200172764
random,204621584
random,199752610
random,201352272
random,200806790
random,201726582
random,203357266
random,202535672
random,203177956
random,202241656
random,199195534
random,201642220
random,200304218
random,200366634
random,202950226
random,206281484
random,200564520
random,204195166
random,201394118
random,200361246
random,201741730
random,201014596
random,204870090
random,201969712
random,199411948
random,200541184
random,204463776
random,202720440
random,204045782
random,201414732
random,203454902
random,212690742
random,201350698
random,201467974
random,202474606
random,199966338
random,202290348
random,202020732
random,202496538
random,202064138
random,200502146
random,201606646
random,201195728
random,202357314
random,205864064
random,199268044
random,202441258
random,204393942
random,203760556
random,202841610
random,200757874
random,208075072
random,203043952
random,202516952
random,205284500
random,202497130
random,199007728
random,203231324
random,197303204
random,200695902
random,204199722
random,200296488
random,201313556
random,201320170
random,202364190
random,201143250
random,204647720
random,202139244
random,200524514
random,201545656
random,205752112
random,203507998
random,201997642
random,200857084
random,204494404
random,201545510
random,202394850
random,202177566
random,199666228
random,200286232
random,201212838
random,201015352
random,206677232
random,204005768
random,201900910
random,204458642
random,205278022
random,201608558
random,203055236
random,204701446
random,206910842
random,203876218
random,204921720
random,202510278
random,202154250
random,205257558
random,203878556
random,205049312
random,205058244
random,207264996
random,208181694
random,212233004
random,203379136
random,205077362
random,205957718
random,205325226
random,206661394
random,204802738
random,205315352
random,206544556
random,204629758
random,204263770
random,206696754
random,205540692
random,205792680
random,205083644
random,203320402
random,204560108
random,205381452
random,225348162
random,239490478
random,240708466
random,208440364
random,205526236
random,205497854
random,226368412
random,207351898
random,205255558
random,211386260
random,206431382
random,205069824
random,204971048
random,207240414
random,205820892
random,205743730
random,205063258
random,206096212
random,205787004
random,206435558
random,209207396
random,212817316
random,206058982
random,205305626
random,208190456
random,205976976
random,207004342
random,205638760
random,209793094
random,206513856
random,209324826
random,206423828
random,205250946
random,205197690
random,207676858
random,203086978
random,202166474
random,205245760
random,208933586
random,206188722
random,204967814
random,204232084
random,204924016
random,206414468
random,204166012
random,204930572
random,203485784
random,200713614
random,200982736
random,203073088
random,199442044
random,201153986
random,200889714
random,200590430
random,203303942
random,200281774
random,203114034
random,201733234
random,199994582
random,202106276
random,206576922
random,198061260
random,207171324
random,198253660
random,199769368
random,199740418
random,201757834
random,200391418
random,206382452
random,201966106
random,200394708
random,201625884
random,199812560
random,205117070
random,202405200
random,201560366
random,202222686
random,199942254
random,200493066
random,201921764
random,200712746
random,205162916
random,201999184
random,199111776
random,201519744
random,200536246
random,199992572
random,201953600
random,201758022
random,199979884
random,203020056
random,206868540
random,201467488
random,206924438
random,202570210
random,202303078
random,201421676
random,204910958
random,201853782
random,203620878
random,203286420
random,202456980
random,200453134
random,201957994
random,205747518
random,202555996
random,201788980
random,204047688
random,202983532
random,201201096
random,200902542
random,201803572
random,204348264
random,206308296
random,203809994
random,204129924
random,202566952
random,205641142
random,202617258
random,203471314
random,202641166
random,202680650
random,202205554
random,201598186
random,201828348
random,200578586
random,203032454
random,206411650
random,202320470
random,206177974
random,203270608
random,204159808
random,206397846
random,204193470
random,202877718
random,202060046
random,201061216
random,202952464
random,200960556
random,203967402
random,200586674
random,200104710
random,200055648
random,200767688
random,201597706
random,204487634
random,204312008
random,205224194
random,202256360
random,200831638
random,203081526
random,203061368
random,204870346
random,203707216
random,204130832
random,203714420
random,205953514
random,202720078
random,202520914
random,202233506
random,200711980
random,203011802
random,204087492
random,201196918
random,203097666
random,201942220
random,199536932
random,201795038
random,202874718
random,201667704
random,200825940
random,202817614
random,202542134
random,204545796
random,205729074
random,201662240
random,204809516
random,202847646
random,204682806
random,198704250
random,200158456
random,198915826
random,197094932
random,197631306
random,201924206
random,200246994
random,200415554
random,201308014
random,201245924
random,208127398
random,200936184
random,203395890
random,202904846
random,202663912
random,206252580
random,200097014
random,207241140
random,202219134
random,201828384
random,202582916
random,201339380
random,201703864
random,205330160
random,201016580
random,204265110
random,202377632
random,202675374
random,201946578
random,203625568
random,205888350
random,200471886
random,203276034
random,200919646
random,201152506
random,202493492
random,203756408
random,202308276
random,201620208
random,201841400
random,205632122
random,203427748
random,203447044
random,202739374
random,204748062
random,202122584
random,201483520
random,202744720
random,201283820
random,203625192
random,204346936
random,202574878
random,201373600
random,205261658
random,201494008
random,200750088
random,200858322
random,201221744
random,210068014
random,204304360
random,202306818
random,203211250
random,203084762
random,202437600
random,201436182
random,206363106
random,201696280
random,199496610
random,199849228
random,197080300
random,197987470
random,196540438
random,201330378
random,200722046
random,200274196
random,200748296
random,200506366
random,202125770
random,202173170
random,204686656
random,204632294
random,204010710
random,205609946
random,202708278
random,202628472
random,202933374
random,199783820
random,200915964
random,200419136
random,200367356
random,202217648
random,202243076
random,203403714
random,202358378
random,199729118
random,197550048
random,208719280
random,203677222
random,200785350
random,204241210
random,200463066
random,202147592
random,200156866
random,207662120
random,202227480
random,200864444
random,204324810
random,204806034
random,204702248
random,206155946
random,203537796
random,203793146
random,204623906
random,204659510
random,206244318
random,206462842
random,205134094
random,207389840
random,207190068
random,204451242
random,205008364
random,205010148
random,206693448
random,205425056
random,204704642
random,207314724
random,207178256
random,209447668
random,205477662
random,203445314
random,204406364
random,206514678
random,207893382
random,207842198
random,203993272
random,204034120
random,206328520
random,206714388
random,207071464
random,206498714
random,206447808
random,199662518
random,203038914
random,205442574
random,205514832
random,204963154
random,206985294
random,205586360
random,204828284
random,207028746
random,204959912
random,206634894
random,205103816
random,210187638
random,207874654
random,205921052
random,208497090
random,207344398
random,207683586
random,206613732
random,205823122
random,207640500
random,206942682
random,207661694
random,206055554
random,206631216
random,207907934
random,206605284
random,206163020
random,203912532
random,208880360
random,205402926
random,205428376
random,206232118
random,204539330
random,206781816
random,205774618
random,204281852
random,202322362
random,200463464
random,201922582
random,202360436
random,202783176
random,205206096
random,208857214
random,202872500
random,202953614
random,203430798
random,204329082
random,201828648
random,200741098
random,201699148
random,204337376
random,201583758
random,204003816
random,200564256
random,201612132
random,199806580
random,203492818
random,201205202
random,202980522
random,201784552
random,201522462
random,202830486
random,203012080
random,201568668
random,199646382
random,201625018
random,202008068
random,203047898
random,203434328
random,201161154
random,200213500
random,202533890
random,202336736
random,203318342
random,204610278
random,203802014
random,201964416
random,203411926
random,201261914
random,201490272
random,201808578
random,201564154
random,200483528
random,201548000
random,201894490
random,203008702
random,201586682
random,202966808
random,204034186
random,202549246
random,203804322
random,202109966
random,202075756
random,203330152
random,200943048
random,205660424
random,204945440
random,204763620
random,205152828
random,203531806
random,204186060
random,203641432
random,204733208
random,204375716
random,204468204
random,204004520
random,207340380
random,204227800
random,204516814
random,204057768
random,207560446
random,204785310
random,204608098
random,204867778
random,204649100
random,207414638
random,204268298
random,205548510
random,204109418
random,205094002
random,205225726
random,203839886
random,209296016
random,203953808
random,204511942
random,202906562
random,205621610
random,203962836
random,204917388
random,204875628
random,205618898
random,202413296
random,206148880
random,203115068
random,201571002
random,201682690
random,202739902
random,203002528
random,204072996
random,202975990
random,204159956
random,202145320
random,209405908
random,236353990
random,202768214
random,202769008
random,204273240
random,203403090
random,205045266
random,200710556
random,203143338
random,200930330
random,203552586
random,205595314
random,200862220
random,204226432
random,201370230
random,201964344
random,202926832
random,205395984
random,201841272
random,202148030
random,201354914
random,204268860
random,202454102
random,204895744
random,204474774
random,204270704
random,202477792
random,202032016
random,203311330
random,202041752
random,205672350
random,203379566
random,204890918
random,204206728
random,207716892
random,203171554
random,203439456
random,203724434
random,204203008
random,204110300
random,200516438
random,202962546
random,203149900
random,203716460
random,202386780
random,201606238
random,202121616
random,203594962
random,204313904
random,201634672
random,202499954
random,203851954
random,203796486
random,204489282
random,202517164
random,201846530
random,202558958
random,203018926
random,203392774
random,201577340
random,200634882
random,203346550
random,203043354
random,202239154
random,203372936
random,200591190
random,201421052
random,203508844
random,202085318
random,203475018
random,202172246
random,203288732
random,203314702
random,202715460
random,202514932
random,203707560
random,202581488
random,204040852
random,203086812
random,200961456
random,203272924
random,202923592
random,201849284
random,203522138
random,202642378
random,203229250
random,202430920
random,203554348
random,201679648
random,203948720
random,204415838
random,204226278
random,204131642
random,203624044
random,204327274
random,202962930
random,203263648
random,203236578
random,202494168
random,203340442
random,202262990
random,204379866
random,201948054
random,202780372
random,202741888
random,204221846
random,204668798
random,202372666
random,201934952
random,203336540
random,206134298
random,202211046
random,205170858
random,202279158
random,203181412
random,203676694
random,203662676
random,204508972
random,200913804
random,202591610
random,208736758
random,202685284
random,202834876
random,206581906
random,202914308
random,202323456
random,203495210
random,205443560
random,203213160
random,202545534
random,204022128
random,201197436
random,204048410
random,203901684
random,201540456
random,204340744
random,202914766
random,203226558
random,204889862
random,207501320
random,204825226
random,204200274
random,204496486
random,205397552
random,205932816
random,208509550
random,207607236
random,204382966
random,205403166
random,206480766
random,204726018
random,204750086
random,204543314
random,205508898
random,204387822
random,203666174
random,204953786
random,208394820
random,203732560
random,205007028
random,205076586
random,205839352
random,208356838
random,206008900
random,204002750
random,205881444
random,208574246
random,204719812
random,204635078
random,205259204
random,203683084
random,207563616
random,208339480
random,207817996
random,207477722
random,206935420
random,208012926
random,208230440
random,206485382
random,206101544
random,208732208
random,208899768
random,210818118
random,209487362
random,211509968
random,207916172
random,206685306
random,207436032
random,206679336
random,205655424
random,208030150
random,206430116
random,205063128
random,206172128
random,207068866
random,205187870
random,206025208
random,205708636
random,206563792
random,206522554
random,207673778
random,206885786
random,205401460
random,206290120
random,204481692
random,204752600
random,206471210
random,236194430
random,204562982
random,208259114
random,204075906
random,200199900
random,199513532
random,201957260
random,204540418
random,203889880
random,200882932
random,201229422
random,201306712
random,201291238
random,200107660
random,202700864
random,201771126
random,201756490
random,203380626
random,204263752
random,201840090
random,209256656
random,200968418
random,202705906
random,206931672
random,203124148
random,203090810
random,201130038
random,204106184
random,201240046
random,201258436
random,199196798
random,201999210
random,200738326
random,201646616
random,206998888
random,199946048
random,200658308
random,202369130
random,202245802
random,200738412
random,200994402
random,206330730
random,200564598
random,200972216
random,206314122
random,203505350
random,202722964
random,205744754
random,203341634
random,201027058
random,206265924
random,201967188
random,199430588
random,202411656
random,203058126
random,200039838
random,214190888
random,201848814
random,202765342
random,200953042
random,200001324
random,201502746
random,199706476
random,200493538
random,201536358
random,203168044
random,200200384
random,204690224
random,199759518
random,202026718
random,199807072
random,203971528
random,200338560
random,200193578
random,201351260
random,203671042
random,201349644
random,197873880
random,200236372
random,199848380
random,205365820
random,203338664
random,200989554
random,203118014
random,203117258
random,203844454
random,202714100
random,204425058
random,201766958
random,202081224
random,203326208
random,207171990
random,203050880
random,201747624
random,202258928
random,199595498
random,204998340
random,202403340
random,199840270
random,202863542
random,202201490
random,200219818
random,203196572
random,202933454
random,200645648
random,201875668
random,203241866
random,200797858
random,200846984
random,200900570
random,199838542
random,202022292
random,201406778
random,202645616
random,202431802
random,201395888
random,202713286
random,202878802
random,202253860
random,201350508
random,199717652
random,201115260
random,200398734
random,200102634
random,202107370
random,201072008
random,201054418
random,202119174
random,203047240
random,204168442
random,202635786
random,204569872
random,202735530
random,200561304
random,201802490
random,197905336
random,197868798
random,204295570
random,200556984
random,199936204
random,200614894
random,200897326
random,200690438
random,203586444
random,201004110
random,201996620
random,204501566
random,203964626
random,202184894
random,201174934
random,202506618
random,202126488
random,202438946
random,203749762
random,202768936
random,199807348
random,201990604
random,201133968
random,203297840
random,201785864
random,201654106
random,201120106
random,202773314
random,202420914
random,204491342
random,202649780
random,202321214
random,203287540
random,204210874
random,200987196
random,204577010
random,205108810
random,201304968
random,203030996
random,204511984
random,200231318
random,200349838
random,200707522
random,202136230
random,201772086
random,200757634
random,199366074
random,204639436
random,202761806
random,202044292
random,207400454
random,201025504
random,199723898
random,201325346
random,203399252
random,203767322
random,202225450
random,203523642
random,205186354
random,201165272
random,201883198
random,204792710
random,202226538
random,202392750
random,206123850
random,200668072
random,202719366
random,200595118
random,200678250
random,206616922
