class,cycles
fixed,107433490
fixed,107678286
fixed,106754764
fixed,107408988
fixed,106122234
fixed,108540858
fixed,106634684
fixed,107317928
fixed,107769058
fixed,108461186
fixed,109174900
fixed,106667146
fixed,105642712
fixed,106125874
fixed,107204384
fixed,108918518
fixed,107565286
fixed,110148364
fixed,107427638
fixed,106655060
fixed,107643386
fixed,109802682
fixed,105727854
fixed,106321516
fixed,107865804
fixed,107159486
fixed,109276056
fixed,107952196
fixed,107448594
fixed,111228932
fixed,107460336
fixed,106211340
fixed,107105150
fixed,106274614
fixed,107497308
fixed,108436048
fixed,112277196
fixed,107200866
fixed,105770686
fixed,107283064
fixed,107491182
fixed,107078550
fixed,107523182
fixed,107231630
fixed,107428674
fixed,107146800
fixed,107742416
fixed,107643240
fixed,110641492
fixed,110217874
fixed,107721260
fixed,107793820
fixed,107418294
fixed,107903088
fixed,107431362
fixed,107385796
fixed,107199652
fixed,106831398
fixed,107483042
fixed,105430490
fixed,104805398
fixed,106472384
fixed,107620618
fixed,106914002
fixed,107291900
fixed,107083114
fixed,111075868
fixed,107350678
fixed,107695284
fixed,107704544
fixed,108097804
fixed,107504820
fixed,107258754
fixed,108041078
fixed,107264832
fixed,107535662
fixed,110179502
fixed,107787500
fixed,107076932
fixed,107501886
fixed,107787584
fixed,107065116
fixed,107547742
fixed,107038180
fixed,108190168
fixed,108390238
fixed,108500954
fixed,107114614
fixed,107100428
fixed,107065630
fixed,107405842
fixed,107159114
fixed,109517324
fixed,107771368
fixed,107819410
fixed,107346772
fixed,106950084
fixed,107929420
fixed,107930992
fixed,107249200
fixed,107791872
fixed,107855062
fixed,108527782
fixed,111572060
fixed,108490664
fixed,107486140
fixed,107223022
fixed,107182292
fixed,107191080
fixed,107340070
fixed,122861478
fixed,111740154
fixed,107184756
fixed,106055126
fixed,105570476
fixed,107037032
fixed,106931714
fixed,107058066
fixed,107553620
fixed,110826918
fixed,105507118
fixed,104942294
fixed,105322158
fixed,110304348
fixed,106870314
fixed,107536524
fixed,107072588
fixed,105627016
fixed,104331530
fixed,106553912
fixed,105060036
fixed,104920968
fixed,105672684
fixed,106348024
fixed,105636258
fixed,103449968
fixed,105624680
fixed,105795424
fixed,102723388
fixed,104568162
fixed,102068108
fixed,104415950
fixed,104314754
fixed,104160186
fixed,107867064
fixed,104250322
fixed,105979990
fixed,105661364
fixed,105109954
fixed,103982170
fixed,104988942
fixed,105045024
fixed,108177426
fixed,105463832
fixed,102145766
fixed,101776044
fixed,104645030
fixed,103642972
fixed,107065092
fixed,105048010
fixed,105473170
fixed,106543218
fixed,101625930
fixed,104460396
fixed,105607658
fixed,102405178
fixed,103953010
fixed,103828744
fixed,102258718
fixed,100770104
fixed,100841518
fixed,107696470
fixed,106130250
fixed,103753320
fixed,104095552
fixed,103046094
fixed,103456432
fixed,102359242
fixed,104099434
fixed,103531660
fixed,103173152
fixed,102518438
fixed,104646930
fixed,104888236
fixed,102507094
fixed,103505938
fixed,102397742
fixed,106820544
fixed,104010826
fixed,105090624
fixed,101689494
fixed,103131840
fixed,101908778
fixed,105430564
fixed,106186912
fixed,103243858
fixed,104489970
fixed,104234612
fixed,104298594
fixed,102931868
fixed,104196538
fixed,101607124
fixed,102228444
fixed,102549970
fixed,101784884
fixed,102247414
fixed,103869754
fixed,104134558
fixed,105366236
fixed,101896846
fixed,102633812
fixed,102983562
fixed,105944656
fixed,103527802
fixed,104996654
fixed,101932534
fixed,102490378
fixed,102369882
fixed,102376646
fixed,106576814
fixed,105188766
fixed,105032592
fixed,101554390
fixed,101226172
fixed,104084156
fixed,103387736
fixed,105920822
fixed,103223866
fixed,102255274
fixed,106944422
fixed,102976098
fixed,101305692
fixed,101517216
fixed,107988572
fixed,100529338
fixed,104546730
fixed,101169654
fixed,104087490
fixed,103091038
fixed,102418524
fixed,102911600
fixed,102073038
fixed,103538312
fixed,103664580
fixed,103099704
fixed,100943306
fixed,103740416
fixed,106144680
fixed,103823142
fixed,104210386
fixed,101795350
fixed,101770660
fixed,102639842
fixed,104994100
fixed,102470150
fixed,103802716
fixed,103872964
fixed,106041790
fixed,104543498
fixed,106477130
fixed,105889584
fixed,104457306
fixed,102493864
fixed,104011324
fixed,103174330
fixed,103972478
fixed,104171560
fixed,107798888
fixed,105560446
fixed,105306982
fixed,107217564
fixed,105756354
fixed,105079702
fixed,104884160
fixed,102897552
fixed,104100342
fixed,103507098
fixed,104008138
fixed,102430688
fixed,104294782
fixed,105768240
fixed,104264690
fixed,105094220
fixed,106213096
fixed,101873576
fixed,103164070
fixed,104028962
fixed,104848248
fixed,102311702
fixed,104472016
fixed,103729388
fixed,102657262
fixed,105102740
fixed,105086806
fixed,103877000
fixed,101945286
fixed,102691882
fixed,105523062
fixed,102964974
fixed,105401162
fixed,104767922
fixed,103368218
fixed,104509388
fixed,105033254
fixed,102391442
fixed,103183876
fixed,104514842
fixed,103013768
fixed,103986828
fixed,105694716
fixed,103757678
fixed,104097398
fixed,103626828
fixed,103754710
fixed,101899814
fixed,102284024
fixed,106924958
fixed,104890050
fixed,102479550
fixed,102878468
fixed,104217046
fixed,103790950
fixed,106770894
fixed,104671586
fixed,104705320
fixed,104643762
fixed,107118442
fixed,107284236
fixed,108280618
fixed,106496636
fixed,102407408
fixed,102808818
fixed,102681232
fixed,107657084
fixed,103716268
fixed,106224224
fixed,102745606
fixed,108009642
fixed,101850428
fixed,102977116
fixed,101851844
fixed,102144940
fixed,104611502
fixed,104107358
fixed,102642258
fixed,103992836
fixed,101969558
fixed,107469694
fixed,102952564
fixed,101774858
fixed,102262686
fixed,99963728
fixed,103334394
fixed,103502314
fixed,105000238
fixed,104089298
fixed,101617894
fixed,100888792
fixed,105186190
fixed,106782424
fixed,101066248
fixed,104072844
fixed,103797350
fixed,103659234
fixed,103050954
fixed,106742658
fixed,103983972
fixed,103911564
fixed,104139004
fixed,105368076
fixed,104492018
fixed,107177464
fixed,105477750
fixed,103691558
fixed,102617148
fixed,103345400
fixed,103186552
fixed,103461678
fixed,106929958
fixed,105466230
fixed,103806870
fixed,105239064
fixed,104422502
fixed,104284664
fixed,104906050
fixed,103743852
fixed,104739978
fixed,104248730
fixed,104415658
fixed,104865710
fixed,104680438
fixed,104212288
fixed,102986388
fixed,108085660
fixed,103004250
fixed,104459404
fixed,103705202
fixed,104376092
fixed,104972988
fixed,104170942
fixed,104476692
fixed,104014094
fixed,102358252
fixed,103644380
fixed,107483888
fixed,101699930
fixed,102388450
fixed,102156100
fixed,102931302
fixed,103998222
fixed,103461178
fixed,103851668
fixed,108102170
fixed,102792892
fixed,103635372
fixed,103407426
fixed,101300128
fixed,103457082
fixed,105714208
fixed,103514878
fixed,105824396
fixed,102523064
fixed,104586074
fixed,102469370
fixed,109816626
fixed,104926268
fixed,103848420
fixed,103874986
fixed,104523994
fixed,103087602
fixed,102822066
fixed,105955962
fixed,105756518
fixed,105130250
fixed,105009210
fixed,106080042
fixed,106360376
fixed,104883340
fixed,106357254
fixed,104985326
fixed,103815568
fixed,105320988
fixed,101920210
fixed,101897482
fixed,102404246
fixed,104820678
fixed,104594796
fixed,103183274
fixed,105621798
fixed,103169612
fixed,103213930
fixed,102993568
fixed,104790670
fixed,104741174
fixed,103989786
fixed,105639028
fixed,107272946
fixed,102825780
fixed,106331318
fixed,104613630
fixed,104360972
fixed,103331768
fixed,106009680
fixed,103307226
fixed,103147706
fixed,103768510
fixed,105812624
fixed,103905838
fixed,103583868
fixed,101908090
fixed,103766510
fixed,103566718
fixed,105056618
fixed,103535696
fixed,102643106
fixed,104594772
fixed,103603002
fixed,104909634
fixed,101783560
fixed,103859338
fixed,104302036
fixed,104151654
fixed,104473350
fixed,101526610
fixed,105210340
fixed,103417044
fixed,107822434
fixed,100315668
fixed,104554386
fixed,102319620
fixed,142801254
fixed,102028996
fixed,107795796
fixed,102398294
fixed,101309166
fixed,102178946
fixed,108685976
fixed,103800208
fixed,102672386
fixed,101888586
fixed,104491222
fixed,107603774
fixed,102420494
fixed,103232898
fixed,104376616
fixed,101564214
fixed,105473528
fixed,103797952
fixed,103060178
fixed,104669226
fixed,102689370
fixed,102442448
fixed,104515554
fixed,105034738
fixed,104112884
fixed,103580064
fixed,111367204
fixed,104682172
fixed,103868848
fixed,102911946
fixed,103035296
fixed,105125244
fixed,104329016
fixed,103205324
fixed,103639510
fixed,105878324
fixed,101680872
fixed,103264316
fixed,104188532
fixed,105507512
fixed,104090734
fixed,105614946
fixed,103811200
fixed,104152856
fixed,104461670
fixed,102491120
fixed,102985098
fixed,103429714
fixed,101923952
fixed,104689244
fixed,101564006
fixed,101688156
fixed,103273814
fixed,101539392
fixed,104366518
fixed,103381260
fixed,103645828
fixed,104629296
fixed,105949178
fixed,104388578
fixed,102197968
fixed,102579102
fixed,105095320
fixed,106082750
fixed,105301982
fixed,106990316
fixed,103610602
fixed,105081814
fixed,105460484
fixed,104258952
fixed,104551564
fixed,105115426
fixed,103724414
fixed,101774316
fixed,103860680
fixed,103535782
fixed,104583386
fixed,102892724
fixed,105152100
fixed,104298310
fixed,103763572
fixed,103701862
fixed,104059532
fixed,102470026
fixed,104310718
fixed,104357100
fixed,103194268
fixed,102639762
fixed,104789644
fixed,105094580
fixed,103832774
fixed,103972458
fixed,104241366
fixed,102084904
fixed,103522016
fixed,104275390
fixed,102904144
fixed,103266978
fixed,104124860
fixed,104953866
fixed,104825358
fixed,101953860
fixed,104041244
fixed,104140424
fixed,102558070
fixed,101880580
fixed,104924354
fixed,106518106
fixed,103577782
fixed,103275802
fixed,103708980
fixed,103913114
fixed,102820818
fixed,106128250
fixed,103868798
fixed,103041758
fixed,103277448
fixed,103662256
fixed,103451920
fixed,100403780
fixed,100600944
fixed,103550788
fixed,101896964
fixed,106273020
fixed,103329886
fixed,103315948
fixed,103835762
fixed,103378662
fixed,103273556
fixed,101903288
fixed,109636044
fixed,101042102
fixed,103497068
fixed,104360018
fixed,107037006
fixed,103418180
fixed,104790910
fixed,101863684
fixed,102883760
fixed,107386740
fixed,103310424
fixed,102868628
fixed,105661956
fixed,106510272
fixed,105980892
fixed,104088514
fixed,104320834
fixed,106345352
fixed,106836608
fixed,103638980
fixed,104558792
fixed,104689144
fixed,108711216
fixed,107507190
fixed,107500124
fixed,107697206
fixed,108202356
fixed,109272354
fixed,106683580
fixed,107344862
fixed,111462568
fixed,106073346
fixed,106402656
fixed,108871056
fixed,104350474
fixed,109165028
fixed,105239458
fixed,105111718
fixed,103835044
fixed,104656748
fixed,107087502
fixed,107422008
fixed,107640502
fixed,106857054
fixed,106540904
fixed,104989042
fixed,105278670
fixed,107144680
fixed,107179270
fixed,107489940
fixed,107536862
fixed,106619184
fixed,107325520
fixed,107274874
fixed,105380690
fixed,103121020
fixed,106519774
fixed,107416666
fixed,106137902
fixed,104883972
fixed,105038088
fixed,107333312
fixed,107634388
fixed,107560394
fixed,108747718
fixed,106064146
fixed,110632772
fixed,106442114
fixed,107052252
fixed,107260120
fixed,108076036
fixed,107339024
fixed,102698086
fixed,106806740
fixed,108638716
fixed,105295210
fixed,104293260
fixed,109532940
fixed,108204118
fixed,107798664
fixed,107775348
fixed,108029424
fixed,107263850
fixed,109085782
fixed,107266026
fixed,108073380
fixed,110293318
fixed,107621048
fixed,107254474
fixed,107566016
fixed,107434246
fixed,107190604
fixed,106301286
fixed,105077268
fixed,106312808
fixed,105169526
fixed,108727338
fixed,107695734
fixed,107372016
fixed,107608756
fixed,107601452
fixed,107879518
fixed,108649156
fixed,107764568
fixed,107269732
fixed,109016290
fixed,107408598
fixed,107316056
fixed,107257834
fixed,108378958
fixed,107589104
fixed,107730806
fixed,112387974
fixed,107014366
fixed,107480676
fixed,107465806
fixed,107364168
fixed,107523700
fixed,107044252
fixed,107350066
fixed,107164960
fixed,110067190
fixed,107227698
fixed,106794084
fixed,106955756
fixed,107439596
fixed,108098716
fixed,107384330
fixed,107892752
fixed,107155762
fixed,107616018
fixed,107173998
fixed,107748774
fixed,106772258
fixed,107394548
fixed,107726300
fixed,107641724
fixed,110572722
fixed,107489500
fixed,107456540
fixed,107692014
fixed,108062886
fixed,107872722
fixed,107325822
fixed,110475618
fixed,107338982
fixed,107209978
fixed,107449464
fixed,108773254
fixed,109025540
fixed,107879312
fixed,108112972
fixed,107375006
fixed,107354008
fixed,106864094
fixed,107674238
fixed,106936590
fixed,107140362
fixed,110532852
fixed,107255680
fixed,107390780
fixed,106971464
fixed,109051658
fixed,107093738
fixed,107042474
fixed,106900088
fixed,107012578
fixed,106862104
fixed,107838874
fixed,106112642
fixed,105233988
fixed,104727756
fixed,108037992
fixed,104872192
fixed,105235316
fixed,107069754
fixed,106980656
fixed,107328914
fixed,107505138
fixed,107139228
fixed,107288380
fixed,104505796
fixed,105174978
fixed,103891640
fixed,107059908
fixed,106955312
fixed,107100412
fixed,106968248
fixed,104360116
fixed,105710928
fixed,103056806
fixed,105300886
fixed,104813618
fixed,105456368
fixed,106046498
fixed,106640292
fixed,106291788
fixed,105263764
fixed,104380436
fixed,105826816
fixed,107559834
fixed,106819578
fixed,106527494
fixed,105374710
fixed,103950596
fixed,104938672
fixed,106876162
fixed,105281056
fixed,101780146
fixed,104098236
fixed,102552116
fixed,102172976
fixed,102066280
fixed,103448292
fixed,101922092
fixed,102867186
fixed,103204310
fixed,110524330
fixed,103799312
fixed,104786824
fixed,102919008
fixed,102086198
fixed,103105184
fixed,102850546
fixed,102895774
fixed,103830594
fixed,101789104
fixed,106114916
fixed,101170408
fixed,102375684
fixed,101371178
fixed,100854844
fixed,100543932
fixed,104318172
fixed,104778764
fixed,105338936
fixed,102164074
fixed,103728392
fixed,103429794
fixed,100892352
fixed,104060412
fixed,108625472
fixed,101570626
fixed,103901752
fixed,104382866
fixed,102323532
fixed,102293468
fixed,101739878
fixed,113146128
fixed,104088484
fixed,104744580
fixed,103505664
fixed,104140390
fixed,102845762
fixed,102263228
fixed,103951350
fixed,103485248
fixed,103926828
fixed,100708464
fixed,104207498
fixed,107591380
fixed,104496498
fixed,102907804
fixed,103413250
fixed,105798102
fixed,104257568
fixed,103919502
fixed,103910848
fixed,102260580
fixed,101798480
fixed,103286874
fixed,101224250
fixed,102209938
fixed,106023344
fixed,102281424
fixed,103978818
fixed,103390012
fixed,102452614
fixed,101201074
fixed,103080674
fixed,103967406
fixed,102242128
fixed,102066990
fixed,102949506
fixed,102347138
fixed,100999778
fixed,106683742
fixed,104296814
fixed,103615756
fixed,103317270
fixed,101977024
fixed,102460740
fixed,103564390
fixed,104785110
fixed,101265824
fixed,104577628
fixed,103240182
fixed,102302460
fixed,102194060
fixed,102080168
fixed,103288720
fixed,102537324
fixed,101717182
fixed,102295432
fixed,105153704
fixed,104473914
fixed,103864820
fixed,104596646
fixed,104293154
fixed,102325300
fixed,101973532
fixed,104205466
fixed,106130082
fixed,103542470
fixed,103235058
fixed,102222400
fixed,103687958
fixed,104757762
fixed,106192838
fixed,105396052
fixed,103760696
fixed,103718990
fixed,102844310
fixed,101815116
fixed,103069586
fixed,104725882
fixed,106796618
fixed,106951368
fixed,103592856
fixed,104365942
fixed,106060230
fixed,103374482
fixed,101709726
fixed,102732338
fixed,103891182
fixed,102824328
fixed,102743108
fixed,102856956
fixed,106492802
fixed,105204822
fixed,104382226
fixed,104251372
fixed,102731600
fixed,101923600
fixed,101222270
fixed,102050938
fixed,103464138
fixed,103414560
fixed,102829748
fixed,101402422
fixed,104074820
fixed,103944424
fixed,103256826
fixed,103779806
fixed,104379072
fixed,104829432
fixed,106455636
fixed,105050624
fixed,103432698
fixed,102847864
fixed,102648920
fixed,103249184
fixed,107679506
fixed,104401624
fixed,101770284
fixed,103579110
fixed,103470186
fixed,106641950
fixed,103571852
fixed,103770266
fixed,104069880
fixed,106597138
fixed,103402558
fixed,106880910
fixed,105637310
fixed,103889322
fixed,108235318
fixed,103666160
fixed,104078788
fixed,103795594
fixed,104054184
fixed,108157656
fixed,103916748
fixed,104643998
fixed,103445204
fixed,102645756
fixed,104081068
fixed,107974740
fixed,103146178
fixed,103024086
fixed,102473008
fixed,104188632
fixed,104119804
fixed,104105466
fixed,106272080
fixed,108939228
fixed,103804702
fixed,103576712
fixed,101572042
fixed,103901168
fixed,101625114
fixed,103907188
fixed,104379236
fixed,103369052
fixed,103148286
fixed,105333394
fixed,103673392
fixed,105272948
fixed,103565640
fixed,104523402
fixed,103082152
fixed,107516742
fixed,105100634
fixed,102538196
fixed,102763692
fixed,102996490
fixed,103126072
fixed,102167656
fixed,108158368
fixed,104503944
fixed,102965298
fixed,104280990
fixed,105785772
fixed,104908562
fixed,103245902
fixed,101979968
fixed,105470128
fixed,104069792
fixed,104983918
fixed,104393816
fixed,104385268
fixed,105129978
fixed,105246850
fixed,103168646
fixed,103428536
fixed,103178436
fixed,104490112
fixed,104473704
fixed,106624430
fixed,104004616
fixed,101584328
fixed,102301474
fixed,103671076
fixed,104817590
fixed,104213794
fixed,105331464
fixed,102993138
fixed,103265880
fixed,102346040
fixed,102925474
fixed,102171588
fixed,107201564
fixed,105330268
fixed,104366916
fixed,104978066
fixed,105524928
fixed,104325524
fixed,105358648
fixed,105970244
fixed,105145402
fixed,104670432
fixed,105158336
fixed,105195842
fixed,106825950
fixed,103976058
fixed,105427488
fixed,104747406
fixed,105319502
fixed,105548206
fixed,105993928
fixed,106458134
fixed,105761054
fixed,105633392
fixed,104820054
fixed,105830252
fixed,104461060
fixed,104598442
fixed,105775928
fixed,104013122
fixed,106240020
fixed,105018796
fixed,105034100
fixed,105250936
fixed,106886930
fixed,104116846
fixed,104810170
fixed,105604076
fixed,107654770
fixed,103592234
fixed,105893090
fixed,104364698
fixed,104849954
fixed,104478600
fixed,104175928
fixed,104559434
fixed,104215960
fixed,103840002
fixed,104819522
fixed,104862462
fixed,104176022
fixed,104975068
fixed,105090972
fixed,105797484
fixed,107941428
fixed,103999800
fixed,104137252
fixed,105123444
fixed,105730348
fixed,102401396
fixed,103667354
fixed,107885740
fixed,104323844
fixed,104630498
fixed,103631844
fixed,105724002
fixed,104765516
fixed,103275014
fixed,103232504
fixed,105016920
fixed,109350870
fixed,104578144
fixed,104742488
fixed,104603544
fixed,105158410
fixed,105547624
fixed,108308202
fixed,103670348
fixed,104818812
fixed,105839926
fixed,108641792
fixed,104466830
fixed,104634978
fixed,105092066
fixed,104998446
fixed,103791528
fixed,107015306
fixed,105167288
fixed,106556914
fixed,105647572
fixed,106578626
fixed,106303812
fixed,103899454
fixed,102803482
fixed,105016348
fixed,105701414
fixed,104884308
fixed,104735150
fixed,104623594
fixed,104669144
fixed,103474020
fixed,104801916
fixed,103876216
fixed,103738380
fixed,104643350
fixed,105422250
fixed,103727990
fixed,104984044
fixed,106954024
fixed,106847212
fixed,105462990
fixed,103618274
fixed,104676088
fixed,107603090
fixed,104975562
fixed,103664102
fixed,104666972
fixed,102915904
fixed,103668066
fixed,104442770
fixed,104699768
fixed,103267584
fixed,105606560
fixed,104325240
fixed,102186208
fixed,104693248
fixed,107167670
fixed,106034214
fixed,104164548
fixed,104144038
fixed,103298562
fixed,107528134
fixed,105151582
fixed,105077908
fixed,103400498
fixed,108367806
fixed,104560480
fixed,104761628
fixed,104658992
fixed,105555886
fixed,109512958
fixed,105397730
fixed,104624930
fixed,102517104
fixed,104051326
fixed,105270250
fixed,102054136
fixed,105043052
fixed,106017524
fixed,105757548
fixed,105671470
fixed,105800850
fixed,104703068
fixed,104155336
fixed,105118752
fixed,110863588
fixed,103514716
fixed,104880658
fixed,104036998
fixed,104837042
fixed,106832396
fixed,105305556
fixed,104612022
fixed,105113064
fixed,104275296
fixed,104318584
fixed,105574030
fixed,105486232
fixed,108204966
fixed,105520962
fixed,105471930
fixed,104221928
fixed,105527484
fixed,107898430
fixed,105635958
fixed,105165062
fixed,104745214
fixed,104109232
fixed,103159544
fixed,108367754
fixed,105046576
fixed,103337180
fixed,105046218
fixed,104541444
fixed,104271662
fixed,105252596
fixed,107343924
fixed,104538412
fixed,104533520
fixed,102055934
fixed,104401534
fixed,105115654
fixed,103013140
fixed,106620468
fixed,107171386
fixed,105417830
fixed,104682586
fixed,103286118
fixed,104216220
fixed,107632706
fixed,107207384
fixed,106218832
fixed,104445048
fixed,105765844
fixed,105487248
fixed,105963952
fixed,105858446
fixed,104705246
fixed,104156716
fixed,104586082
fixed,103645474
fixed,106000728
fixed,106259742
fixed,107464638
fixed,105117744
fixed,105931708
fixed,105707206
fixed,105309306
fixed,106006824
fixed,104019062
fixed,106231626
fixed,105589258
fixed,104252248
fixed,103119352
fixed,103093768
fixed,105486182
fixed,103291220
fixed,105484550
fixed,105088890
fixed,104892806
fixed,104373086
fixed,103741326
fixed,104619182
fixed,104889950
fixed,105139852
fixed,104456792
fixed,104321486
fixed,104065746
fixed,106735924
fixed,104631666
fixed,104852400
fixed,104491604
fixed,105474034
fixed,105478348
fixed,104552798
fixed,103427482
fixed,104152518
fixed,108120520
fixed,104463142
fixed,103791298
fixed,105497600
fixed,103944828
fixed,109001706
fixed,103629264
fixed,103363930
fixed,107633538
fixed,103850344
fixed,106551338
fixed,105330016
fixed,106171878
fixed,105255836
fixed,104663330
fixed,105983124
fixed,105236074
fixed,104971612
fixed,105552532
fixed,106399558
fixed,105098256
fixed,107444348
fixed,105455160
fixed,105397852
fixed,106382228
fixed,106946446
fixed,107731242
fixed,111066208
fixed,106594252
fixed,106069822
fixed,107225216
fixed,107296764
fixed,112571854
fixed,107216468
fixed,106855262
fixed,105780140
fixed,105831856
fixed,106375914
fixed,109903688
fixed,106381714
fixed,111464956
fixed,107957544
fixed,106671026
fixed,105905928
fixed,107728084
fixed,107917114
fixed,106822126
fixed,106854652
fixed,106643266
fixed,106424700
fixed,105887052
fixed,104974816
fixed,107289854
fixed,108370972
fixed,106866318
fixed,106288692
fixed,106951220
fixed,106836412
fixed,109474048
fixed,107619888
fixed,106294538
fixed,105749292
fixed,106851456
fixed,107184732
fixed,107454338
fixed,106127306
fixed,105064786
fixed,107781570
fixed,107322674
fixed,107942414
fixed,107446292
fixed,107973590
fixed,107125594
fixed,107242948
fixed,108062800
fixed,108101502
fixed,107425800
fixed,107214698
fixed,106964358
fixed,106949772
fixed,108263218
fixed,107461578
fixed,107126984
fixed,109101714
fixed,107097662
fixed,107732992
fixed,104079176
fixed,105560540
fixed,103521580
fixed,106489200
fixed,111780420
fixed,107478652
fixed,107418398
fixed,107103682
fixed,106922492
fixed,107137132
fixed,107378476
fixed,107134068
fixed,109795026
fixed,107525102
fixed,107819598
fixed,107541822
fixed,107112078
fixed,107424664
fixed,107112232
fixed,108765938
fixed,107044272
fixed,107488294
fixed,108290880
fixed,106879918
fixed,107329138
fixed,107655516
fixed,107870568
fixed,108820912
fixed,107201930
fixed,108020820
fixed,107330476
fixed,106958614
fixed,106972582
fixed,109819080
fixed,107646638
fixed,107543414
fixed,107406306
fixed,108103754
fixed,108393068
fixed,107007444
fixed,107557858
fixed,109121616
fixed,107314368
fixed,107413694
fixed,107630220
fixed,107651032
fixed,107108412
fixed,108290124
fixed,107778030
fixed,107520568
fixed,107116498
fixed,107069362
fixed,108879428
fixed,107257796
fixed,107433972
fixed,107864548
fixed,107330150
fixed,107334604
fixed,107154646
fixed,106843340
fixed,107386326
fixed,107142976
fixed,107087830
fixed,106902008
fixed,107041780
fixed,106965176
fixed,107870972
fixed,107011164
fixed,107028588
fixed,107707290
fixed,107326242
fixed,106374544
fixed,105957578
fixed,106813332
fixed,106861496
fixed,106995350
fixed,107986328
fixed,107287938
fixed,108581308
fixed,109381452
fixed,107281828
fixed,107150668
fixed,106296660
fixed,106872066
fixed,107044318
fixed,107455566
fixed,107591856
fixed,108221490
fixed,107300246
fixed,107031052
fixed,105690004
fixed,106117212
fixed,107182434
fixed,105824666
fixed,106078350
fixed,106417048
fixed,106799884
fixed,104063782
fixed,108635310
fixed,106166322
fixed,102723308
fixed,104573750
fixed,104257838
fixed,103719294
fixed,104239486
fixed,103186310
fixed,103426394
fixed,103228516
fixed,105992136
fixed,104629436
fixed,105335396
fixed,105545346
fixed,104844494
fixed,105561796
fixed,102671784
fixed,104442892
fixed,101722548
fixed,103147992
fixed,106431420
fixed,106068408
fixed,108150140
fixed,107939724
fixed,107887448
fixed,104222034
fixed,104358362
fixed,103863174
fixed,105907616
fixed,104372198
fixed,104219548
fixed,104498410
fixed,105743362
fixed,104462426
fixed,104617888
fixed,105224516
fixed,104908344
fixed,105073206
fixed,108063226
fixed,103798590
fixed,104376622
fixed,103560826
fixed,105236364
fixed,105524988
fixed,104428528
fixed,104697918
fixed,108935694
fixed,105850412
fixed,106970112
fixed,105340780
fixed,106030698
fixed,109051372
fixed,106101416
fixed,105802836
fixed,105727660
fixed,104032278
fixed,105889500
fixed,105052336
fixed,109490314
fixed,102976176
fixed,102624472
fixed,104902220
fixed,102043352
fixed,108245102
fixed,105564238
fixed,104314538
fixed,105308322
fixed,105714368
fixed,110525930
fixed,104320850
fixed,103736364
fixed,105690126
fixed,102682148
fixed,105552930
fixed,104718572
fixed,104891426
fixed,105574782
fixed,104496810
fixed,107999018
fixed,115529004
fixed,105664910
fixed,105362124
fixed,105013624
fixed,106582944
fixed,106834224
fixed,106384310
fixed,105311828
fixed,105435820
fixed,105825054
fixed,105410048
fixed,107970776
fixed,105583494
fixed,104781262
fixed,104147406
fixed,104937578
fixed,104818702
fixed,107806878
fixed,106021324
fixed,105190708
fixed,104531626
fixed,102498338
fixed,105892020
fixed,103646004
fixed,107085324
fixed,108229616
fixed,111505280
fixed,104159660
fixed,104769348
fixed,104729918
fixed,103336616
fixed,107856354
fixed,105999224
fixed,104544112
fixed,104030228
fixed,103795818
fixed,107615720
fixed,103860990
fixed,104930178
fixed,106863896
fixed,105824272
fixed,104682370
fixed,105263942
fixed,106843334
fixed,104042108
fixed,103521664
fixed,108232638
fixed,106411114
fixed,106423428
fixed,106211024
fixed,105063500
fixed,104565312
fixed,107789802
fixed,105787870
fixed,104632278
fixed,107012178
fixed,105093970
fixed,104300838
fixed,106998622
fixed,106778754
fixed,106502698
fixed,105534200
fixed,106608064
fixed,106673536
fixed,105934082
fixed,106779716
fixed,106467074
fixed,107442978
fixed,105401104
fixed,103728736
fixed,103865914
fixed,103940500
fixed,104855066
fixed,105547950
fixed,105358862
fixed,104235174
fixed,106180864
fixed,104322978
fixed,104829022
fixed,107663944
fixed,105425838
fixed,103830486
fixed,108194720
fixed,105091240
fixed,106762628
fixed,103927734
fixed,103397756
fixed,103201934
fixed,104878882
fixed,105734484
fixed,108599770
fixed,106746428
fixed,104987248
fixed,105185920
fixed,104543142
fixed,106502644
fixed,107946740
fixed,105929258
fixed,102673046
fixed,105342888
fixed,105558864
fixed,105363304
fixed,105561972
fixed,105759446
fixed,104924872
fixed,106083166
fixed,105873874
fixed,108701756
fixed,105886060
fixed,105726650
fixed,104826346
fixed,105951226
fixed,106166628
fixed,104510766
fixed,105432432
fixed,104868868
fixed,105817630
fixed,105076360
fixed,108283938
fixed,104980524
fixed,105468866
fixed,104360014
fixed,106379466
fixed,105723972
fixed,103499040
fixed,106441844
fixed,105616904
fixed,104998924
fixed,107246912
fixed,105787866
fixed,105879494
fixed,104459780
fixed,104678938
fixed,104941166
fixed,103792710
fixed,104096324
fixed,104876772
fixed,105118994
fixed,106065272
fixed,105802612
fixed,105101356
fixed,104968416
fixed,102610402
fixed,107383332
fixed,104068956
fixed,106025136
fixed,105672972
fixed,103893646
fixed,103727102
fixed,105784034
fixed,108701832
fixed,107128526
fixed,106600218
fixed,103975192
fixed,104154062
fixed,105592422
fixed,104939808
fixed,105885134
fixed,106225708
fixed,107315058
fixed,105848740
fixed,105619574
fixed,104799810
fixed,103823526
fixed,105317004
fixed,105654384
fixed,105324258
fixed,105390498
fixed,108685204
fixed,105767012
fixed,105155888
fixed,106088268
fixed,106025802
fixed,105341746
fixed,106000862
fixed,105736638
fixed,104924548
fixed,105519238
fixed,104833578
fixed,105823894
fixed,105386588
fixed,105361196
fixed,105108450
fixed,103584210
fixed,105205418
fixed,105351934
fixed,105958364
fixed,105430876
fixed,105893146
fixed,107134234
fixed,110752470
fixed,105124826
fixed,105886928
fixed,103675884
fixed,106146414
fixed,105629446
fixed,106798632
fixed,106408378
fixed,106319484
fixed,105722554
fixed,105979490
fixed,103676884
fixed,104403738
fixed,104317034
fixed,103593926
fixed,105433290
fixed,105920432
fixed,107486084
fixed,106675676
fixed,105305564
fixed,105428974
fixed,105155858
fixed,106829832
fixed,106932224
fixed,105727024
fixed,105269722
fixed,104819342
fixed,105956350
fixed,105945550
fixed,106440234
fixed,108412286
fixed,105620544
fixed,105761438
fixed,105795930
fixed,105524554
fixed,104770114
fixed,105288368
fixed,106735438
fixed,105958774
fixed,105578712
fixed,105438254
fixed,104976080
fixed,105798802
fixed,105603190
fixed,108081252
fixed,106039664
fixed,105010786
fixed,104539618
fixed,109374290
fixed,106133868
fixed,106833932
fixed,104692466
fixed,105295254
fixed,105934840
fixed,106365954
fixed,104225172
fixed,105410396
fixed,105451282
fixed,104394256
fixed,104387604
fixed,106170446
fixed,106783600
fixed,104122542
fixed,105552546
fixed,106632066
fixed,105164022
fixed,103977482
fixed,106051738
fixed,104479162
fixed,105343036
fixed,104860178
fixed,105556358
fixed,105613888
fixed,104419622
fixed,103484298
fixed,104296524
fixed,104596076
fixed,106064116
fixed,105518020
fixed,105041938
fixed,107021282
fixed,108207364
fixed,105965208
fixed,104078554
fixed,102619188
fixed,105315848
fixed,104918994
fixed,105088234
fixed,101970668
fixed,102686452
fixed,102289414
fixed,110624428
fixed,104083692
fixed,104354470
fixed,103042336
fixed,103658074
fixed,105206230
fixed,108612286
fixed,103318714
fixed,102741296
fixed,105712792
fixed,105715662
fixed,102293028
fixed,103477676
fixed,107175228
fixed,104064944
fixed,104702530
fixed,106090662
fixed,104146474
fixed,105563160
fixed,104435938
fixed,106026602
fixed,106818260
fixed,106517252
fixed,106984068
fixed,111622680
fixed,107800756
fixed,106276394
fixed,108504460
fixed,105677494
fixed,106351824
fixed,104820450
fixed,104734712
fixed,108779454
fixed,106493930
fixed,105914464
fixed,105596990
fixed,104996064
fixed,106082246
fixed,104075162
fixed,107780872
fixed,104642616
fixed,106392424
fixed,105303886
fixed,104178856
fixed,104609708
fixed,106427032
fixed,104570408
fixed,103904012
fixed,105826092
fixed,106012608
fixed,103938146
fixed,108750370
fixed,102866126
fixed,104164030
fixed,104699456
fixed,105228164
fixed,105245734
fixed,112428976
fixed,104388362
fixed,105773754
fixed,105229216
fixed,105636124
fixed,104735180
fixed,107961078
fixed,105798096
fixed,104942494
fixed,105158980
fixed,104127984
fixed,105244146
fixed,106163314
fixed,104828960
fixed,105234314
fixed,104495294
fixed,108869770
fixed,104996240
fixed,106217234
fixed,105394202
fixed,106242744
fixed,108390076
fixed,105368700
fixed,106644488
fixed,106179636
fixed,105488494
fixed,105785268
fixed,106425284
fixed,105874950
fixed,105675978
fixed,105888166
fixed,105474354
fixed,104605926
fixed,104970414
fixed,104401826
fixed,106666438
fixed,105829372
fixed,105739538
fixed,106762294
fixed,106242394
fixed,106092682
fixed,107970696
fixed,104313438
fixed,107253850
fixed,107960170
fixed,107162884
fixed,106337404
fixed,105391768
fixed,109131850
fixed,105827306
fixed,106094980
fixed,105668390
fixed,105620090
fixed,106017658
fixed,105228534
fixed,106349274
fixed,105735818
fixed,106284352
fixed,108652798
fixed,104866224
fixed,106233472
fixed,106249706
fixed,111957014
fixed,106608866
fixed,105875776
fixed,106387944
fixed,109199740
fixed,104520948
fixed,107522342
fixed,106490852
fixed,106208840
fixed,110031248
fixed,105986384
fixed,107541126
fixed,108138660
fixed,108212334
fixed,107060472
fixed,106260138
fixed,106011926
fixed,106783270
fixed,106865190
fixed,108605722
fixed,107630494
fixed,109040082
fixed,107382828
fixed,105785812
fixed,105887664
fixed,107043468
fixed,109009990
fixed,106051150
fixed,105782356
fixed,107080980
fixed,106047458
fixed,105594760
fixed,107050366
fixed,105191846
fixed,107137766
fixed,107240008
fixed,107583480
fixed,107282576
fixed,103997266
fixed,104486982
fixed,104666332
fixed,107230720
fixed,106200992
fixed,107723506
fixed,106558508
fixed,105693306
fixed,105805562
fixed,107098692
fixed,107887122
fixed,106626188
fixed,106168060
fixed,107702790
fixed,106850270
fixed,106032706
fixed,106815080
fixed,106944644
fixed,107416576
fixed,107478972
fixed,106350300
fixed,105789092
fixed,105383988
fixed,106704890
fixed,105201120
fixed,105787012
fixed,104293830
fixed,105378518
fixed,106851906
fixed,106999572
fixed,106948722
fixed,107996534
fixed,107790424
fixed,107737436
fixed,107115338
fixed,107726986
fixed,107174952
fixed,107080076
fixed,107202408
fixed,107629290
fixed,107276744
fixed,106996046
fixed,107309784
fixed,107178584
fixed,107005942
fixed,108295932
fixed,107093300
fixed,106865800
fixed,107285514
fixed,107033388
fixed,106792754
fixed,105407914
fixed,106525624
fixed,107194570
fixed,107662560
fixed,107135844
fixed,112843910
fixed,107165546
fixed,106871180
fixed,107714646
fixed,107198980
fixed,108029254
fixed,108028696
fixed,108001136
fixed,107274566
fixed,107161770
fixed,107392560
fixed,107454604
fixed,107270050
fixed,107463246
fixed,106928974
fixed,107489612
fixed,109332966
fixed,107474456
fixed,108339604
fixed,107021116
fixed,107032914
fixed,107394600
fixed,107133754
fixed,107494954
fixed,107252614
fixed,106936452
fixed,107757176
fixed,106850126
fixed,107272996
fixed,106962462
fixed,107112204
fixed,108561596
fixed,110455908
fixed,107384994
fixed,107182762
fixed,107092864
fixed,107915516
fixed,107620322
fixed,107305398
fixed,106800370
fixed,107471586
fixed,106840652
fixed,107835198
fixed,106962258
fixed,107609032
fixed,107673942
fixed,107018996
fixed,106022044
fixed,105216548
fixed,107068782
fixed,107666100
fixed,107088964
fixed,107181336
fixed,108337886
fixed,107473294
fixed,106257402
fixed,106204148
fixed,106018900
fixed,105250442
fixed,107490988
fixed,103744176
fixed,104965038
fixed,106308078
fixed,108787998
fixed,104952178
fixed,102523264
fixed,103717356
fixed,103133580
fixed,101243130
fixed,103052178
fixed,102827790
fixed,101309678
fixed,102110790
fixed,100075844
fixed,102671128
fixed,103186294
fixed,102870786
fixed,103602230
fixed,101899428
fixed,101842018
fixed,102959944
fixed,102858766
fixed,103984054
fixed,104325808
fixed,102896376
fixed,101483570
fixed,102654184
fixed,104788118
fixed,102935114
fixed,101892880
fixed,104934336
fixed,103544586
fixed,102394574
fixed,103991386
fixed,104492860
fixed,105257306
fixed,102902340
fixed,104850028
fixed,105953872
fixed,103058628
fixed,102931752
fixed,102722816
fixed,102568328
fixed,101740684
fixed,103456408
fixed,103703672
fixed,100363184
fixed,101667272
fixed,104429704
fixed,102210808
fixed,104446442
fixed,103528338
fixed,104688856
fixed,105060122
fixed,105806704
fixed,106388920
fixed,106230178
fixed,105063432
fixed,105292214
fixed,105480574
fixed,104297072
fixed,103698942
fixed,105689124
fixed,106535624
fixed,105364080
fixed,105159622
fixed,105501936
fixed,105579552
fixed,106418258
fixed,105141088
fixed,104601396
fixed,103934074
fixed,105676026
fixed,104947760
fixed,103818192
fixed,106178988
fixed,104798506
fixed,106245250
fixed,106255268
fixed,106022368
fixed,106936470
fixed,105661140
fixed,105386484
fixed,106270442
fixed,105737258
fixed,105115866
fixed,104931582
fixed,105786024
fixed,104965922
fixed,105918524
fixed,105340460
fixed,105358610
fixed,105713620
fixed,104247102
fixed,104205982
fixed,102758986
fixed,105824856
fixed,104772648
fixed,106682518
fixed,105806878
fixed,105596626
fixed,106408600
fixed,105296306
fixed,104354172
fixed,105625036
fixed,104644574
fixed,104857706
fixed,105460232
fixed,104081658
fixed,104706762
fixed,104079016
fixed,105459450
fixed,106175528
fixed,106984310
fixed,105471214
fixed,105009348
fixed,105074708
fixed,106509718
fixed,105017180
fixed,106338194
fixed,106465264
fixed,107113130
fixed,107032688
fixed,106093242
fixed,105279624
fixed,105677382
fixed,104977220
fixed,103995470
fixed,104417490
fixed,102606288
fixed,105311408
fixed,104608586
fixed,105285300
fixed,102867716
fixed,104319706
fixed,104040366
fixed,102011946
fixed,104229514
fixed,104133678
fixed,105991266
fixed,102222300
fixed,106746940
fixed,105955780
fixed,103224376
fixed,102993706
fixed,104955110
fixed,103086478
fixed,105694190
fixed,105176818
fixed,105614470
fixed,106419758
fixed,106977508
fixed,106039144
fixed,104113456
fixed,105936500
fixed,104530090
fixed,103849740
fixed,104986896
fixed,103078430
fixed,105104972
fixed,105666558
fixed,103753354
fixed,104363976
fixed,105289134
fixed,104992002
fixed,104819120
fixed,104973520
fixed,105794342
fixed,104298412
fixed,105062692
fixed,105394790
fixed,105321250
fixed,105317208
fixed,104118182
fixed,103843402
fixed,105009504
fixed,105375982
fixed,106644624
fixed,105301468
fixed,104478882
fixed,106654838
fixed,105288084
fixed,106098226
fixed,105653184
fixed,105478360
fixed,105748728
fixed,105116730
fixed,105340540
fixed,104886156
fixed,106500336
fixed,105848632
fixed,104613604
fixed,106967524
fixed,105899374
fixed,105236354
fixed,105599608
fixed,104532574
fixed,103978642
fixed,105452476
fixed,105504702
fixed,103356600
fixed,104261474
fixed,106001032
fixed,106299792
fixed,106034226
fixed,104499138
fixed,104235966
fixed,103939730
fixed,105910478
fixed,102775038
fixed,105161622
fixed,105575506
fixed,105438572
fixed,106158628
fixed,104726792
fixed,108994180
fixed,104741374
fixed,103274302
fixed,104884552
fixed,104656030
fixed,107605064
fixed,105545734
fixed,103864796
fixed,104482470
fixed,105212310
fixed,104114526
fixed,108097000
fixed,103492562
fixed,103588362
fixed,104332704
fixed,104201274
fixed,105258144
fixed,103982310
fixed,103847946
fixed,104441448
fixed,103461582
fixed,104541760
fixed,104515098
fixed,104071542
fixed,104448342
fixed,107246060
fixed,103720452
fixed,104797136
fixed,105173654
fixed,104968754
fixed,103536400
fixed,104159478
fixed,105444612
fixed,103705822
fixed,106665640
fixed,106161958
fixed,105252358
fixed,105010964
fixed,105403588
fixed,106467878
fixed,106697186
fixed,107315170
fixed,105283578
fixed,105854748
fixed,104415590
fixed,106044168
fixed,106794638
fixed,105317228
fixed,106552822
fixed,106281596
fixed,105526988
fixed,105178510
fixed,106430664
fixed,104469128
fixed,106955128
fixed,106139434
fixed,105487764
fixed,104920016
fixed,106587908
fixed,105377220
fixed,105486096
fixed,104514730
fixed,105919760
fixed,105582770
fixed,105898244
fixed,105632668
fixed,105734650
fixed,104356780
fixed,105196462
fixed,104183138
fixed,105048222
fixed,105021536
fixed,105801710
fixed,105664064
fixed,106733070
fixed,106333144
fixed,104328534
fixed,104154132
fixed,105531180
fixed,105435554
fixed,108298108
fixed,105909752
fixed,105269032
fixed,106933362
fixed,107091268
fixed,105783948
fixed,104549722
fixed,106477200
fixed,107147142
fixed,104674668
fixed,106639162
fixed,104440682
fixed,105906058
fixed,106107062
fixed,104619912
fixed,106284936
fixed,105745812
fixed,105836850
fixed,105256738
fixed,105777726
fixed,103919328
fixed,105421278
fixed,106157148
fixed,105322526
fixed,105088554
fixed,105464496
fixed,104508412
fixed,105847734
fixed,106908262
fixed,106961148
fixed,106066578
fixed,105864382
fixed,104456550
fixed,103919116
fixed,104818068
fixed,106731762
fixed,104150140
fixed,106519822
fixed,103952194
fixed,104822280
fixed,106788866
fixed,104721814
fixed,104925570
fixed,105931236
fixed,103955324
fixed,102811524
fixed,107813006
fixed,106145208
fixed,105405488
fixed,104492946
fixed,105553818
fixed,105009320
fixed,105112242
fixed,105227338
fixed,104991370
fixed,106381722
fixed,105638698
fixed,105189210
fixed,107838886
fixed,105019706
fixed,105589208
fixed,106289852
fixed,105311364
fixed,110636640
fixed,106526974
fixed,105208570
fixed,105098560
fixed,105677382
fixed,104653556
fixed,102779748
fixed,104284334
fixed,105222876
fixed,104688890
fixed,104293964
fixed,104668674
fixed,104966338
fixed,104996618
fixed,105132068
fixed,104462912
fixed,105023554
fixed,104773228
fixed,105290110
fixed,104223720
fixed,105898174
fixed,104660618
fixed,104927220
fixed,104834098
fixed,106395846
fixed,106494440
fixed,106045176
fixed,105542600
fixed,104544464
fixed,106428880
fixed,104813392
fixed,105707956
fixed,105757288
fixed,104704178
fixed,105628044
fixed,106348468
fixed,106540446
fixed,105012668
fixed,106285904
fixed,105054952
fixed,105162044
fixed,106030342
fixed,104026834
fixed,105858900
fixed,105668616
fixed,105090078
fixed,102634138
fixed,107489800
fixed,104583156
fixed,104234444
fixed,105599574
fixed,104167978
fixed,105129044
fixed,105326640
fixed,104983832
fixed,106568730
fixed,104357706
fixed,105387408
fixed,105428886
fixed,105274956
fixed,104023318
fixed,103540928
fixed,105080434
fixed,105901666
fixed,104354930
fixed,105986492
fixed,106176538
fixed,104910580
fixed,105837000
fixed,106013150
fixed,106460034
fixed,104902604
fixed,105643626
fixed,105590840
fixed,103909776
fixed,108536232
fixed,105387390
fixed,106706674
fixed,104810364
fixed,107109380
fixed,103583734
fixed,109117690
fixed,104595540
fixed,102616992
fixed,105835688
fixed,105129870
fixed,104048746
fixed,105001442
fixed,106308478
fixed,105434978
fixed,104940920
fixed,105564276
fixed,105403842
fixed,110077258
fixed,105679634
fixed,105137448
fixed,106311184
fixed,106040580
fixed,107251454
fixed,106064694
fixed,107021688
fixed,106294926
fixed,104713064
fixed,107443336
fixed,106523666
fixed,106198228
fixed,105085046
fixed,105744820
fixed,106303904
fixed,106497666
fixed,104609750
fixed,105519486
fixed,105556386
fixed,104839896
fixed,106660962
fixed,105223132
fixed,104396732
fixed,105876498
fixed,105342056
fixed,108480594
fixed,106310184
fixed,104421062
fixed,105191792
fixed,104272190
fixed,107277396
fixed,104922900
fixed,105230468
fixed,105078454
fixed,105489666
fixed,105567722
fixed,107889074
fixed,104814734
fixed,105041652
fixed,106515294
fixed,105742226
fixed,105769874
fixed,105672930
fixed,108885958
fixed,106307648
fixed,106717646
fixed,106186078
fixed,106966460
fixed,109138706
fixed,106382730
fixed,106941428
fixed,106381352
fixed,106133006
fixed,107206372
fixed,108585214
fixed,107342836
fixed,109326872
fixed,107024604
fixed,106970560
fixed,107064168
fixed,107861350
fixed,107724808
fixed,111533556
fixed,107969532
fixed,107902260
fixed,106120218
fixed,106420244
fixed,106596866
fixed,106648808
fixed,107130026
fixed,105574210
fixed,106079214
fixed,108261694
fixed,107015960
fixed,109447270
fixed,107566494
fixed,106355646
fixed,106051706
fixed,106264166
fixed,105312864
fixed,107145176
fixed,105182658
fixed,113990070
fixed,108295548
fixed,107869338
fixed,107987294
fixed,106584880
fixed,106683278
fixed,108897802
fixed,106849942
fixed,105654400
fixed,106341140
fixed,108240868
fixed,107350972
fixed,106909076
fixed,108132362
fixed,107578902
fixed,106862026
fixed,108399198
fixed,107908946
fixed,110726294
fixed,107614314
fixed,107024858
fixed,107458412
fixed,109227204
fixed,107707952
fixed,106162502
fixed,107246602
fixed,106665178
fixed,107086910
fixed,107596292
fixed,107647434
fixed,107678670
fixed,107723658
fixed,107395072
fixed,107073456
fixed,107069136
fixed,107513172
fixed,107164750
fixed,106834690
fixed,111943996
fixed,107513676
fixed,107993252
fixed,108306208
fixed,111869230
fixed,107395532
fixed,107377278
fixed,107464840
fixed,108737906
fixed,109160664
fixed,109444242
fixed,107732598
fixed,111826956
fixed,107714010
fixed,107910110
fixed,107261354
fixed,108263532
fixed,108354806
fixed,107398304
fixed,108951698
fixed,107513154
fixed,107671400
fixed,107449592
fixed,108646918
fixed,107663788
fixed,107495086
fixed,108328866
fixed,107371552
fixed,108533868
fixed,108791404
fixed,108678456
fixed,108026484
fixed,108668670
fixed,107305952
fixed,106609102
fixed,106157860
fixed,105995184
fixed,106996518
fixed,110516662
fixed,107761824
fixed,106919432
fixed,107870840
fixed,109915380
fixed,107326170
fixed,106396140
fixed,108346102
fixed,106451356
fixed,106919840
fixed,109685284
fixed,107879908
fixed,109250658
fixed,105875078
fixed,106778148
fixed,107456486
fixed,107837816
fixed,106976938
fixed,105383768
fixed,105672092
fixed,106399488
fixed,105618458
fixed,105968312
fixed,106561340
fixed,106449904
fixed,109885126
fixed,106934344
fixed,105828364
fixed,106210508
fixed,105436264
fixed,105134392
fixed,105388232
fixed,105204822
fixed,104567532
fixed,105470194
fixed,105708570
fixed,106795562
fixed,106378032
fixed,106130962
fixed,106152192
fixed,105269426
fixed,105501184
fixed,108929490
fixed,106135110
fixed,106413652
fixed,105629524
fixed,104819886
fixed,105395396
fixed,106143716
fixed,107620538
fixed,107853112
fixed,106844248
fixed,106058012
fixed,106210934
fixed,106217512
fixed,109752202
fixed,105011320
fixed,105608196
fixed,104264076
fixed,106193198
fixed,106399146
fixed,106432776
fixed,106867562
fixed,105665178
fixed,106238058
fixed,107746166
fixed,104970596
fixed,107353206
fixed,106138874
fixed,105902904
fixed,104995132
fixed,105621458
fixed,106381196
fixed,105519550
fixed,106019272
fixed,108452882
fixed,105129094
fixed,106428690
fixed,105595358
fixed,105532880
fixed,104651776
fixed,105840636
fixed,105925046
fixed,104705884
fixed,105400354
fixed,103755634
fixed,106087642
fixed,106170700
fixed,106218378
fixed,106319758
fixed,105551590
fixed,105885494
fixed,107915166
fixed,107451156
fixed,106556592
fixed,105797150
fixed,106291814
fixed,104120374
fixed,105259252
fixed,104698894
fixed,107212794
fixed,104628976
fixed,106284780
fixed,105642422
fixed,105860082
fixed,106186584
fixed,106523680
fixed,106321916
fixed,106597452
fixed,106146550
fixed,106104922
fixed,105586174
fixed,105849302
fixed,106005876
fixed,107296040
fixed,105470120
fixed,106211840
fixed,105513852
fixed,105436372
fixed,105119050
fixed,105266104
fixed,106162044
fixed,106158120
fixed,104488188
fixed,105931902
fixed,106737664
fixed,105366574
fixed,106455176
fixed,105942826
fixed,105101438
fixed,105442432
fixed,105740542
fixed,106881406
fixed,105674004
fixed,106213264
fixed,104509986
fixed,106678248
fixed,105361842
fixed,105371736
fixed,104800830
fixed,104331182
fixed,105765832
fixed,106182446
fixed,106218000
fixed,104814936
fixed,105516392
fixed,106804008
fixed,106977100
fixed,105685730
fixed,106176870
fixed,106097552
fixed,106325614
fixed,105436068
fixed,106501264
fixed,105058156
fixed,106914550
fixed,105265868
fixed,104230110
fixed,111768046
fixed,104988164
fixed,105662844
fixed,105120658
fixed,105779400
fixed,104034954
fixed,103435108
fixed,104446692
fixed,103936030
fixed,108222182
fixed,106478798
fixed,105490366
fixed,105469078
fixed,104879910
fixed,105974418
fixed,106615630
fixed,108359348
fixed,105652772
fixed,106779622
fixed,106532940
fixed,105993438
fixed,106516182
fixed,106548628
fixed,105851738
fixed,105249160
fixed,105740486
fixed,106480192
fixed,106762092
fixed,106301360
fixed,108469774
fixed,106796956
fixed,106838376
fixed,106922524
fixed,105587832
fixed,106197004
fixed,106558270
fixed,106849464
fixed,106368392
fixed,106890000
fixed,106294766
fixed,106939064
fixed,107199788
fixed,107396328
fixed,106558876
fixed,105169670
fixed,106342950
fixed,106314026
fixed,106348946
fixed,106701822
fixed,106458376
fixed,106315358
fixed,105341624
fixed,106911560
fixed,106910194
fixed,106531986
fixed,108529114
fixed,107033380
fixed,106648316
fixed,106541390
fixed,106277660
fixed,107927208
fixed,106140660
fixed,105616230
fixed,106557086
fixed,106423534
fixed,106151796
fixed,107070374
fixed,107495296
fixed,106639538
fixed,105556844
fixed,105586674
fixed,106295042
fixed,106714036
fixed,105387220
fixed,105839620
fixed,106232580
fixed,105738802
fixed,107050708
fixed,106222724
fixed,106040892
fixed,109715472
fixed,106716714
fixed,106287438
fixed,106478080
fixed,105679214
fixed,108755244
fixed,106584668
fixed,105850200
fixed,107167348
fixed,106150280
fixed,106219220
fixed,108089330
fixed,108808380
fixed,106719236
fixed,106213148
fixed,106461398
fixed,106435256
fixed,106554256
fixed,106778970
fixed,104909964
fixed,105994224
fixed,107214994
fixed,106867622
fixed,107031606
fixed,106752200
fixed,106933398
fixed,107175334
fixed,108680980
fixed,106208028
fixed,107084154
fixed,107520502
fixed,107250170
fixed,109583138
fixed,106377336
fixed,106446080
fixed,106770924
fixed,106194048
fixed,106788760
fixed,108608574
fixed,109244368
fixed,106702296
fixed,106499702
fixed,106535218
fixed,106750144
fixed,106447068
fixed,106845236
fixed,106569462
fixed,106719208
fixed,106065412
fixed,106708512
fixed,105986962
fixed,106675828
fixed,105638684
fixed,106803452
fixed,106219330
fixed,105852236
fixed,108235098
fixed,105011788
fixed,105915426
fixed,104740352
fixed,105195648
fixed,107270564
fixed,106623672
fixed,103982292
fixed,104253404
fixed,103933080
fixed,103939350
fixed,104164930
fixed,103956634
fixed,103791606
fixed,103471138
fixed,102793698
fixed,103900502
fixed,106382550
fixed,104431462
fixed,111505038
fixed,105121262
fixed,105969124
fixed,106505322
fixed,105300978
fixed,106217840
fixed,105601310
fixed,108758664
fixed,105338182
fixed,105576142
fixed,105901452
fixed,105902414
fixed,105591444
fixed,107884580
fixed,104268746
fixed,105272100
fixed,106618222
fixed,105468480
fixed,106087154
fixed,105978592
fixed,106148548
fixed,106647512
fixed,106596640
fixed,104400928
fixed,105056958
fixed,106739782
fixed,106002488
fixed,106263088
fixed,105675906
fixed,105162340
fixed,108107888
fixed,104908268
fixed,105239532
fixed,105833896
fixed,104209590
fixed,105021944
fixed,103769584
fixed,104632128
fixed,103025984
fixed,100672344
fixed,104667052
fixed,104117552
fixed,104272390
fixed,101750554
fixed,103466746
fixed,104558910
fixed,108039632
fixed,103553094
fixed,104389466
fixed,104898160
fixed,105467998
fixed,105295980
fixed,106266002
fixed,104704816
fixed,105134072
fixed,105658304
fixed,106074952
fixed,106640788
fixed,105396216
fixed,105289354
fixed,105337910
fixed,104699696
fixed,106501132
fixed,106338162
fixed,102879778
fixed,104583656
fixed,105592320
fixed,104450752
fixed,105946198
fixed,105736334
fixed,105607460
fixed,104984736
fixed,104280226
fixed,106465522
fixed,105772026
fixed,105624552
fixed,105316284
fixed,106047436
fixed,105600248
fixed,105404342
fixed,106837246
fixed,108201038
fixed,104451592
fixed,105054094
fixed,105902708
fixed,106375704
fixed,106331692
fixed,105924104
fixed,108982598
fixed,106694786
fixed,106220928
fixed,106712106
fixed,106206376
fixed,106411664
fixed,106993340
fixed,105661812
fixed,106411448
fixed,110395508
fixed,105905394
fixed,106715266
fixed,106952410
fixed,109520844
fixed,106852252
fixed,105092922
fixed,105991578
fixed,107131820
fixed,107605166
fixed,106805390
fixed,106289322
fixed,106567922
fixed,107729258
fixed,107050800
fixed,106558870
fixed,105768280
fixed,105464980
fixed,106761524
fixed,106001526
fixed,106177710
fixed,108970606
fixed,106075734
fixed,106297984
fixed,106476362
fixed,106944226
fixed,108510300
fixed,105889904
fixed,105324932
fixed,106479506
fixed,105667804
fixed,104731278
fixed,105882898
fixed,107212776
fixed,107941432
fixed,106950370
fixed,105616802
fixed,104800678
fixed,105827954
fixed,106817376
fixed,106584130
fixed,108095452
fixed,105633050
fixed,105983496
fixed,105780380
fixed,105589690
fixed,104995386
fixed,106268174
fixed,107855392
fixed,106475496
fixed,106513456
fixed,107262198
fixed,105372224
fixed,108002810
fixed,106031134
fixed,107143934
fixed,105375176
fixed,106090104
fixed,106098428
fixed,106741762
fixed,106390654
fixed,104861232
fixed,106117250
fixed,104007148
fixed,106407926
fixed,106424966
fixed,104812434
fixed,104907190
fixed,104727334
fixed,106743964
fixed,106014988
fixed,105087372
fixed,104883454
fixed,106027432
fixed,104837670
fixed,104348176
fixed,104216950
fixed,103906564
fixed,103916800
fixed,106093294
fixed,105147256
fixed,104387562
fixed,105851486
fixed,105024116
fixed,105864076
fixed,105618762
fixed,105256140
fixed,105018128
fixed,105905104
fixed,106565280
fixed,106748854
fixed,106190730
fixed,107597000
fixed,105661730
fixed,105845876
fixed,106706870
fixed,105671386
fixed,106555308
fixed,106800312
fixed,106512676
fixed,105622578
fixed,106729794
fixed,106839734
fixed,107568886
fixed,109194782
fixed,108381748
fixed,108434658
fixed,106938768
fixed,105759318
fixed,105740198
fixed,107985738
fixed,107976290
fixed,107274482
fixed,108537824
fixed,108088898
fixed,108185934
fixed,107293466
fixed,105956780
fixed,106615016
fixed,106257400
fixed,106508556
fixed,108246084
fixed,106557490
fixed,105889578
fixed,108940896
fixed,107835404
fixed,109018224
fixed,109053700
fixed,104165734
fixed,105766576
fixed,108585058
fixed,109674232
fixed,108718376
fixed,111666346
fixed,107309338
fixed,106048988
fixed,104611462
fixed,104861080
fixed,105653080
fixed,108640668
fixed,108050156
fixed,107332784
fixed,107670042
fixed,105101664
fixed,105738856
fixed,107549498
fixed,106910908
fixed,108633742
fixed,107401204
fixed,106703288
fixed,105494300
fixed,106631686
fixed,106637950
fixed,105910832
fixed,108270378
fixed,107177290
fixed,107053040
fixed,107412560
fixed,108285892
fixed,106936736
fixed,107890290
fixed,107219058
fixed,107012420
fixed,107130380
fixed,107228944
fixed,108214400
fixed,106753504
fixed,107142758
fixed,107990836
fixed,106563442
fixed,108014836
fixed,107606700
fixed,108177482
fixed,106967304
fixed,108332876
fixed,108076638
fixed,107340288
fixed,107877794
fixed,106889290
fixed,107125016
fixed,107569440
fixed,107078750
fixed,106934512
fixed,107233842
fixed,107245822
fixed,107232076
fixed,108585144
fixed,107892034
fixed,107129552
fixed,107465068
fixed,107713348
fixed,107091474
fixed,107320606
fixed,107665572
fixed,106764008
fixed,107091210
fixed,108632266
fixed,111807250
fixed,107108892
fixed,108732962
fixed,106836204
fixed,107152804
fixed,109238170
fixed,106919584
fixed,107493138
fixed,107302898
fixed,106993640
fixed,107883016
fixed,107883392
fixed,107206632
fixed,106749214
fixed,107907962
fixed,107257164
fixed,108304670
fixed,109958522
fixed,108103490
fixed,108254782
fixed,107408256
fixed,107869220
fixed,108860264
fixed,107845162
fixed,106813950
fixed,107057476
fixed,107633092
fixed,106817594
fixed,105795580
fixed,105876948
fixed,106100846
fixed,107888436
fixed,107629492
fixed,106836882
fixed,107082244
fixed,106206824
fixed,116610746
fixed,123927052
fixed,107020118
fixed,106974982
fixed,104145812
fixed,104169102
fixed,104150704
fixed,106012858
fixed,107248846
fixed,105725342
fixed,107129498
fixed,105752834
fixed,104813878
fixed,105401230
fixed,103833630
fixed,102960430
fixed,104548582
fixed,105705468
fixed,102512286
fixed,102903446
fixed,105720866
fixed,104795628
fixed,105960132
fixed,106074078
fixed,106547216
fixed,102957178
fixed,105638304
fixed,104904350
fixed,106146054
fixed,105142334
fixed,104069532
fixed,105704474
fixed,107934232
fixed,104978780
fixed,104226784
fixed,102866636
fixed,104067476
fixed,105190254
fixed,106513204
fixed,103922238
fixed,103061352
fixed,104987350
fixed,104295586
fixed,105452738
fixed,104649672
fixed,104000346
fixed,102408954
fixed,104667374
fixed,105630872
fixed,103604124
fixed,103672498
fixed,103868452
fixed,105133508
fixed,102197870
fixed,102964908
fixed,103677666
fixed,103221554
fixed,101580226
fixed,100601490
fixed,103128438
fixed,103033014
fixed,102006370
fixed,105531388
fixed,103747404
fixed,101863112
fixed,103494370
fixed,106514202
fixed,104748702
fixed,104664106
fixed,104929844
fixed,105766114
fixed,104755528
fixed,104376564
fixed,103185810
fixed,104444952
fixed,104822146
fixed,103983282
fixed,104340360
fixed,104534310
fixed,103966588
fixed,102190842
fixed,104124060
fixed,104098238
fixed,101448916
fixed,103882396
fixed,101795704
fixed,103696678
fixed,102934734
fixed,103819308
fixed,104583866
fixed,105149624
fixed,106298660
fixed,105466832
fixed,103795692
fixed,102920478
fixed,103384500
fixed,102030696
fixed,104102536
fixed,104842684
fixed,102761028
fixed,103262252
fixed,102233958
fixed,104690304
fixed,103188462
fixed,102808056
fixed,104236644
fixed,103456252
fixed,105838092
fixed,104122206
fixed,104508824
fixed,105800114
fixed,103890526
fixed,104211384
fixed,103698848
fixed,105090908
fixed,102913586
fixed,102829892
fixed,103334398
fixed,102894308
fixed,101989922
fixed,104897850
fixed,104059430
fixed,103509650
fixed,105139364
fixed,104071840
fixed,105731794
fixed,101695644
fixed,104478332
fixed,102573286
fixed,103273014
fixed,103658208
fixed,103959140
fixed,102581316
fixed,103139144
fixed,105400442
fixed,104651524
fixed,106164446
fixed,107479702
fixed,105582836
fixed,103992304
fixed,101570530
fixed,102104580
fixed,103485408
fixed,104875858
fixed,102031536
fixed,103651102
fixed,103776206
fixed,105003220
fixed,103550220
fixed,107192670
fixed,103504796
fixed,104221598
fixed,104731244
fixed,103821384
fixed,103662816
fixed,102866702
fixed,104001142
fixed,104400248
fixed,103045650
fixed,103549544
fixed,103972276
fixed,103997562
fixed,107907520
fixed,104907456
fixed,105198918
fixed,103758526
fixed,105097130
fixed,102663344
fixed,106055592
fixed,106480772
fixed,107391288
fixed,103835994
fixed,103256852
fixed,104250570
fixed,103821054
fixed,103275042
fixed,104012604
fixed,103854354
fixed,102786350
fixed,105056830
fixed,104138372
fixed,104793904
fixed,105957564
fixed,105084294
fixed,111501554
fixed,104951474
fixed,102532934
fixed,103140344
fixed,106454928
fixed,106096754
fixed,104942410
fixed,104589160
fixed,104847506
fixed,105262748
fixed,103176866
fixed,103121340
fixed,103017408
fixed,103285194
fixed,105162450
fixed,104203538
fixed,104843384
fixed,109201884
fixed,104879742
fixed,104364814
fixed,104459200
fixed,102805752
fixed,103345830
fixed,105039956
fixed,102117884
fixed,105883534
fixed,103237534
fixed,102452522
fixed,103368230
fixed,103853402
fixed,103255898
fixed,102816966
fixed,103369584
fixed,103338662
fixed,104056604
fixed,102426920
fixed,102654560
fixed,103646312
fixed,104354218
fixed,101703070
fixed,101498720
fixed,106531458
fixed,102074100
fixed,103243142
fixed,105877338
fixed,104905724
fixed,105700248
fixed,103790014
fixed,103143214
fixed,103975074
fixed,105047016
fixed,103636474
fixed,105703240
fixed,104088546
fixed,104673256
fixed,102401756
fixed,105592792
fixed,103375692
fixed,104601280
fixed,105969890
fixed,105938754
fixed,104906882
fixed,104942594
fixed,107225066
fixed,105583884
fixed,106120682
fixed,104453890
fixed,105306036
fixed,104252624
fixed,105134026
fixed,104801368
fixed,105484300
fixed,105311824
fixed,102997408
fixed,105233716
fixed,104804580
fixed,103627668
fixed,106008582
fixed,107348458
fixed,105731542
fixed,104799812
fixed,105410934
fixed,104256038
fixed,106922122
fixed,105396646
fixed,106274278
fixed,105813684
fixed,105103972
fixed,104590306
fixed,104558604
fixed,107747894
fixed,106175228
fixed,105069164
fixed,104614130
fixed,104511314
fixed,110504096
fixed,104367192
fixed,103156870
fixed,104253432
fixed,102001470
fixed,103807248
fixed,103244790
fixed,108298324
fixed,104223432
fixed,104111074
fixed,101811718
fixed,104508878
fixed,104398012
fixed,102774352
fixed,103750270
fixed,103900728
fixed,103863564
fixed,102486258
fixed,109658674
fixed,106275760
fixed,105510096
fixed,107648588
fixed,104990906
fixed,105419122
fixed,105282232
fixed,104264322
fixed,103974592
fixed,106461634
fixed,104769144
fixed,104591594
fixed,106479076
fixed,105167582
fixed,102901720
fixed,106238042
fixed,107735238
fixed,105696726
fixed,106934848
fixed,106044514
fixed,106942268
fixed,106057116
fixed,107042320
fixed,107298212
fixed,107132412
fixed,106214870
fixed,105995380
fixed,106710992
fixed,106191788
fixed,106420022
fixed,108685082
fixed,106381070
fixed,105414700
fixed,106044734
fixed,106483670
fixed,105222812
fixed,106590484
fixed,106325630
fixed,106855360
fixed,105467640
fixed,106164002
fixed,105484622
fixed,106642094
fixed,104780426
fixed,104657088
fixed,106703896
fixed,105963644
fixed,105120532
fixed,104147772
fixed,107553624
fixed,106757746
fixed,106104862
fixed,105804316
fixed,106326912
fixed,105773012
fixed,107102258
fixed,108913562
fixed,106490494
fixed,104878178
fixed,106355926
fixed,105218188
fixed,108640924
fixed,105649050
fixed,106957678
fixed,106903220
fixed,106943650
fixed,106444276
fixed,105895674
fixed,106146596
fixed,105593952
fixed,106509498
fixed,105803422
fixed,106501740
fixed,105093348
fixed,105641382
fixed,106314820
fixed,105550442
fixed,106587120
fixed,105498692
fixed,105814676
fixed,105085438
fixed,104796794
fixed,105090242
fixed,105323154
fixed,105412146
fixed,103552320
fixed,106394740
fixed,104868512
fixed,104970412
fixed,105211294
fixed,106911202
fixed,106950348
fixed,103825082
fixed,104538574
fixed,103707834
fixed,104609434
fixed,104917004
fixed,104755230
fixed,103583120
fixed,102141126
fixed,103934934
fixed,105624944
fixed,105196670
fixed,107943690
fixed,105430490
fixed,105992990
fixed,104475372
fixed,104404348
fixed,107476406
fixed,105570024
fixed,105177766
fixed,102440796
fixed,104531718
fixed,104667176
fixed,102977658
fixed,105705546
fixed,104585860
fixed,104075412
fixed,106428930
fixed,105037800
fixed,105165540
fixed,104529976
fixed,109259852
fixed,104605564
fixed,105399644
fixed,105729998
fixed,106439568
fixed,105951746
fixed,104413886
fixed,104543274
fixed,104724440
fixed,105218822
fixed,106702234
fixed,105216044
fixed,105328768
fixed,103700400
fixed,105332044
fixed,104262692
fixed,105704302
fixed,104642280
fixed,107942598
fixed,105849834
fixed,105606460
fixed,105297180
fixed,103837128
fixed,104759888
fixed,103988016
fixed,105051748
fixed,110161594
fixed,105456946
fixed,105729624
fixed,104928716
fixed,103853610
fixed,105394784
fixed,102053294
fixed,108080114
fixed,105357154
fixed,104269710
fixed,105500382
fixed,107318646
fixed,106748596
fixed,105631686
fixed,106594092
fixed,105495094
fixed,105587218
fixed,105849900
fixed,105606078
fixed,105765638
fixed,106873428
fixed,106879034
fixed,104396784
fixed,105966734
fixed,104185422
fixed,104756960
fixed,103956678
fixed,105109642
fixed,105284604
fixed,104434436
fixed,115077504
fixed,116260440
fixed,116772268
fixed,118222936
fixed,114170516
fixed,114799548
fixed,115156962
fixed,103630280
fixed,102653300
fixed,103558394
fixed,103874610
fixed,103767642
fixed,105313690
fixed,103786750
fixed,103742694
fixed,104327738
fixed,105253388
fixed,103513378
fixed,100154944
fixed,101901682
fixed,103969350
fixed,104442766
fixed,104585842
fixed,105030766
fixed,102719784
fixed,106521192
fixed,104377112
fixed,107216190
fixed,104969260
fixed,102642222
fixed,104183220
fixed,103803054
fixed,104781822
fixed,106088088
fixed,107587300
fixed,107081688
fixed,109338346
fixed,108703336
fixed,108005296
fixed,104568142
fixed,105264796
fixed,105839116
fixed,106723568
fixed,107792102
fixed,111412540
fixed,109296290
fixed,107595206
fixed,105412414
fixed,107046418
fixed,105484268
fixed,107355090
fixed,106864514
fixed,105989876
fixed,110197852
fixed,104299538
fixed,105353122
fixed,106833820
fixed,107334658
fixed,107178356
fixed,106672042
fixed,108628278
fixed,106765292
fixed,106393258
fixed,107764992
fixed,104973280
fixed,104949392
fixed,106861732
fixed,106817896
fixed,108923406
fixed,104794376
fixed,107723162
fixed,107336938
fixed,108241926
fixed,106901762
fixed,107497400
fixed,106983542
fixed,107770066
fixed,104832170
fixed,104352078
fixed,105697490
fixed,108320576
fixed,106253426
fixed,107125962
fixed,107165288
fixed,107336948
fixed,124088092
fixed,123049614
fixed,121960256
fixed,151128322
fixed,107728760
fixed,107731974
fixed,107497922
fixed,108275782
fixed,107379514
fixed,109145270
fixed,109922306
fixed,108258874
fixed,106983988
fixed,105690062
fixed,111193594
fixed,107602626
fixed,107916898
fixed,107926618
fixed,107892452
fixed,108152126
fixed,109210938
fixed,108059956
fixed,107633954
fixed,107743426
fixed,107112830
fixed,107280672
fixed,107932058
fixed,106929294
fixed,107292904
fixed,108396772
fixed,108294086
fixed,108163060
fixed,107332646
fixed,107348458
fixed,107794308
fixed,107401478
fixed,107263132
fixed,107365104
fixed,107848288
fixed,107514280
fixed,108507246
fixed,109286854
fixed,108231124
fixed,107231676
fixed,107089582
fixed,107220178
fixed,107119728
fixed,108305054
fixed,107167816
fixed,107217626
fixed,108396800
fixed,107453302
fixed,107955936
fixed,107097986
fixed,108362122
fixed,108688722
fixed,107415056
fixed,107115418
fixed,107106032
fixed,107206108
fixed,107012706
fixed,106985666
fixed,107427974
fixed,107708038
fixed,107649254
fixed,107098794
fixed,110012428
fixed,107784594
fixed,107496822
fixed,107295690
fixed,104979220
fixed,105236854
fixed,105326946
fixed,105341774
fixed,104485944
fixed,107159912
fixed,107182792
fixed,107738160
fixed,105651642
fixed,105062488
fixed,105026190
fixed,104731328
fixed,105866254
fixed,105989948
fixed,105929328
fixed,104607544
fixed,104614058
fixed,104048712
fixed,102015382
fixed,103997124
fixed,102338632
fixed,104164040
fixed,102923038
fixed,101318598
fixed,103817474
fixed,102212144
fixed,103380310
fixed,103081624
fixed,103291176
fixed,102885708
fixed,103125872
fixed,102422988
fixed,104221486
fixed,101732724
fixed,103438644
fixed,103970098
fixed,103988322
fixed,102130368
fixed,103591286
fixed,102934988
fixed,105470466
fixed,104468150
fixed,103351420
fixed,104400912
fixed,104525036
fixed,103202468
fixed,105708518
fixed,105385898
fixed,106788256
fixed,105150734
fixed,106425842
fixed,107406332
fixed,105936832
fixed,106014962
fixed,104529034
fixed,103950612
fixed,105505438
fixed,104907258
fixed,105814870
fixed,106086092
fixed,103230494
fixed,105497400
fixed,105395192
fixed,103557494
fixed,106070724
fixed,106125854
fixed,105018714
fixed,106040878
fixed,105225994
fixed,104980216
fixed,105797334
fixed,104560736
fixed,105445410
fixed,104812128
fixed,104444360
fixed,105623426
fixed,104950474
fixed,103956350
fixed,105638308
fixed,105400200
fixed,105747062
fixed,105663054
fixed,105112718
fixed,104216134
fixed,106794334
fixed,105446454
fixed,106827292
fixed,105389714
fixed,106287222
fixed,106597532
fixed,106297298
fixed,106953150
fixed,105723834
fixed,106333142
fixed,106762086
fixed,106917902
fixed,106895186
fixed,106546664
fixed,106986136
fixed,106522980
fixed,106643542
fixed,106345330
fixed,107320574
fixed,104936192
fixed,105361184
fixed,106676174
fixed,106378348
fixed,105725626
fixed,106003306
fixed,107412778
fixed,106765948
fixed,104333518
fixed,105936306
fixed,105919288
fixed,106065356
fixed,105227676
fixed,108125188
fixed,107660452
fixed,106457446
fixed,105470872
fixed,106183038
fixed,106214622
fixed,106918272
fixed,105033096
fixed,105926966
fixed,104103902
fixed,104780042
fixed,105243092
fixed,104552924
fixed,104889866
fixed,105514310
fixed,106370066
fixed,104425408
fixed,104490366
fixed,106128586
fixed,105325768
fixed,106790446
fixed,106389796
fixed,106357508
fixed,105712744
fixed,105024252
fixed,105663482
fixed,109498872
fixed,105982714
fixed,106768306
fixed,104879124
fixed,103016992
fixed,104879672
fixed,104333088
fixed,106812312
fixed,106435262
fixed,105231700
fixed,105887410
fixed,106433288
fixed,105921578
fixed,105282398
fixed,106225522
fixed,104427826
fixed,105122982
fixed,106787984
fixed,105813510
fixed,105753544
fixed,104789212
fixed,106714256
fixed,107016886
fixed,105251652
fixed,105584022
fixed,104605928
fixed,105513654
fixed,104890556
fixed,105646266
fixed,106483978
fixed,106116574
fixed,107138356
fixed,106088404
fixed,106798468
fixed,106415168
fixed,106360482
fixed,104436922
fixed,106254136
fixed,106484434
fixed,107088912
fixed,106298928
fixed,105358900
fixed,106223666
fixed,106846260
fixed,105959010
fixed,106834016
fixed,105483626
fixed,106348566
fixed,106209466
fixed,106786382
fixed,106477868
fixed,105128686
fixed,105518718
fixed,106096562
fixed,106006484
fixed,107154252
fixed,106665996
fixed,105676774
fixed,105706142
fixed,105264792
fixed,103727184
fixed,103889990
fixed,103562102
fixed,104796332
fixed,104100300
fixed,105206904
fixed,104278090
fixed,104511294
fixed,105335000
fixed,106480788
fixed,105032580
fixed,105312336
fixed,105704426
fixed,104970850
fixed,106524046
fixed,105922976
fixed,103429968
fixed,104448338
fixed,104942366
fixed,104409808
fixed,105297234
fixed,105704100
fixed,106266244
fixed,106403086
fixed,107010284
fixed,105750962
fixed,105251964
fixed,106140730
fixed,106151756
fixed,106189146
fixed,106496172
fixed,106511946
fixed,105580478
fixed,105266374
fixed,105972400
fixed,106709868
fixed,107055702
fixed,106114352
fixed,106307090
fixed,105406028
fixed,105701248
fixed,106467840
fixed,106088360
fixed,106547702
fixed,104913320
fixed,107250652
fixed,105790864
fixed,108311606
fixed,105914424
fixed,104744226
fixed,106999562
fixed,106229486
fixed,106796126
fixed,107317336
fixed,106247394
fixed,105845896
fixed,106622256
fixed,105025400
fixed,106665522
fixed,103889752
fixed,106074930
fixed,106052366
fixed,106787522
fixed,106921948
fixed,106824834
fixed,106398768
fixed,105233484
fixed,106673054
fixed,105492024
fixed,105666918
fixed,104975076
fixed,104832346
fixed,104154118
fixed,106925682
fixed,105752094
fixed,106558894
fixed,106788930
fixed,104970398
fixed,104810260
fixed,105406082
fixed,106273532
fixed,106257938
fixed,106029218
fixed,105564742
fixed,106528810
fixed,105471398
fixed,105676060
fixed,105622104
fixed,105921642
fixed,105666532
fixed,106391328
fixed,105424316
fixed,105120278
fixed,106430366
fixed,105943568
fixed,106722322
fixed,106877452
fixed,107656974
fixed,107424938
fixed,106700830
fixed,106311432
fixed,107373222
fixed,106659868
fixed,105819270
fixed,107177134
fixed,106620896
fixed,106090426
fixed,106607098
fixed,106395956
fixed,105957410
fixed,106156418
fixed,106725700
fixed,105910996
fixed,105686758
fixed,107916534
fixed,106015284
fixed,105855650
fixed,107606570
fixed,106408804
fixed,107200784
fixed,105887642
fixed,107164196
fixed,106526604
fixed,107237862
fixed,106387992
fixed,106614454
fixed,107140386
fixed,106672138
fixed,107123366
fixed,106387940
fixed,105986672
fixed,106514048
fixed,105688846
fixed,107799760
fixed,107273980
fixed,107199926
fixed,106342452
fixed,105353906
fixed,106227562
fixed,107958104
fixed,106491566
fixed,106297688
fixed,106348268
fixed,108641148
fixed,107161906
fixed,106798860
fixed,106508488
fixed,105891212
fixed,106482294
fixed,105754708
fixed,104852250
fixed,103680318
fixed,106018100
fixed,107281128
fixed,106119972
fixed,107320924
fixed,105947312
fixed,107305124
fixed,108070436
fixed,106467314
fixed,106207852
fixed,106368850
fixed,106530284
fixed,106199112
fixed,104628888
fixed,103829374
fixed,105634006
fixed,106206568
fixed,107046958
fixed,105632094
fixed,104539218
fixed,104882184
fixed,104516614
fixed,105682942
fixed,104841016
fixed,105107430
fixed,109246936
fixed,105060536
fixed,103657556
fixed,104370328
fixed,105415382
fixed,105492702
fixed,105996432
fixed,105931424
fixed,106029504
fixed,105423920
fixed,106264846
fixed,106034690
fixed,107158474
fixed,106303882
fixed,105945080
fixed,106503654
fixed,104386822
fixed,107779652
fixed,105679934
fixed,105001356
fixed,106419920
fixed,105886830
fixed,106321714
fixed,106456708
fixed,105824628
fixed,106973092
fixed,106969894
fixed,105960042
fixed,105264838
fixed,107103264
fixed,104814834
fixed,106333608
fixed,106480040
fixed,105887074
fixed,106503482
fixed,104775126
fixed,107813134
fixed,107117164
fixed,106793108
fixed,106671214
fixed,106904866
fixed,106566970
fixed,106620258
fixed,108122102
fixed,106898384
fixed,106582262
fixed,106912402
fixed,106745058
fixed,107652980
fixed,106409234
fixed,106206256
fixed,106713336
fixed,110919782
fixed,106320094
fixed,104554350
fixed,104953002
fixed,106749972
fixed,105730602
fixed,107266538
fixed,104217614
fixed,107303792
fixed,106815264
fixed,106767818
fixed,108764060
fixed,107430762
fixed,106892920
fixed,107951096
fixed,106847262
fixed,106966920
fixed,107592028
fixed,105534530
fixed,105997494
fixed,106628144
fixed,106851692
fixed,107537408
fixed,109370524
fixed,106651208
fixed,106318858
fixed,107351648
fixed,106869076
fixed,106831490
fixed,106328444
fixed,105682604
fixed,106393480
fixed,106678052
fixed,105716052
fixed,107065846
fixed,105277886
fixed,106415004
fixed,106212368
fixed,106910484
fixed,107273374
fixed,105916706
fixed,106600822
fixed,105584256
fixed,109367962
fixed,106563104
fixed,106867618
fixed,106180624
fixed,107431948
fixed,107469372
fixed,106429966
fixed,105495772
fixed,105401226
fixed,105993550
fixed,108982164
fixed,105691842
fixed,105058264
fixed,105097784
fixed,106369536
fixed,107768628
fixed,105795636
fixed,107992404
fixed,105981666
fixed,106408474
fixed,105272506
fixed,104569094
fixed,110284824
fixed,105695570
fixed,104902014
fixed,107089996
fixed,105798550
fixed,106782466
fixed,105239530
fixed,106853280
fixed,106129208
fixed,107002748
fixed,106263988
fixed,105417720
fixed,104832796
fixed,106491440
fixed,110037634
fixed,105501142
fixed,105411392
fixed,103602144
fixed,104384398
fixed,105170734
fixed,104626966
fixed,104203960
fixed,108830124
fixed,108124056
fixed,106568260
fixed,104421264
fixed,110486722
fixed,135134704
fixed,106169664
fixed,104833614
fixed,106006826
fixed,107729764
fixed,105654728
fixed,107198076
fixed,107407258
fixed,107171554
fixed,106889794
fixed,107142894
fixed,105500796
fixed,106454554
fixed,105774762
fixed,105109516
fixed,105175720
fixed,106122282
fixed,113725506
fixed,109319268
fixed,108458616
fixed,111821948
fixed,106764548
fixed,105969976
fixed,106759594
fixed,106466824
fixed,106895552
fixed,106568880
fixed,106980320
fixed,123349796
fixed,107876768
fixed,158645562
fixed,131636520
fixed,106844946
fixed,107152984
fixed,106658334
fixed,106199194
fixed,108624654
fixed,105377312
fixed,105944486
fixed,106964046
fixed,106897404
fixed,107986946
fixed,107794142
fixed,107419280
fixed,105562836
fixed,108264496
fixed,108069156
fixed,107664088
fixed,108212536
fixed,108972344
fixed,108297956
fixed,107156696
fixed,107039402
fixed,105528556
fixed,105935032
fixed,107085246
fixed,105670762
fixed,106863350
fixed,106667834
fixed,108053310
fixed,106765864
fixed,106679078
fixed,107731750
fixed,107409678
fixed,110194302
fixed,106522770
fixed,109074354
fixed,108046048
fixed,107594122
fixed,108833104
fixed,107341228
fixed,106618726
fixed,109038500
fixed,108063480
fixed,107564196
fixed,107741608
fixed,107889466
fixed,110949822
fixed,107315664
fixed,107698668
fixed,108088018
fixed,110590570
fixed,107487878
fixed,109130522
fixed,107964996
fixed,107276872
fixed,107616056
fixed,107169624
fixed,107213698
fixed,107126782
fixed,106757710
fixed,105752088
fixed,110147716
fixed,106967814
fixed,107809194
fixed,107941048
fixed,106856148
fixed,107056086
fixed,107159848
fixed,110296290
fixed,109180178
fixed,107490086
fixed,107189010
fixed,107293270
fixed,108171556
fixed,108223504
fixed,107038376
fixed,107656984
fixed,111475270
fixed,107808008
fixed,107365614
fixed,107165542
fixed,106963490
fixed,107907876
fixed,107247012
fixed,106908310
fixed,109274592
fixed,107123548
fixed,108012980
fixed,110985542
fixed,107888120
fixed,107670102
fixed,107377926
fixed,106854388
fixed,107990822
fixed,107415234
fixed,107149862
fixed,107674222
fixed,122391158
fixed,115583202
fixed,122026374
fixed,123195444
fixed,128923082
fixed,121322358
fixed,115468160
fixed,106938924
fixed,107998390
fixed,106910582
fixed,109185458
fixed,106958310
fixed,108527028
fixed,107147374
fixed,106453792
fixed,107797130
fixed,108872216
fixed,107436656
fixed,107104000
fixed,107567860
fixed,108958250
fixed,108316020
fixed,108852170
fixed,104112896
fixed,105440988
fixed,107164358
fixed,105173796
fixed,106822144
fixed,105765796
fixed,107846910
fixed,108037390
fixed,107743398
fixed,106857506
fixed,107541492
fixed,107923608
fixed,104090088
fixed,106335858
fixed,108683022
fixed,108331918
fixed,108552804
fixed,107917768
fixed,103138072
fixed,104511490
fixed,103979354
fixed,102443114
fixed,104938994
fixed,106922218
fixed,106179618
fixed,105524530
fixed,107656476
fixed,103434724
fixed,104415740
fixed,104857532
fixed,103101022
fixed,105218502
fixed,104564386
fixed,103939906
fixed,105443376
fixed,105048102
fixed,103481130
fixed,103615634
fixed,104456466
fixed,102998346
fixed,102960168
fixed,103352598
fixed,102970234
fixed,105247458
fixed,103972856
fixed,102469162
fixed,102705714
fixed,101969288
fixed,100654604
fixed,103713568
fixed,104518030
fixed,103883534
fixed,104844824
fixed,104052700
fixed,105294130
fixed,105994924
fixed,104885042
fixed,104793878
fixed,103165870
fixed,102052782
fixed,102448392
fixed,105327252
fixed,105844176
fixed,105468944
fixed,104470114
fixed,103370688
fixed,106021752
fixed,105409468
fixed,105688408
fixed,106000012
fixed,105431326
fixed,104296906
fixed,104353376
fixed,103844460
fixed,105474946
fixed,105751482
fixed,106744598
fixed,105821750
fixed,103716674
fixed,104937854
fixed,106154128
fixed,105023586
fixed,106276452
fixed,105258516
fixed,106143262
fixed,105486874
fixed,105686780
fixed,105259752
fixed,103278570
fixed,103682838
fixed,105275562
fixed,104349158
fixed,103783980
fixed,104619556
fixed,104172718
fixed,102364642
fixed,103668774
fixed,105411318
fixed,104629932
fixed,105796176
fixed,105062734
fixed,103898948
fixed,104934880
fixed,103092674
fixed,108016950
fixed,103934538
fixed,103336414
fixed,102996954
fixed,104423362
fixed,104585956
fixed,103622306
fixed,103037470
fixed,106779958
fixed,103986444
fixed,100663504
fixed,103497232
fixed,100742504
fixed,101432092
fixed,104707954
fixed,104340174
fixed,103638848
fixed,108065648
fixed,103742248
fixed,105619210
fixed,103616856
fixed,105855546
fixed,103964236
fixed,102148174
fixed,104185948
fixed,104849508
fixed,103765794
fixed,105042104
fixed,103971194
fixed,103541104
fixed,105763964
fixed,103053046
fixed,104725852
fixed,103323214
fixed,101968210
fixed,103117756
fixed,103620672
fixed,101526496
fixed,102739696
fixed,103863714
fixed,103246458
fixed,103647374
fixed,105699338
fixed,105594976
fixed,106918318
fixed,106909152
fixed,104743564
fixed,102720502
fixed,103600442
fixed,105136868
fixed,106805804
fixed,105401730
fixed,103284014
fixed,103736054
fixed,104447782
fixed,106026106
fixed,103671876
fixed,104753768
fixed,102284986
fixed,104277642
fixed,104094828
fixed,102569302
fixed,101922394
fixed,102325054
fixed,104219402
fixed,107304322
fixed,103652750
fixed,103082566
fixed,102818960
fixed,104126566
fixed,100278436
fixed,102670546
fixed,106406866
fixed,105318408
fixed,103321768
fixed,107047426
fixed,102356858
fixed,101691450
fixed,105775262
fixed,101491382
fixed,101306242
fixed,104541180
fixed,101828452
fixed,103812106
fixed,101574054
fixed,103144398
fixed,103531560
fixed,105813396
fixed,104704558
fixed,103685282
fixed,104083574
fixed,103411818
fixed,103861878
fixed,103338174
fixed,105048386
fixed,103519888
fixed,105078112
fixed,104309722
fixed,102483484
fixed,103130940
fixed,104784558
fixed,100664372
fixed,104258366
fixed,102348070
fixed,103045822
fixed,103781110
fixed,105310196
fixed,105348016
fixed,103175800
fixed,103913622
fixed,103948664
fixed,103506494
fixed,105150014
fixed,101868502
fixed,101626864
fixed,102240014
fixed,101569924
fixed,105190788
fixed,101079634
fixed,102449456
fixed,103877296
fixed,104449712
fixed,103357598
fixed,102534892
fixed,104969344
fixed,102914010
fixed,102034898
fixed,101473258
fixed,102608806
fixed,104344624
fixed,102341640
fixed,101969642
fixed,100424934
fixed,104029618
fixed,104754506
fixed,102871312
fixed,104437176
fixed,104995866
fixed,103825660
fixed,103164694
fixed,101162228
fixed,102538548
fixed,103661870
fixed,101928468
fixed,102013486
fixed,104096376
fixed,104224214
fixed,104685674
fixed,102371396
fixed,104841572
fixed,103895900
fixed,102180800
fixed,103810270
fixed,106518950
fixed,105939586
fixed,106297542
fixed,102144808
fixed,102267614
fixed,102135658
fixed,105715670
fixed,103884718
fixed,105040952
fixed,101784694
fixed,103638394
fixed,101308970
fixed,105233036
fixed,104634508
fixed,102792912
fixed,103971256
fixed,103640106
fixed,103857112
fixed,105084032
fixed,104544418
fixed,105053112
fixed,103180782
fixed,101735300
fixed,104451908
fixed,104312544
fixed,104591348
fixed,104510316
fixed,104109902
fixed,102115000
fixed,101325866
fixed,102144874
fixed,101584938
fixed,104228592
fixed,103387310
fixed,103204024
fixed,102449168
fixed,103018996
random,107979430
random,107647862
random,108500966
random,106327034
random,106906426
random,109464136
random,109142118
random,106050960
random,107776228
random,107618912
random,105719526
random,108230786
random,108409292
random,109865224
random,107835556
random,106927814
random,110367958
random,106641924
random,106687616
random,111763894
random,107750206
random,105318064
random,107931176
random,107337816
random,107737074
random,107345142
random,108719776
random,106898702
random,106991956
random,107960970
random,109440696
random,108618940
random,107284454
random,108541790
random,108879452
random,106484268
random,106555632
random,105837996
random,107112694
random,107306050
random,107992470
random,111701394
random,108848684
random,107135876
random,108419736
random,108804028
random,106876786
random,108739684
random,107176282
random,109330348
random,109310046
random,107861818
random,107796322
random,107132664
random,108835522
random,105969924
random,107001882
random,106996940
random,107717194
random,108180220
random,107522400
random,108710146
random,107106240
random,107066694
random,107518306
random,107656684
random,108630930
random,108518752
random,109471912
random,107986324
random,107881936
random,107469720
random,108852420
random,108077402
random,107339806
random,107185576
random,107939458
random,109684612
random,107089998
random,107488756
random,107681116
random,106800896
random,107609112
random,107096136
random,109239218
random,107327312
random,107607126
random,108114504
random,108131774
random,107192172
random,106967310
random,108252032
random,108214864
random,107409368
random,112785308
random,108950116
random,107929132
random,107873032
random,107455182
random,107351042
random,106900096
random,108421618
random,113016116
random,122456746
random,122227948
random,122004382
random,108584908
random,106541600
random,105626050
random,108052272
random,107187766
random,107331948
random,107305840
random,107396986
random,107651476
random,107271014
random,107833242
random,107038624
random,105302002
random,103767842
random,106126532
random,107582382
random,107148110
random,106778744
random,105350518
random,105047204
random,106635446
random,108990302
random,107202124
random,103048480
random,102847104
random,104293064
random,105546824
random,102954458
random,102003418
random,102865110
random,106303100
random,104554764
random,104894518
random,104666392
random,108096656
random,103591020
random,104550270
random,103150174
random,103038918
random,103806550
random,104047608
random,106563594
random,103729226
random,107995938
random,102548890
random,106498020
random,105258708
random,103897148
random,104499316
random,102365930
random,108871666
random,104141622
random,102748682
random,103116436
random,107028376
random,104657604
random,103140532
random,104816852
random,103780888
random,102787784
random,103001506
random,107710620
random,107178302
random,104132356
random,103349052
random,101963642
random,108005176
random,103251854
random,102097234
random,101446522
random,101954358
random,103070096
random,102680294
random,102551306
random,103844670
random,102620852
random,103697902
random,103798730
random,105377720
random,104392704
random,105117780
random,105686588
random,103962010
random,102140144
random,105466766
random,104359464
random,102112118
random,100842398
random,99833354
random,104514052
random,103661358
random,102180504
random,101253762
random,101654596
random,102370944
random,106055626
random,102325824
random,104154530
random,103040412
random,107468586
random,103704200
random,103864414
random,105102096
random,102239298
random,102625336
random,102429396
random,102486584
random,101318780
random,102118526
random,104427756
random,100454664
random,101059450
random,100746316
random,102314356
random,102155716
random,102952670
random,106245504
random,105518832
random,101989440
random,104830496
random,103396276
random,102647938
random,102151186
random,102652538
random,104136108
random,102366352
random,104106862
random,103145110
random,105420524
random,105355448
random,103549606
random,105070244
random,104652164
random,103885452
random,102549528
random,103903514
random,102653780
random,101969186
random,105071454
random,107214338
random,105717990
random,106085830
random,104257062
random,104065990
random,102484958
random,103112308
random,102686298
random,103846088
random,103931798
random,111114606
random,106379666
random,104520514
random,104031812
random,103707322
random,103727994
random,104524822
random,106761624
random,107025784
random,102125130
random,102614408
random,106140308
random,103184344
random,102432772
random,103796384
random,102628136
random,104079914
random,104118672
random,101586484
random,104882632
random,102831410
random,102742594
random,101931290
random,101426052
random,106599070
random,102541038
random,101936226
random,102831454
random,104353040
random,101638612
random,101404356
random,101131302
random,108714056
random,104661354
random,102149478
random,103905212
random,103995558
random,105964158
random,104615676
random,103630244
random,105955724
random,106412356
random,105028910
random,103413704
random,102486590
random,103436320
random,108641608
random,103619096
random,105342860
random,102547154
random,101420496
random,104722640
random,104092104
random,103837806
random,106266950
random,104088918
random,103770190
random,105091894
random,104220598
random,106725672
random,103925930
random,102640720
random,105306916
random,103330858
random,104185740
random,102702098
random,105828708
random,105589860
random,104860778
random,102728896
random,104555728
random,102637288
random,103397284
random,103555384
random,102638340
random,108588000
random,101395440
random,101765536
random,102955864
random,104023762
random,104104958
random,102323884
random,105528440
random,102001840
random,101394188
random,103772962
random,103330438
random,104878028
random,107044924
random,102648604
random,102304514
random,104246276
random,101279336
random,102724950
random,105430744
random,103633436
random,105791926
random,104612338
random,103618202
random,104693380
random,100925522
random,105345668
random,106429062
random,105932160
random,104756758
random,103326262
random,103212772
random,107064038
random,104147938
random,105665684
random,104987188
random,104719642
random,102808448
random,105724626
random,109474388
random,105127596
random,103961428
random,105749940
random,105756860
random,112503538
random,103416682
random,105526882
random,102933700
random,102082752
random,103599518
random,106337730
random,106995062
random,105260070
random,104700412
random,104058428
random,104911158
random,109286630
random,104843312
random,104660716
random,104091704
random,103518168
random,103658132
random,102827224
random,104754742
random,103696054
random,103684904
random,103330724
random,101443402
random,102778164
random,106380622
random,104255364
random,103156478
random,103322994
random,105332078
random,103061510
random,103846030
random,102369076
random,104775668
random,103731552
random,104388364
random,104310230
random,106852616
random,105865912
random,105473188
random,102587778
random,106186564
random,105838150
random,104091530
random,104707792
random,103802352
random,104096470
random,105002998
random,103440702
random,106784988
random,105717722
random,104655144
random,104376842
random,104638804
random,103968132
random,103545658
random,104571678
random,103675616
random,103675560
random,102847326
random,103552980
random,105372836
random,104745146
random,104077970
random,104231286
random,104354742
random,104301940
random,102928308
random,105738344
random,102763570
random,104248524
random,102532222
random,104123974
random,104925312
random,103917870
random,106385570
random,105513024
random,104698316
random,104060362
random,104651396
random,105905994
random,104280224
random,104977776
random,102919292
random,104599914
random,102307910
random,105472762
random,103031086
random,104012536
random,105673398
random,103047662
random,104279996
random,104931468
random,105196244
random,106097550
random,106168562
random,102772866
random,104938368
random,104141982
random,107574990
random,102722464
random,109228664
random,156658448
random,103860996
random,106718356
random,106579970
random,102739004
random,102876232
random,101805804
random,102898932
random,103432548
random,102489330
random,103152014
random,105261796
random,104676280
random,105244336
random,103120720
random,103413406
random,101821246
random,104361288
random,101904022
random,107941242
random,102536538
random,103954766
random,104086144
random,104078508
random,103521180
random,103789606
random,107390330
random,102091136
random,104292316
random,104584446
random,103792116
random,107031142
random,107127076
random,101330618
random,104667284
random,101839440
random,104792674
random,104515092
random,103133696
random,103982218
random,103948986
random,106820800
random,105776292
random,104858248
random,104085594
random,103833420
random,105221218
random,104150236
random,104168872
random,105222812
random,100917924
random,101765702
random,103163720
random,102620966
random,102862536
random,102950654
random,104452980
random,102428184
random,104178280
random,105689098
random,106628750
random,103928046
random,102310786
random,102223726
random,102429884
random,101151066
random,102018884
random,102600432
random,102369032
random,104737372
random,105192262
random,103824078
random,104131022
random,104214184
random,104448706
random,104377962
random,102887332
random,101169868
random,103485546
random,103376914
random,104913390
random,104798308
random,101416702
random,106066352
random,102733998
random,103407802
random,102537848
random,102669658
random,103721584
random,103817446
random,102631046
random,102308976
random,104552402
random,104558370
random,103394398
random,103843352
random,105477908
random,103820884
random,104098412
random,103997732
random,104261326
random,105433680
random,106376502
random,102452364
random,103631178
random,104029600
random,105545992
random,106196056
random,104479588
random,102382914
random,104958854
random,103479058
random,106391368
random,103803832
random,101023830
random,102301744
random,102914152
random,103532454
random,102899080
random,103201158
random,103850544
random,107503840
random,103417112
random,103685620
random,104883888
random,104546874
random,103294290
random,104394324
random,103115482
random,113644440
random,103593316
random,102830526
random,102657258
random,103753046
random,104330408
random,108230408
random,103261058
random,103666264
random,102826652
random,103351376
random,105573288
random,103642488
random,102371612
random,103128044
random,105296006
random,105336090
random,105191436
random,102837956
random,104575072
random,102997120
random,103158106
random,104220174
random,103616146
random,103309884
random,102688548
random,104064278
random,103001920
random,106096448
random,110377512
random,104868714
random,106011702
random,105718284
random,106153100
random,103886492
random,106466992
random,102854978
random,106248940
random,105960148
random,105412756
random,105370380
random,105411994
random,105175968
random,104093308
random,106765996
random,107129992
random,107167498
random,106711326
random,104781362
random,106857572
random,105543936
random,107983790
random,107290518
random,107682026
random,108687240
random,107661406
random,108110468
random,107440732
random,107698914
random,106404736
random,104514192
random,108245346
random,104923518
random,105622164
random,106928244
random,110987310
random,107569320
random,105086650
random,104694996
random,105455264
random,108324794
random,103915068
random,105122488
random,106064636
random,107229908
random,107461318
random,107183910
random,106881244
random,106926502
random,110320510
random,106539234
random,104868058
random,105226094
random,105576318
random,105812040
random,106379624
random,106567358
random,107745540
random,107828510
random,107542214
random,108925158
random,107731628
random,108880810
random,107405902
random,107620082
random,109267250
random,107661452
random,108794684
random,107234662
random,110055020
random,108089376
random,108314862
random,107636526
random,107892022
random,108148430
random,107837078
random,107683134
random,108648436
random,107616132
random,109912866
random,106027150
random,107858142
random,107952166
random,110078286
random,107525584
random,108111050
random,107514236
random,107439992
random,107683164
random,107421796
random,107379596
random,107425286
random,108280494
random,107169496
random,107632828
random,107085874
random,107206218
random,110221966
random,109535296
random,107217638
random,107542426
random,107288962
random,107187776
random,108738352
random,107856190
random,107376558
random,110734462
random,108609064
random,107195778
random,107475050
random,108015972
random,108200358
random,108110494
random,107602158
random,108434750
random,108026266
random,110019592
random,107588602
random,106897386
random,107052440
random,107003986
random,106310838
random,107464938
random,107156830
random,107886054
random,108001908
random,107752770
random,109442892
random,107080348
random,106910360
random,107105276
random,109838458
random,108009258
random,107064720
random,106868900
random,107006564
random,107547890
random,106883916
random,106996624
random,107109434
random,107018864
random,106927090
random,106873644
random,109022088
random,111796560
random,107644198
random,105256498
random,105816972
random,108139970
random,106986830
random,107215776
random,107017030
random,107174378
random,107214912
random,108280288
random,105495166
random,107106350
random,106821502
random,108360362
random,106284624
random,103988588
random,108015202
random,100637274
random,101899800
random,102250652
random,104482796
random,105275996
random,103852858
random,104920530
random,104377588
random,102832434
random,104406384
random,101312436
random,101089146
random,104260480
random,110738006
random,101060628
random,103510928
random,102297542
random,104207882
random,102853612
random,103952978
random,103853310
random,101302742
random,102422902
random,103849088
random,104293844
random,103126776
random,101739832
random,102366954
random,107225740
random,101506136
random,103158170
random,103169670
random,103412086
random,104404234
random,104561172
random,103564950
random,103695450
random,103093222
random,103138062
random,103342942
random,108820226
random,103453730
random,105489160
random,102728680
random,103094470
random,101267094
random,107669856
random,104256294
random,104144474
random,103423392
random,102029292
random,102972352
random,103229666
random,101024502
random,104396506
random,103612088
random,103421062
random,102956116
random,103291184
random,106825284
random,105410322
random,105204672
random,105336426
random,104424252
random,102069562
random,105244036
random,110197558
random,106640212
random,103398450
random,103179182
random,102400980
random,101549692
random,102517228
random,99959686
random,104173484
random,102088880
random,102560424
random,107437974
random,102610282
random,102717324
random,101108386
random,101094436
random,102534190
random,101815684
random,104196660
random,102009830
random,103681462
random,102844544
random,101727362
random,102942594
random,104903228
random,104256426
random,101314162
random,99752328
random,102584382
random,99739102
random,103310726
random,102958680
random,104419300
random,103061358
random,104211332
random,102014536
random,102816794
random,104748488
random,102664768
random,102439532
random,103427290
random,102795098
random,102926324
random,103453396
random,103659058
random,102951550
random,102701502
random,109399822
random,103817580
random,103836626
random,107020916
random,103542626
random,101717180
random,103359200
random,104423952
random,103276228
random,106984878
random,104724006
random,102079514
random,103052574
random,105209640
random,109286472
random,102934094
random,102934914
random,103180888
random,101766668
random,103020334
random,103096710
random,107994844
random,103873394
random,105715866
random,105644498
random,105530874
random,102747790
random,104499754
random,105792938
random,109415900
random,103499574
random,101043964
random,103798164
random,105344798
random,105126386
random,105943588
random,105140282
random,103563384
random,104190458
random,102832084
random,101912134
random,103189030
random,102816796
random,102801746
random,102954756
random,104192558
random,104936656
random,107151758
random,104729562
random,105055418
random,106994576
random,106106098
random,103500496
random,105012288
random,103012184
random,103853578
random,103645702
random,104555244
random,104047084
random,106529922
random,103539046
random,103469712
random,104476498
random,104224392
random,105702454
random,105660860
random,102393760
random,103104984
random,103797124
random,103219368
random,101041036
random,104260676
random,103593590
random,105177408
random,104497854
random,104696084
random,106675542
random,104112192
random,102659610
random,105210560
random,103339994
random,107034146
random,105621026
random,106750376
random,106419650
random,103889436
random,101162968
random,103894736
random,105339878
random,102486818
random,103528192
random,103233476
random,102422796
random,100524070
random,102646666
random,105344198
random,104834908
random,103670500
random,103290916
random,105810564
random,103603016
random,105701744
random,105163798
random,104283072
random,103810568
random,103269894
random,101945638
random,103650954
random,104118884
random,102052562
random,101672002
random,107743230
random,104534488
random,103772056
random,102210068
random,104063928
random,103597632
random,102670190
random,103935246
random,111377272
random,103743254
random,104408992
random,104665588
random,102971688
random,103281358
random,104395506
random,105425276
random,103851842
random,106432300
random,103242966
random,108702934
random,104869888
random,103479582
random,105077660
random,104357988
random,105860188
random,104851342
random,103554356
random,106155592
random,107781632
random,104268530
random,104499622
random,106048652
random,104716406
random,104646850
random,103866208
random,103310094
random,105120708
random,108383150
random,106067880
random,105060014
random,105281564
random,105963494
random,109374744
random,105414640
random,104299114
random,104746258
random,105772202
random,105167338
random,106319594
random,105809448
random,108400690
random,103048462
random,104236848
random,104170488
random,105777856
random,108061056
random,104277776
random,102669184
random,103463494
random,104380366
random,103935652
random,104178394
random,103352534
random,104039612
random,105073658
random,105593424
random,102682866
random,105671184
random,104467196
random,103661974
random,108182278
random,104112708
random,104400302
random,103912532
random,103493354
random,104679636
random,105285904
random,105395044
random,102957102
random,104955660
random,103397538
random,105284576
random,104611462
random,105000858
random,104730124
random,102800030
random,104876342
random,104942492
random,106424620
random,105629366
random,105216622
random,104458424
random,105527444
random,105374340
random,107883752
random,105618880
random,103925876
random,104090868
random,107099194
random,107441092
random,105733170
random,107074956
random,106835798
random,105327696
random,104322308
random,102531932
random,104737266
random,106799486
random,103678646
random,103726064
random,105310338
random,105277622
random,105239306
random,104701428
random,104680538
random,105539252
random,106434170
random,104747892
random,105968354
random,107969168
random,105358042
random,105703818
random,104694804
random,106164556
random,103697778
random,104630794
random,105020586
random,106625014
random,105063570
random,103741780
random,103184706
random,103615622
random,104978756
random,105280264
random,103446564
random,104397520
random,103931042
random,103635738
random,102959596
random,101860682
random,104743548
random,104992954
random,104572746
random,105571916
random,104025702
random,105901692
random,104583094
random,101861188
random,103006446
random,105870432
random,103622320
random,105542110
random,103857172
random,105478634
random,104178282
random,103792812
random,104599332
random,104152146
random,105133868
random,105869996
random,102351428
random,105103426
random,109227954
random,105780998
random,105711182
random,106722470
random,104518174
random,104343426
random,104707308
random,106070760
random,105221094
random,104751588
random,104971544
random,104544712
random,103703040
random,104340260
random,104705952
random,105763010
random,105505458
random,105713014
random,108341986
random,104910776
random,103444938
random,104271856
random,103832618
random,106040332
random,105764628
random,104636782
random,104335014
random,105640306
random,104522122
random,103999692
random,105653518
random,105001514
random,105709292
random,106321244
random,106508356
random,104028854
random,103526762
random,103604238
random,104807516
random,103357746
random,105093672
random,105067116
random,105613944
random,106455364
random,104741586
random,105243810
random,104179618
random,104692904
random,105391982
random,105370164
random,104990846
random,107892584
random,105950984
random,103554972
random,104481458
random,105813354
random,104639874
random,109309544
random,106069054
random,104305588
random,108422330
random,106435420
random,104894434
random,104948670
random,104374680
random,106813874
random,105240012
random,106962106
random,105121410
random,104143534
random,105284046
random,105257820
random,106166486
random,105556914
random,105955944
random,104744958
random,104326458
random,111211512
random,105887698
random,105246598
random,105760180
random,104367268
random,104044722
random,103922292
random,104852248
random,105746010
random,103478792
random,104143764
random,104727970
random,107099142
random,104659978
random,106136700
random,104161170
random,104331772
random,105623700
random,107433690
random,103706838
random,104422150
random,104075076
random,104720520
random,105587648
random,106511492
random,106798768
random,105039288
random,104669460
random,106829890
random,107443156
random,104393184
random,104395018
random,103586188
random,105275852
random,105426914
random,104991720
random,107164796
random,109151394
random,106177136
random,106006174
random,105975712
random,106284488
random,106903874
random,105775522
random,107601186
random,107249614
random,107955020
random,109995498
random,107279476
random,106208632
random,106161144
random,107447978
random,107064172
random,107110450
random,107004772
random,107299200
random,107361452
random,106072568
random,106768070
random,106542294
random,107102636
random,106342540
random,105783018
random,107389766
random,106965046
random,106879468
random,106004116
random,106485216
random,105895690
random,107613036
random,106933688
random,106974784
random,110170146
random,107370154
random,106811220
random,107162778
random,107310046
random,107136098
random,107388130
random,106858184
random,107117850
random,105786266
random,105765974
random,108172022
random,107711752
random,107562330
random,110446408
random,108046916
random,107732402
random,107315478
random,106832588
random,106236414
random,106305536
random,108257356
random,107991270
random,107007508
random,106746730
random,104526440
random,104991148
random,103917256
random,106783034
random,107019528
random,110938810
random,108298014
random,107240104
random,108193684
random,108386306
random,107266128
random,107928760
random,110586680
random,107205630
random,106893340
random,107284128
random,109022894
random,107602246
random,106931970
random,106297698
random,108439172
random,107026776
random,107092664
random,106947884
random,105345968
random,106753120
random,108086280
random,107091342
random,107519626
random,107575302
random,108633280
random,107608500
random,107940650
random,108154324
random,107081948
random,108987412
random,107583708
random,107149960
random,107452046
random,107277246
random,108529396
random,109343502
random,107325414
random,106868496
random,107066270
random,107497616
random,108082842
random,108060562
random,110151146
random,107276746
random,107066014
random,107405982
random,109309928
random,106722960
random,110416992
random,107241508
random,106880104
random,107128912
random,107302566
random,107288424
random,107090084
random,107090858
random,108373704
random,107886576
random,107587192
random,109999062
random,107045594
random,107063800
random,107199184
random,107781266
random,107343952
random,109813572
random,107796788
random,106963408
random,107409604
random,107298028
random,108130366
random,107380444
random,107170580
random,110701356
random,107189214
random,107433066
random,107317572
random,107299950
random,106880730
random,109066986
random,107723806
random,107007210
random,107278758
random,109931060
random,106607512
random,106896812
random,107036352
random,110773578
random,108273478
random,108096756
random,107116276
random,106946276
random,106950678
random,106939586
random,108740332
random,106112906
random,106808248
random,105850718
random,109673532
random,107888636
random,107041766
random,105726190
random,105800646
random,109585080
random,107687668
random,106246936
random,105334862
random,102265072
random,105484130
random,103963894
random,104634974
random,106272582
random,102894382
random,106403736
random,104347952
random,105459614
random,104165244
random,105303924
random,104361302
random,103236968
random,104519480
random,105708046
random,104701220
random,105326202
random,104886862
random,104406022
random,105910242
random,106428206
random,106001022
random,104850550
random,108860090
random,104223686
random,105101194
random,103640386
random,105388620
random,104090120
random,105518424
random,107066742
random,106724674
random,105365040
random,105295840
random,104751430
random,104096168
random,102394020
random,104792676
random,108262640
random,104557278
random,103035832
random,105306568
random,105306636
random,108135362
random,107239922
random,105428660
random,104444484
random,106058914
random,104315034
random,106211668
random,106213258
random,104401340
random,105709804
random,106174196
random,105142184
random,106287730
random,105949400
random,105018852
random,104933944
random,104958672
random,103154758
random,105695916
random,104546158
random,104943642
random,104311720
random,105854086
random,104465886
random,103835848
random,104119296
random,104744098
random,105993760
random,104248370
random,105593154
random,105568484
random,106370506
random,104696160
random,104818076
random,105444674
random,105852588
random,105229570
random,109584602
random,105846584
random,104277432
random,102801802
random,104622530
random,103896404
random,105548902
random,106870890
random,105774794
random,102324132
random,102713922
random,104801030
random,104834104
random,103931234
random,103947044
random,107856724
random,106091726
random,104476908
random,104654080
random,104718218
random,105034252
random,105783076
random,103112694
random,104447550
random,104681104
random,105230898
random,107058434
random,104093908
random,103508210
random,103828148
random,104384562
random,105350740
random,102882898
random,104583498
random,104902404
random,103063960
random,106628754
random,105231398
random,107148198
random,106120846
random,105162760
random,104817640
random,104244068
random,104440240
random,103948352
random,104744724
random,105953618
random,104745502
random,103917790
random,104080452
random,104662234
random,102811282
random,107286680
random,104606268
random,105000848
random,105067686
random,104342426
random,103817768
random,105639232
random,104885824
random,105882850
random,105592308
random,104158980
random,104794436
random,106034228
random,104936284
random,106780902
random,107296518
random,107069932
random,105885466
random,104535104
random,105345982
random,107124804
random,106602324
random,109462990
random,104761826
random,105572116
random,106697878
random,105977656
random,106290738
random,105449502
random,104562920
random,103784458
random,105106990
random,105683838
random,109081198
random,105080754
random,105846794
random,105538900
random,104909328
random,104057324
random,105288264
random,104054320
random,108508042
random,105815410
random,105660048
random,103771088
random,106710158
random,105607546
random,104913668
random,107103094
random,105879796
random,106621812
random,105368382
random,105477962
random,105212138
random,106180500
random,104699830
random,105101028
random,104664888
random,103275320
random,104525488
random,105917620
random,107513666
random,107686296
random,105249160
random,105715466
random,106114690
random,105981072
random,105836914
random,106024274
random,108925554
random,106179196
random,106827742
random,104485204
random,104393614
random,105552360
random,106024196
random,106505168
random,105587788
random,106607622
random,106150984
random,110156934
random,104980836
random,104871510
random,105313118
random,104416368
random,104479598
random,106328636
random,106013174
random,103357950
random,104177688
random,106037342
random,106574130
random,106739216
random,105412560
random,104895366
random,104973090
random,106012198
random,106253046
random,106323884
random,104940680
random,104769798
random,104571922
random,102387362
random,106394610
random,104519868
random,108150132
random,106431350
random,104943616
random,105306156
random,103954360
random,106661378
random,105163748
random,103492012
random,107639124
random,104592564
random,105384444
random,105467230
random,105673268
random,105648952
random,106203116
random,106030634
random,106877810
random,105213992
random,104665636
random,106757550
random,108006910
random,105313288
random,104782050
random,105908676
random,105474874
random,105090792
random,104140048
random,105836196
random,105332840
random,106055120
random,107531922
random,106195528
random,105356804
random,104205646
random,105857928
random,105181450
random,104859522
random,108352722
random,106380272
random,105567836
random,105194322
random,106144670
random,104191588
random,108011402
random,105649056
random,105772146
random,104895338
random,103844482
random,106943702
random,105149872
random,104851316
random,105279294
random,104810548
random,103342706
random,106347594
random,109040968
random,106829542
random,105947238
random,104324004
random,104967568
random,106094924
random,107606906
random,104674360
random,105093222
random,102884320
random,105726136
random,105437578
random,103178102
random,104924776
random,105341718
random,105671546
random,105924928
random,106167188
random,105599518
random,106375390
random,105272906
random,106731442
random,107319210
random,107234746
random,107298880
random,105408118
random,105009510
random,105467578
random,105020570
random,108150394
random,106646808
random,106200230
random,106455812
random,106695468
random,105111236
random,105068816
random,104486604
random,105577546
random,105817766
random,104952018
random,104639350
random,106290180
random,105186326
random,105734670
random,106472758
random,105341340
random,105881018
random,105981452
random,108073108
random,106994218
random,106524390
random,103936876
random,104639032
random,106307298
random,104558370
random,106041316
random,109454916
random,106579076
random,105837572
random,106339816
random,105845026
random,105431062
random,105576678
random,106114332
random,105834206
random,105911384
random,107159616
random,107144780
random,106175614
random,106367572
random,105617214
random,105681692
random,104770712
random,106036880
random,106851896
random,105884234
random,105874826
random,106347634
random,109398842
random,106567598
random,106945980
random,106257922
random,105907796
random,107801726
random,105559594
random,104766486
random,105463540
random,105836734
random,105167336
random,111275278
random,106764920
random,105751092
random,105784874
random,108489858
random,105086750
random,104136028
random,104726472
random,110523182
random,104988684
random,106168586
random,107246776
random,106321204
random,103549462
random,104938440
random,102926382
random,105569744
random,111556886
random,109582282
random,104738430
random,106416452
random,108150418
random,104020724
random,109094372
random,104899660
random,105555162
random,103790078
random,104838926
random,104568094
random,104785764
random,103111522
random,103961794
random,105349380
random,104522442
random,104426296
random,105142038
random,103898832
random,105827646
random,106185820
random,104422234
random,103838572
random,102735292
random,108044990
random,105966994
random,105470488
random,105726914
random,105487160
random,105192792
random,104415350
random,105500406
random,103569480
random,104186850
random,103394082
random,104102910
random,104709130
random,106257186
random,105897900
random,106166820
random,106444112
random,105633778
random,105877510
random,105700854
random,106469780
random,106562326
random,106140548
random,106101922
random,107916060
random,107449238
random,105807232
random,105548186
random,105395990
random,105114412
random,106105724
random,105770488
random,107503634
random,105893010
random,106075970
random,104604908
random,104951986
random,105087454
random,104748174
random,105589778
random,108605114
random,106231390
random,105442356
random,105575068
random,104952624
random,105843110
random,105284034
random,105930682
random,106943090
random,106150246
random,105403248
random,107093846
random,106939646
random,105051410
random,109824290
random,108027474
random,109128292
random,107812778
random,105986534
random,105920418
random,107499992
random,108473056
random,108166416
random,112852764
random,109722274
random,114841940
random,106856388
random,107312118
random,104763482
random,106036804
random,104684774
random,106179550
random,108945638
random,105398776
random,104653232
random,105318926
random,105244922
random,105684892
random,104629506
random,103885942
random,105442318
random,104418864
random,104748342
random,103085188
random,102732578
random,105306974
random,106768268
random,107819456
random,106480400
random,104716846
random,104495634
random,106739388
random,106052278
random,104322998
random,106094832
random,105698966
random,106415512
random,105969724
random,106551150
random,106649944
random,106536912
random,107443098
random,107862314
random,107302106
random,107640996
random,110054178
random,106603678
random,108624072
random,108338716
random,107660750
random,108353080
random,108003844
random,106161086
random,106452102
random,107578138
random,105939690
random,105289552
random,106362970
random,107401394
random,107229902
random,109816698
random,111014496
random,108430070
random,107444598
random,106822348
random,108762562
random,106800548
random,106725868
random,104235064
random,104245434
random,105592588
random,106899938
random,106339768
random,106188238
random,105785590
random,105503732
random,107286508
random,106954172
random,107330366
random,104507174
random,105543524
random,105840850
random,107568138
random,107416264
random,106940864
random,106950394
random,107486376
random,109396564
random,107659224
random,107004300
random,107541022
random,107077272
random,106824102
random,110478488
random,107576734
random,107618648
random,107204408
random,107457098
random,107588944
random,106990658
random,107456076
random,108054326
random,105880470
random,106561478
random,107732608
random,107220020
random,106981888
random,107438576
random,106920150
random,107217076
random,107823650
random,107446120
random,107329324
random,107342186
random,107477508
random,107254456
random,107178498
random,107074582
random,107162544
random,106956944
random,107217732
random,107165996
random,107967818
random,107148518
random,107193532
random,107370636
random,109496678
random,107132888
random,107196130
random,107289112
random,106921478
random,107055496
random,107349938
random,107170138
random,108176696
random,106869422
random,106889304
random,106872898
random,106911158
random,107165552
random,107091044
random,107100894
random,107449760
random,108037266
random,107307604
random,107361334
random,107542944
random,106825980
random,106980814
random,107014072
random,107825804
random,106876818
random,107086190
random,107216906
random,107919000
random,108319864
random,107385744
random,107440632
random,107216372
random,107648572
random,107423518
random,106875978
random,107281166
random,106991206
random,106868984
random,107836556
random,105984824
random,106047206
random,105823442
random,107303088
random,106887730
random,107859282
random,107797940
random,106954390
random,106934374
random,106859066
random,106623240
random,106005668
random,106902612
random,106808126
random,107180988
random,106935214
random,107099554
random,105664164
random,104989518
random,106149494
random,106242724
random,106800258
random,107002200
random,105661352
random,106640188
random,105925346
random,103892660
random,102365110
random,104955094
random,102421564
random,101729342
random,104190768
random,101881542
random,100426062
random,102280860
random,103334864
random,104191620
random,103963222
random,102735202
random,104205118
random,102529324
random,102947438
random,104003772
random,103665136
random,101729710
random,102432412
random,102559564
random,102309158
random,102303150
random,103401892
random,102688018
random,102177310
random,103012638
random,104657698
random,102514404
random,101679510
random,102750406
random,103192626
random,102881494
random,102550110
random,101454470
random,103725066
random,102820524
random,103048050
random,104603648
random,102917626
random,104175472
random,101331720
random,102513800
random,102596504
random,102587848
random,103179824
random,101532420
random,102371870
random,102502636
random,103083618
random,100595336
random,101066890
random,101540304
random,101332392
random,104546212
random,105282924
random,104663156
random,105826944
random,105143984
random,104291446
random,105535526
random,105073982
random,105317256
random,106182502
random,106096790
random,106829992
random,105862480
random,104858952
random,104650928
random,107315848
random,105692112
random,106299402
random,106725286
random,105729744
random,106100156
random,106482254
random,105573298
random,106108366
random,106054124
random,106706704
random,105163746
random,105219626
random,105616744
random,106588904
random,105340870
random,105319014
random,104232008
random,105061726
random,105064366
random,105314964
random,104536982
random,104867074
random,106983094
random,104755580
random,105277844
random,105458548
random,101760348
random,104421038
random,106033494
random,104785754
random,105685204
random,105780938
random,105222656
random,106398620
random,105936548
random,105783484
random,104336956
random,105019960
random,106081764
random,105656164
random,105297608
random,106733890
random,104433074
random,105699962
random,105460926
random,106467094
random,106301876
random,105146400
random,104839448
random,105853582
random,106498960
random,106327306
random,106613458
random,105892222
random,104622638
random,104552438
random,104589578
random,103790016
random,105039038
random,106509952
random,105041036
random,104574834
random,104378144
random,106868764
random,106817372
random,104755534
random,103696148
random,104659420
random,103934212
random,102447548
random,104980964
random,104461016
random,105669246
random,104188960
random,104055286
random,104259248
random,105632058
random,104839204
random,104707890
random,105569030
random,104492484
random,104315188
random,104838814
random,104868316
random,106471038
random,105535080
random,105211868
random,106169132
random,105381310
random,104980320
random,106599092
random,105796266
random,106600828
random,104188608
random,104407250
random,104789130
random,106399352
random,106122340
random,105729290
random,106202416
random,104651042
random,104494668
random,105299776
random,106345488
random,104768276
random,105874256
random,105966012
random,105135820
random,106412458
random,104522944
random,106078946
random,105598074
random,106556224
random,104301220
random,104534232
random,104197646
random,105333292
random,104090688
random,105090602
random,106862388
random,105842334
random,105998844
random,104635466
random,104409256
random,104489374
random,102952490
random,105018282
random,105090588
random,105544990
random,105623048
random,103418010
random,102732654
random,104771362
random,107523876
random,106151362
random,105822230
random,105578968
random,102972282
random,104702410
random,107937058
random,104686950
random,103598040
random,104157860
random,103710320
random,101701648
random,104625080
random,104908328
random,103517138
random,104835912
random,105257402
random,103996176
random,105659466
random,105715608
random,104875946
random,105101518
random,104975964
random,102511452
random,103568782
random,104007860
random,106628532
random,103664870
random,103350174
random,105757284
random,103407560
random,103279556
random,108043272
random,105097246
random,106098570
random,105066940
random,104921372
random,105349174
random,105722172
random,105840520
random,106288262
random,105342518
random,105191708
random,105774720
random,105718452
random,105251576
random,103589564
random,104293798
random,106096220
random,106037760
random,104400568
random,105175424
random,109568192
random,104547184
random,105929890
random,106022414
random,105563254
random,104687184
random,105655574
random,105178820
random,105643424
random,106496678
random,104715114
random,105245110
random,106185256
random,105528552
random,103933688
random,105387832
random,104716362
random,105292830
random,105802978
random,105538178
random,106033514
random,104701368
random,106318922
random,104876484
random,106417420
random,104740552
random,105159102
random,104172974
random,105106104
random,105272562
random,104804468
random,104979674
random,105356302
random,104520790
random,104736698
random,104701918
random,105764438
random,105163786
random,105911242
random,105597910
random,104894088
random,104801016
random,105403248
random,106140624
random,106711732
random,106287612
random,107205004
random,104655948
random,105569732
random,105426596
random,105654512
random,105024618
random,106266886
random,105102414
random,105460702
random,105205744
random,104377006
random,106194800
random,106103824
random,103951458
random,105748010
random,105196750
random,105717754
random,104845186
random,105639730
random,106253884
random,105635232
random,105970120
random,106871540
random,106101768
random,105731000
random,104861826
random,110048792
random,106361384
random,105487560
random,105414060
random,104457884
random,104230308
random,102773210
random,104371314
random,105524540
random,108729144
random,105951426
random,105871880
random,106091328
random,105334376
random,104869836
random,105400118
random,107978490
random,106557220
random,105498848
random,104658638
random,104968680
random,106259528
random,104329122
random,103790002
random,104330356
random,107684312
random,105803960
random,105955732
random,104696266
random,105032876
random,105831878
random,106139676
random,104653496
random,104294834
random,103831898
random,106308164
random,105806102
random,105230184
random,106616876
random,105732866
random,105847886
random,105293694
random,105153706
random,107260734
random,104975704
random,103482632
random,103625500
random,104842750
random,102889314
random,103611194
random,105539806
random,105870352
random,106969614
random,105105776
random,103868934
random,103892888
random,103438156
random,106309932
random,106764002
random,104811604
random,104694544
random,105316034
random,103988520
random,104600146
random,109379234
random,104845698
random,106877750
random,105403916
random,107179862
random,104872194
random,104666718
random,107580094
random,104962838
random,104192390
random,105185796
random,105756628
random,105786604
random,104682418
random,105798380
random,103739680
random,104483064
random,104397994
random,104628734
random,105259082
random,109089972
random,104461942
random,104556690
random,103661422
random,103238848
random,108510446
random,106387390
random,106334526
random,104993264
random,107744846
random,105647046
random,106001388
random,104765768
random,105032288
random,104818478
random,105774252
random,105508872
random,107009546
random,105779774
random,104361160
random,105321886
random,103130782
random,105662062
random,105954364
random,105709472
random,105609042
random,105974188
random,104226246
random,104780568
random,106298140
random,105029812
random,105657186
random,105386262
random,105210470
random,106556218
random,106470388
random,105742956
random,104586988
random,106913752
random,105179244
random,106300112
random,106451300
random,104316164
random,105952296
random,104795888
random,105023524
random,102759996
random,104322788
random,105587700
random,106506212
random,105616070
random,105486392
random,107314328
random,105596976
random,104943614
random,106143770
random,103974570
random,105161908
random,107073132
random,106304580
random,105675000
random,105680924
random,105709898
random,103889180
random,108484632
random,107267304
random,104964052
random,104632602
random,106097138
random,106592384
random,106448112
random,108279964
random,106234458
random,104297854
random,106428358
random,105880928
random,106010390
random,105592686
random,106434666
random,104695652
random,104051790
random,105215596
random,104547872
random,104482758
random,104346016
random,104518050
random,104842596
random,105451748
random,105886078
random,104313252
random,105292682
random,104755306
random,106350198
random,104998952
random,105132562
random,105880694
random,105550102
random,105519960
random,105701102
random,106292292
random,108060958
random,106006186
random,108034490
random,107236326
random,107478596
random,106392646
random,106722188
random,106262826
random,107210070
random,106218578
random,106951684
random,108680662
random,105983498
random,106771664
random,106986306
random,107547212
random,109900432
random,106350904
random,106455514
random,108845082
random,107458396
random,108146562
random,106353668
random,106509434
random,106363612
random,107520796
random,107497556
random,108847494
random,105994364
random,107098294
random,108428992
random,107197200
random,108064576
random,107124044
random,106407106
random,107206712
random,109020792
random,107041080
random,108509018
random,107846160
random,110231436
random,106945492
random,106087562
random,106592748
random,105756772
random,105309652
random,106619816
random,106014158
random,108228318
random,107344824
random,106990800
random,106696156
random,105964926
random,106043678
random,104355494
random,105819566
random,107915982
random,107282446
random,106976662
random,107009064
random,107407252
random,106257340
random,105698804
random,104292552
random,107176756
random,105372304
random,104817496
random,108305292
random,107062290
random,107485476
random,107674974
random,107141170
random,110167950
random,108533208
random,107451618
random,108530242
random,107972522
random,107294514
random,107610570
random,107671306
random,107245410
random,107692096
random,107043744
random,108287860
random,108079036
random,107764036
random,107284016
random,110129246
random,105797460
random,105158606
random,107001046
random,107677628
random,107875474
random,109784156
random,107945500
random,107711798
random,107230364
random,107076720
random,107040024
random,109909396
random,107545402
random,107048896
random,107106412
random,107695576
random,107253734
random,107559376
random,108288450
random,108380010
random,107922988
random,107261578
random,108760564
random,108240176
random,108232094
random,108032012
random,109916216
random,108253740
random,110994088
random,107486872
random,108400198
random,108320258
random,107219672
random,108177800
random,108410172
random,107962868
random,107638280
random,109224102
random,109720142
random,107777840
random,107741436
random,107197642
random,111511314
random,107851568
random,107236094
random,109671068
random,108233672
random,110606388
random,108334112
random,107594422
random,110335542
random,108753016
random,106873932
random,107603616
random,107083472
random,110337434
random,108251828
random,106924954
random,106885944
random,107716630
random,108256508
random,107700042
random,107293406
random,108130908
random,106548406
random,109059488
random,107354610
random,108904154
random,108158510
random,108903328
random,105237614
random,106885974
random,106446074
random,106832480
random,106819024
random,106750104
random,106564116
random,109909650
random,106187990
random,105428150
random,106206486
random,106796848
random,106363290
random,105516254
random,106120884
random,108779458
random,106748862
random,107044166
random,106580804
random,105936878
random,106243260
random,106766862
random,106624188
random,104993580
random,108008990
random,106305324
random,106356678
random,108335382
random,103806192
random,104426792
random,104745032
random,106048482
random,109101728
random,106115576
random,105210800
random,105495686
random,105801366
random,106002488
random,106380772
random,106692412
random,106237866
random,106398304
random,106685980
random,105821116
random,107389598
random,106003240
random,105465176
random,105860576
random,106320764
random,106489868
random,104709232
random,107814942
random,106079870
random,105968412
random,104757046
random,105088412
random,105518106
random,105727176
random,104339138
random,105447708
random,104570846
random,105117110
random,106206880
random,105279320
random,106053976
random,107433922
random,104509954
random,106444198
random,103387468
random,105039568
random,106386004
random,105798228
random,108268364
random,104941428
random,105094054
random,105205448
random,106209156
random,105064596
random,108640030
random,106409422
random,105196732
random,105581178
random,104898688
random,106287246
random,105533786
random,105699936
random,106345048
random,105396392
random,104802842
random,107954678
random,104565946
random,104128116
random,106172864
random,104482168
random,105729854
random,106086528
random,105900634
random,106305264
random,107716304
random,104657834
random,105077672
random,106159622
random,105457346
random,106003264
random,106022084
random,105027642
random,106090442
random,106444284
random,103751054
random,105968018
random,106445964
random,105379714
random,106328264
random,104730760
random,105523562
random,106650066
random,105602432
random,107138738
random,105357822
random,106660434
random,106103218
random,105216740
random,106194912
random,105407032
random,105231242
random,105831082
random,106858518
random,105069462
random,105588396
random,104984948
random,106015382
random,106774658
random,104309100
random,105461376
random,106187418
random,107161132
random,105257288
random,106306602
random,105442870
random,104098144
random,105556120
random,105939858
random,106109242
random,106595936
random,106809124
random,105968178
random,106947124
random,107247776
random,106545314
random,104710634
random,109882494
random,105435070
random,104737448
random,104087662
random,105681068
random,106569782
random,106781148
random,104425652
random,102970912
random,104770262
random,104433146
random,103355188
random,103782826
random,103604098
random,108247556
random,105184768
random,106453956
random,104821904
random,104521036
random,104359390
random,102709816
random,106195058
random,105632438
random,105953566
random,107014460
random,106461368
random,106407176
random,105630306
random,104934270
random,105764568
random,109124628
random,106759254
random,106397518
random,106853532
random,105974634
random,105585242
random,107601824
random,106397844
random,106737120
random,105304674
random,106381712
random,106225260
random,105782832
random,106036766
random,106541146
random,106066440
random,106558264
random,107186812
random,109446826
random,106869062
random,106777430
random,107399524
random,107464902
random,106985972
random,108271554
random,106483188
random,107053790
random,106282512
random,106636318
random,106434248
random,107538268
random,111291618
random,106313148
random,107560666
random,106109130
random,105178210
random,105827096
random,108176572
random,106834342
random,106749218
random,105643000
random,105795910
random,106201884
random,106623102
random,106576810
random,106442078
random,106676876
random,106216300
random,106356254
random,107186584
random,106433272
random,107086356
random,106070514
random,106411130
random,107765686
random,106516706
random,106180434
random,106901772
random,107485926
random,106648634
random,106347984
random,106182424
random,109331852
random,106884580
random,106781016
random,106221604
random,106542758
random,108512242
random,106074760
random,105569490
random,106496846
random,106448600
random,105931184
random,105706760
random,106119314
random,106292464
random,105392542
random,106623698
random,106503446
random,105770298
random,106546690
random,106497228
random,106814630
random,111117072
random,109074514
random,105668194
random,106925120
random,106621262
random,106832872
random,105971548
random,106866962
random,109378130
random,107504700
random,106779494
random,106300972
random,105276172
random,106822848
random,106682176
random,106958314
random,106796044
random,106555078
random,107158446
random,106103202
random,106480024
random,106675880
random,106804818
random,107207512
random,107545498
random,105256842
random,107103550
random,106884110
random,106327638
random,106778904
random,109483824
random,107299134
random,106838898
random,107022270
random,106356426
random,106743808
random,108574952
random,106885440
random,105655160
random,106260078
random,105671530
random,106781232
random,108807846
random,106516442
random,106151746
random,106291184
random,106281058
random,106039032
random,107218402
random,108180294
random,104421392
random,104870692
random,106985146
random,105997414
random,105102472
random,105201566
random,107110408
random,102426624
random,102615806
random,104835942
random,108784414
random,103617250
random,104749410
random,105628104
random,104167156
random,105253854
random,104812860
random,106339294
random,105797110
random,105561104
random,106338552
random,107042062
random,105537692
random,105524494
random,106257780
random,105525578
random,106548488
random,106217984
random,105990080
random,109025612
random,106504122
random,105576430
random,108660138
random,106215780
random,105180720
random,105209882
random,106331210
random,105390404
random,104441454
random,104648328
random,106037178
random,104962584
random,107832246
random,104357782
random,102473102
random,103028704
random,107377050
random,104949598
random,103728716
random,105308476
random,105515286
random,105177128
random,104132930
random,106218404
random,105003490
random,104459760
random,105560696
random,104221166
random,107611276
random,105610732
random,106638246
random,104938912
random,104522862
random,106195316
random,108531676
random,103605524
random,105169346
random,106030994
random,105415966
random,106652432
random,105244592
random,104123644
random,103923092
random,104129802
random,104693196
random,104445758
random,104352002
random,105677480
random,106693168
random,107699566
random,104965110
random,103997924
random,104151826
random,105108082
random,106300686
random,105803172
random,107807904
random,106192790
random,104647712
random,103963188
random,106026770
random,102965564
random,105262468
random,106373730
random,106160046
random,106369726
random,105417270
random,105556814
random,105448768
random,107218258
random,106899014
random,105933596
random,106501174
random,106160926
random,107919306
random,106513240
random,106120872
random,106356756
random,106375278
random,106845620
random,106298084
random,106425564
random,106233328
random,106846548
random,106060346
random,105849574
random,106055278
random,106531264
random,106480548
random,105873238
random,106312862
random,106326166
random,106688996
random,105741630
random,108430370
random,106483988
random,106494458
random,106642326
random,108739122
random,106809202
random,106037460
random,106903034
random,106901120
random,106340926
random,106040882
random,106668334
random,105395078
random,105552434
random,105685254
random,105233468
random,105362234
random,106247128
random,104993156
random,105416302
random,106011172
random,105216186
random,110154838
random,106578574
random,106402112
random,105751058
random,106090094
random,105968172
random,108480046
random,106331264
random,106675882
random,106142334
random,104604826
random,107103458
random,105348188
random,104978526
random,106832498
random,105789728
random,105849370
random,107286536
random,106017206
random,107054634
random,106013488
random,107517112
random,105690324
random,106116678
random,109818344
random,106008742
random,105793778
random,105755350
random,105635970
random,104952302
random,108472812
random,105300096
random,106946674
random,105661220
random,104168970
random,103141212
random,108440680
random,104623210
random,104619760
random,106080294
random,105568030
random,104388668
random,104192396
random,104179910
random,106249002
random,106256642
random,105042180
random,104929080
random,108072866
random,105027166
random,103512800
random,104520250
random,104613730
random,106750418
random,106860504
random,105829760
random,106550668
random,105640808
random,105596058
random,105843868
random,105534508
random,106768812
random,107688594
random,105546660
random,105609188
random,104595726
random,105524238
random,106430142
random,105843192
random,105950150
random,106467562
random,105641496
random,106807012
random,105594096
random,105960726
random,106407710
random,108088782
random,108629188
random,108490516
random,105155432
random,107008558
random,106715288
random,104686212
random,109116460
random,104339714
random,107862146
random,108844936
random,108576012
random,110493976
random,109037848
random,111080460
random,106584400
random,105671708
random,107270112
random,106476696
random,104901016
random,105749540
random,106199386
random,108326696
random,105946198
random,106468998
random,106023618
random,108059544
random,108312696
random,108410420
random,107254880
random,108694568
random,111490342
random,106427052
random,106655854
random,105449382
random,107870220
random,105916516
random,108127686
random,106999522
random,107504420
random,106960926
random,105953954
random,108554470
random,107850706
random,108106350
random,107340452
random,108801516
random,108064130
random,108715680
random,108022590
random,107060146
random,107414612
random,106978218
random,107166654
random,107757754
random,109614110
random,107049592
random,108257874
random,107489030
random,107042484
random,105872186
random,105561246
random,106642714
random,106991136
random,106859604
random,107330390
random,107383790
random,107911368
random,107524134
random,107543884
random,107650746
random,107706024
random,106998546
random,106988490
random,107186108
random,106981720
random,107124436
random,107271216
random,107703716
random,107710196
random,109987086
random,109219602
random,107337120
random,108696858
random,107531980
random,109107912
random,106966386
random,106886684
random,107124166
random,107170448
random,107755130
random,107594460
random,106838774
random,107686302
random,106991192
random,107604430
random,106846538
random,107634454
random,107002242
random,109427146
random,108551884
random,106988054
random,109060058
random,108130604
random,108528196
random,108332286
random,107933766
random,107465136
random,109815828
random,106943882
random,111196290
random,107502436
random,109052022
random,104997962
random,106051810
random,110736726
random,107026484
random,107453864
random,107769142
random,106995886
random,108039106
random,109405418
random,108454028
random,110593190
random,106837816
random,105923978
random,105462610
random,106339776
random,121698012
random,118737626
random,107125534
random,104864128
random,104975030
random,107415666
random,104943028
random,104219796
random,105046580
random,106330684
random,105670974
random,108989982
random,105103272
random,106443922
random,103000200
random,100868588
random,103070634
random,109132360
random,102979282
random,106521264
random,106497946
random,104270442
random,107021466
random,105979862
random,104847806
random,102631188
random,103581200
random,102628076
random,107893770
random,104516836
random,104939122
random,106362374
random,104713338
random,104323968
random,104156262
random,101720992
random,105142494
random,104739918
random,105031896
random,107573736
random,104939946
random,105187340
random,105084140
random,104069714
random,104041054
random,104258864
random,108052604
random,103734324
random,104455244
random,104542428
random,104345044
random,103764312
random,104367702
random,102721314
random,104227462
random,107642544
random,101928102
random,103991204
random,103789982
random,105752338
random,104071882
random,105016940
random,109616814
random,105668580
random,105613272
random,103695046
random,103033150
random,106856886
random,101083008
random,102848510
random,104171254
random,102994624
random,102919236
random,103739742
random,102372126
random,104869878
random,105134534
random,104068500
random,105354768
random,103315828
random,102960292
random,102863946
random,103507154
random,102653622
random,103235556
random,104211626
random,103001336
random,102339858
random,103304700
random,103835702
random,102993966
random,105606286
random,101082818
random,103935140
random,107081108
random,103227076
random,104611740
random,104494608
random,106175394
random,105379486
random,104196538
random,103346242
random,102738474
random,102571282
random,103012520
random,104285166
random,105602114
random,106165382
random,105681232
random,102875814
random,105219304
random,104543030
random,104773422
random,104922036
random,104642634
random,103903568
random,104391964
random,103773250
random,103282412
random,102819170
random,101941076
random,104941050
random,104463032
random,104184408
random,103423246
random,105334392
random,104934488
random,104327226
random,104210262
random,104288872
random,104482230
random,103510036
random,103583744
random,104755990
random,103678632
random,104053730
random,102440032
random,105002038
random,104346178
random,104178166
random,103309700
random,104177322
random,104035906
random,103880722
random,103905010
random,104053842
random,104663050
random,105721230
random,106081842
random,106874082
random,106681400
random,103763968
random,103502692
random,103155496
random,105121690
random,103877512
random,105280850
random,103619266
random,103688906
random,103464924
random,105320792
random,104097300
random,105993788
random,104720712
random,104189862
random,103716274
random,102647092
random,103878110
random,105532734
random,101647066
random,104334364
random,104036928
random,103102946
random,101829238
random,102848654
random,106648522
random,105491426
random,104135560
random,105347606
random,104578938
random,104574288
random,104019000
random,102398610
random,104763528
random,106658556
random,105050328
random,102506750
random,103745752
random,104420796
random,104589344
random,104510784
random,104928812
random,104258238
random,103971806
random,102787796
random,103095696
random,103990916
random,105022112
random,104101198
random,106337762
random,105219664
random,103761140
random,108229394
random,105194904
random,103494300
random,104716742
random,104561232
random,104295100
random,103298590
random,103622996
random,107219442
random,104209176
random,104090026
random,103466942
random,103748860
random,100397510
random,104222452
random,103767278
random,107992952
random,105788678
random,103086658
random,104342588
random,101866320
random,102448746
random,104288560
random,108523956
random,106961158
random,105450972
random,104369590
random,103797152
random,104836186
random,107043734
random,107723692
random,104293852
random,103949158
random,102809882
random,104412784
random,103381976
random,102465428
random,103492970
random,104374012
random,102993950
random,103337412
random,105188442
random,104332916
random,104393816
random,104971972
random,104205020
random,103180138
random,105528596
random,105062846
random,104587608
random,104869838
random,105403860
random,104706982
random,105524728
random,103271776
random,104423974
random,103147940
random,104338690
random,105396014
random,103903262
random,104516078
random,106192150
random,105158318
random,106663896
random,108823028
random,105430114
random,104770852
random,108333004
random,103916614
random,105749596
random,103604002
random,104572876
random,105410498
random,106770094
random,104576068
random,105686688
random,104349744
random,104839662
random,105249664
random,105142964
random,106609024
random,107054954
random,106003830
random,105185272
random,106075808
random,104950810
random,105284732
random,103522764
random,105596234
random,107422834
random,105942604
random,105304222
random,105135316
random,103393826
random,105168730
random,106239372
random,105621442
random,103233908
random,104940516
random,106479122
random,105719166
random,104291202
random,103057376
random,105006330
random,104838708
random,103710382
random,108423654
random,103735072
random,104982602
random,103883094
random,104844518
random,102912318
random,101327510
random,104090296
random,105136220
random,104222816
random,106028666
random,107034018
random,106247484
random,106181890
random,109541094
random,107035060
random,106560502
random,103807948
random,102536408
random,104994238
random,105963848
random,105999042
random,105590876
random,105612714
random,105400268
random,104022840
random,104763468
random,105501770
random,104565404
random,105484288
random,104568160
random,104118536
random,106734216
random,105734546
random,105366550
random,103833188
random,105141080
random,105293260
random,105307898
random,105300108
random,106511264
random,107460922
random,105598852
random,108533648
random,106525930
random,105689010
random,105958024
random,106520198
random,106291706
random,109816426
random,106941624
random,106262084
random,106811302
random,106101146
random,105637828
random,105914852
random,105669376
random,105624478
random,105802514
random,107388118
random,106762770
random,106001796
random,105894404
random,106224930
random,106127252
random,107531420
random,106246366
random,106573084
random,105693440
random,105619332
random,105698418
random,106255494
random,106373932
random,106368994
random,105867482
random,106578018
random,105798066
random,104584434
random,106243638
random,105509216
random,105091170
random,105802940
random,106844750
random,106182450
random,107676262
random,105609496
random,106468232
random,105946362
random,105952770
random,110401488
random,104563936
random,105857292
random,109539966
random,104887268
random,105401124
random,104820508
random,105798248
random,104475974
random,106923878
random,104508004
random,102641996
random,105790056
random,104022878
random,104122562
random,103995136
random,104149890
random,108275936
random,104944594
random,105666486
random,104311256
random,105341846
random,104415402
random,104333080
random,103863224
random,105446930
random,108368986
random,105695822
random,104125806
random,106677266
random,106651532
random,106336466
random,105309792
random,102953404
random,103451652
random,104601374
random,104784700
random,104628336
random,106158640
random,104406692
random,106185538
random,105099750
random,103594214
random,105942896
random,106233874
random,104491492
random,105330418
random,105241766
random,104627444
random,105003030
random,104736078
random,105382478
random,106561960
random,104764384
random,102937168
random,108894844
random,104883732
random,104859556
random,104819930
random,104003798
random,107269374
random,105523044
random,105548874
random,105962468
random,104905596
random,103672332
random,104920524
random,104253786
random,106158744
random,106827144
random,106132664
random,105170686
random,108214340
random,106598796
random,104185440
random,104904974
random,103585342
random,104872348
random,104382532
random,104433684
random,105702220
random,104507594
random,105484456
random,105567586
random,106250440
random,106545158
random,104116558
random,106910954
random,103800292
random,104653902
random,104696722
random,107369222
random,104016338
random,105464480
random,106026136
random,104395022
random,108068976
random,103500080
random,105561676
random,106084494
random,107837944
random,118893446
random,115205922
random,114407190
random,110673384
random,115517742
random,118894198
random,115634138
random,104238132
random,108851774
random,103978638
random,103233930
random,104047378
random,109447458
random,104402988
random,104318900
random,103362968
random,102035674
random,102802874
random,105227956
random,106400032
random,104838696
random,106327360
random,103357040
random,102779904
random,105809360
random,105485076
random,103701470
random,102527852
random,102609682
random,103790932
random,103337462
random,104674774
random,102283278
random,106556582
random,107300114
random,108499294
random,106105390
random,108440194
random,107156336
random,107741242
random,110084364
random,110146446
random,107409642
random,106816956
random,106914762
random,105735744
random,106896608
random,103765866
random,104785560
random,105462464
random,105816994
random,107149618
random,107362010
random,105650924
random,104910558
random,107198902
random,107396532
random,106702946
random,104665898
random,104480454
random,103322222
random,104338334
random,105091140
random,105059294
random,104919784
random,105442798
random,107651272
random,105185516
random,105724130
random,107155908
random,106889250
random,106994186
random,106938094
random,110389986
random,105966902
random,105558164
random,106971018
random,106819250
random,105738932
random,104785814
random,106030484
random,107394226
random,107016902
random,107418694
random,107260420
random,107021654
random,109090172
random,108158430
random,107130838
random,107338392
random,110355912
random,108220040
random,108061816
random,109894978
random,108686616
random,108039948
random,107219904
random,110179692
random,108363166
random,108811884
random,108780362
random,107964494
random,106389208
random,107037942
random,108854528
random,107485508
random,108570228
random,108943364
random,111099174
random,110066848
random,107744154
random,107852732
random,108163166
random,109425778
random,107167746
random,107714302
random,106925752
random,107285932
random,107453330
random,108842648
random,107449518
random,107881836
random,108295438
random,107266480
random,108540088
random,107626922
random,110964888
random,107359426
random,107305238
random,107690632
random,106879742
random,107697332
random,111744500
random,107412922
random,107487598
random,107302502
random,108024616
random,107270496
random,107199266
random,107430324
random,107254986
random,107991802
random,107386332
random,109059856
random,108233494
random,107718754
random,107476006
random,108123450
random,107871312
random,107965784
random,107147228
random,107664156
random,107164370
random,107946144
random,107225964
random,107136942
random,107378578
random,107175044
random,107254098
random,103741600
random,103455980
random,107140814
random,105429102
random,104526156
random,103857958
random,107366884
random,108403458
random,107197082
random,106923452
random,107616252
random,107063866
random,107616856
random,108107308
random,106193774
random,105620762
random,105121736
random,103660384
random,104714308
random,106093712
random,104360248
random,108575800
random,105683684
random,104655476
random,104721834
random,106111648
random,101484880
random,102789816
random,103693984
random,103360920
random,102600404
random,103229724
random,104568512
random,102953570
random,103972174
random,104027734
random,102617864
random,103702768
random,102703970
random,102074362
random,105464084
random,104154070
random,102084464
random,103573618
random,103564630
random,103268706
random,105318514
random,105676986
random,103295634
random,106292440
random,102290398
random,102339320
random,103363216
random,104090400
random,102109502
random,101293776
random,103282042
random,105384914
random,106168836
random,104152130
random,104301068
random,105708274
random,104474648
random,104681142
random,105767844
random,106959308
random,105109958
random,105707998
random,104326576
random,104491094
random,105638916
random,103719538
random,104586834
random,103869372
random,105055826
random,107463072
random,105499970
random,104445798
random,106092398
random,106219094
random,105014910
random,105293184
random,104165672
random,105929930
random,105618560
random,104839112
random,106032372
random,105125670
random,104030652
random,106156708
random,105884258
random,106778660
random,105380722
random,105994454
random,105292646
random,105205922
random,106264392
random,106384706
random,106147014
random,105863116
random,106445050
random,105723088
random,106702332
random,106515474
random,106715896
random,106852020
random,106467064
random,106641852
random,106746022
random,106654118
random,105333626
random,106526634
random,107233986
random,106708802
random,105427200
random,105297490
random,105708832
random,105937426
random,106327016
random,106231018
random,105443574
random,104736286
random,105020478
random,107044334
random,105382302
random,106674798
random,106047428
random,106734548
random,106430742
random,106195336
random,106913490
random,106657864
random,106658806
random,109410738
random,105237292
random,105034990
random,106088848
random,106688278
random,107438054
random,106873436
random,106923652
random,106213074
random,106199992
random,106558118
random,105381536
random,105880278
random,106752390
random,106391738
random,106375408
random,105590362
random,105099106
random,106855086
random,103314754
random,123934684
random,116972000
random,117664426
random,135575392
random,104231996
random,104608086
random,105866936
random,105291976
random,107637294
random,106950386
random,106535402
random,104945094
random,104256050
random,106378132
random,105177448
random,105663834
random,106509816
random,107138168
random,105622682
random,106538332
random,105998930
random,105991306
random,106150454
random,105901120
random,105005718
random,105927626
random,106180636
random,105866524
random,106929392
random,106123194
random,106285732
random,104530056
random,105094436
random,105736262
random,107242174
random,106816368
random,106243402
random,106642638
random,105930264
random,106432044
random,106218276
random,106316268
random,106342692
random,106760084
random,106948218
random,106580640
random,106518882
random,106842636
random,106046548
random,105613582
random,106679438
random,106171450
random,105222074
random,105944676
random,105037298
random,105490924
random,106047728
random,104495526
random,104255494
random,105160728
random,106159226
random,105371312
random,104417574
random,104654690
random,106018326
random,104020006
random,103952452
random,105328452
random,104210134
random,105684172
random,103706146
random,103716990
random,106125886
random,104488738
random,106348178
random,105369410
random,105802124
random,104971766
random,105870616
random,105447376
random,106072768
random,105523710
random,105194750
random,105495888
random,106064616
random,105303488
random,105343952
random,104947206
random,104744808
random,105885782
random,105872436
random,105208928
random,105667074
random,106325460
random,105331138
random,106298550
random,105011260
random,104731054
random,104921388
random,105272122
random,106007880
random,105526746
random,105597066
random,106069550
random,107288316
random,104589588
random,105239220
random,105038526
random,105897084
random,106663324
random,107036154
random,104882710
random,105556832
random,105904186
random,105728332
random,106316554
random,106013868
random,106175420
random,105687718
random,105514470
random,107046184
random,106189270
random,106279900
random,106728790
random,106348492
random,106966210
random,106031112
random,105824292
random,105379918
random,106018844
random,104624266
random,105412278
random,106529398
random,106917630
random,107192520
random,107005920
random,106163634
random,107116704
random,104874502
random,106200286
random,105310246
random,104773074
random,105219768
random,106219552
random,106928732
random,106413994
random,105684206
random,106371974
random,106477836
random,106468220
random,105534592
random,105639724
random,106447006
random,106998022
random,105698716
random,106483504
random,104842606
random,106377450
random,106391568
random,106269644
random,106681164
random,106519840
random,107021140
random,105835250
random,106022926
random,106283130
random,105375954
random,105625198
random,106701734
random,105638038
random,104992280
random,106620254
random,106550082
random,107324444
random,107070002
random,105763652
random,105344110
random,105176500
random,106779118
random,107069294
random,106906004
random,106888680
random,106766020
random,107256562
random,105933830
random,106864702
random,106880038
random,105369430
random,106907086
random,107694224
random,105886330
random,106984914
random,106208614
random,106619396
random,106171224
random,105156668
random,107263102
random,105284980
random,106582910
random,105937728
random,108284306
random,106971610
random,106875734
random,106436952
random,105654472
random,105938484
random,106265480
random,105957642
random,105942768
random,108444716
random,106236330
random,105932112
random,106195892
random,105002448
random,105630082
random,107008070
random,106399286
random,105629456
random,104775788
random,105645604
random,105867046
random,105424954
random,105831730
random,106873392
random,105210956
random,104677698
random,106990036
random,106967728
random,106447892
random,107782034
random,106140910
random,103078716
random,104313952
random,105334962
random,106515750
random,105569946
random,109633734
random,106516598
random,106925588
random,105160428
random,106283052
random,106124104
random,106857632
random,109540840
random,105235588
random,105903394
random,106303076
random,105688734
random,105616556
random,105157128
random,105966748
random,105381000
random,107186732
random,106097656
random,105734842
random,105583028
random,106411270
random,109135692
random,106032658
random,106396152
random,106916550
random,107231612
random,107575082
random,106927934
random,107188178
random,106520200
random,106625048
random,106658258
random,106294950
random,106444184
random,108980680
random,106429310
random,106065062
random,107240996
random,107334848
random,107829454
random,106386026
random,107882960
random,105806566
random,105300876
random,104142362
random,107147566
random,105199754
random,105223152
random,104908122
random,104056014
random,105586522
random,106075534
random,106651806
random,106337596
random,108944802
random,106461664
random,105880822
random,106871596
random,107107538
random,106777294
random,107452136
random,107682410
random,107334688
random,106855260
random,106985530
random,107202310
random,109504100
random,106329154
random,107448428
random,106698022
random,107103576
random,107256362
random,107054376
random,106083916
random,106809046
random,106912808
random,106804916
random,105968342
random,106871634
random,111217950
random,106867710
random,105407724
random,106361530
random,105744600
random,108758728
random,106429904
random,106020968
random,106041502
random,107536800
random,107393292
random,106593976
random,110227346
random,105509902
random,105151136
random,106868444
random,106214394
random,105925512
random,106827226
random,107305688
random,105851426
random,110328788
random,105501378
random,106377184
random,105503768
random,106302312
random,105473368
random,105835620
random,106994496
random,107575556
random,106529428
random,109321762
random,106203524
random,106545928
random,105200648
random,105417606
random,106521032
random,106160568
random,106347860
random,107069340
random,105850866
random,105239298
random,106645302
random,106099650
random,107510716
random,105337252
random,105310032
random,108676652
random,105926830
random,109731448
random,105591786
random,106501362
random,108589430
random,107816132
random,106010468
random,107026560
random,107955274
random,110709358
random,108392200
random,110438778
random,106913926
random,106879088
random,107798416
random,112740882
random,116230134
random,105203332
random,106009856
random,106053176
random,106957494
random,107279346
random,108292784
random,107469432
random,106687616
random,106772752
random,107087094
random,108052660
random,107272902
random,106832252
random,106942738
random,107698764
random,107608786
random,107256938
random,106776930
random,110232668
random,108536974
random,107616446
random,108186836
random,106167444
random,105875448
random,105521858
random,108151088
random,105375760
random,107777666
random,107677176
random,106982560
random,110317670
random,105932746
random,107867552
random,107088500
random,110408288
random,106774500
random,106744884
random,108098884
random,106069230
random,108411238
random,107567718
random,107472744
random,107665900
random,107699406
random,107367124
random,107473770
random,110535374
random,106728914
random,107741996
random,106807456
random,107260490
random,107479422
random,109673658
random,106600344
random,106677002
random,107752876
random,107871296
random,108093660
random,107150806
random,107163110
random,112519170
random,107787856
random,107128060
random,107917492
random,108009908
random,107531658
random,108222334
random,107392046
random,107882722
random,107514572
random,107038062
random,107046962
random,110571006
random,108357552
random,108180800
random,107914524
random,106895244
random,107610176
random,108313894
random,106931886
random,107517010
random,107571386
random,108125886
random,107749608
random,106946564
random,108857190
random,107080772
random,107584170
random,107921012
random,109969216
random,109360690
random,107578880
random,107807770
random,108849912
random,110584020
random,107401828
random,106977818
random,108745430
random,123273528
random,122195770
random,123750998
random,122267952
random,108286102
random,106517002
random,106786038
random,107698572
random,108311850
random,106746690
random,109442406
random,108178212
random,107089502
random,106934342
random,107332020
random,107355500
random,107497736
random,106832164
random,110560522
random,107873820
random,107760048
random,108860968
random,108454746
random,108127866
random,107751838
random,107301384
random,108382434
random,103500152
random,106545370
random,105042260
random,105364280
random,108802374
random,108780900
random,104515994
random,106182730
random,105013116
random,111841400
random,109329914
random,107793618
random,105839554
random,107494064
random,104699466
random,103998152
random,104155952
random,104635752
random,103587582
random,102746506
random,104149552
random,106985652
random,104975508
random,104022682
random,103945592
random,103547898
random,105648998
random,103994408
random,103046116
random,103976484
random,104804644
random,104235470
random,105431210
random,102624618
random,102948972
random,105100010
random,106466216
random,106519848
random,105326756
random,105039152
random,104328634
random,104416732
random,105542784
random,105097298
random,104805434
random,106923894
random,106252306
random,104677740
random,103606350
random,104767392
random,103110476
random,105713538
random,103585796
random,104943284
random,104703400
random,103535116
random,105648840
random,105820150
random,105227306
random,105336992
random,102853696
random,103717090
random,104484226
random,105401280
random,102911022
random,106394116
random,104151188
random,105869706
random,105809820
random,105391424
random,104183220
random,104046990
random,105006416
random,102171062
random,104138774
random,102404736
random,104170622
random,103089344
random,104233254
random,109190986
random,103367494
random,104705058
random,101603062
random,103371164
random,102462188
random,109136132
random,104209780
random,103095400
random,103467756
random,103192886
random,106196078
random,105097960
random,104941888
random,103507460
random,105721222
random,104461164
random,104035510
random,104192782
random,103528828
random,104878082
random,104958236
random,104793972
random,103877910
random,104098334
random,103783958
random,103691514
random,101185710
random,102330544
random,102632460
random,103466608
random,104327808
random,102362730
random,109068180
random,107210634
random,105190350
random,102255428
random,102787362
random,104253218
random,103496734
random,105006650
random,103494040
random,102912554
random,104660660
random,105743510
random,101356588
random,100812244
random,101432182
random,103141794
random,104623586
random,102638288
random,105137230
random,101160026
random,101921754
random,102264092
random,100484946
random,103645840
random,103396784
random,101219144
random,102320980
random,102991520
random,105836386
random,100128676
random,104927322
random,104073650
random,101806062
random,104060122
random,104534476
random,105002204
random,103489378
random,102405176
random,101550166
random,102880784
random,103886100
random,101231246
random,102159490
random,103280458
random,102468858
random,104172242
random,103765292
random,104596786
random,103115798
random,102690704
random,102776462
random,103637352
random,104597544
random,102517886
random,103913458
random,105846694
random,103351958
random,104575630
random,101936128
random,104416134
random,102100110
random,101924886
random,103461448
random,103792268
random,102281654
random,101763200
random,104420566
random,101747354
random,102096172
random,102655144
random,103726572
random,104101116
random,103728738
random,102884138
random,105613644
random,103540310
random,104149068
random,102362158
random,101520776
random,103146828
random,105092308
random,105215802
random,105040520
random,101941434
random,102025090
random,104037524
random,103114568
random,102123700
random,104052828
random,102648128
random,103326158
random,102798606
random,102809502
random,105702144
random,104311906
random,104924410
random,105108712
random,104653636
random,106353376
random,102972918
random,104687996
random,104708722
random,105780658
random,106072844
random,103960900
random,104748458
random,104573234
random,103590886
random,105912088
random,102539200
random,102152078
random,103219210
random,101870036
