class,cycles
fixed,52774594
fixed,52886572
fixed,53248246
fixed,53206930
fixed,54087634
fixed,53684564
fixed,53478434
fixed,54853144
fixed,54085132
fixed,53596806
fixed,57661088
fixed,58066274
fixed,58431864
fixed,54244618
fixed,53796668
fixed,54693990
fixed,53106786
fixed,52780126
fixed,53083812
fixed,53081296
fixed,53286792
fixed,52745462
fixed,53867320
fixed,53494612
fixed,53772948
fixed,53585228
fixed,53601750
fixed,54321540
fixed,53685204
fixed,52839666
fixed,51488840
fixed,53048548
fixed,52807740
fixed,52546604
fixed,53434582
fixed,53206656
fixed,52721762
fixed,52977608
fixed,62411680
fixed,52865728
fixed,53181420
fixed,53861924
fixed,52746764
fixed,53018506
fixed,52716204
fixed,53303178
fixed,52108160
fixed,54440284
fixed,53976276
fixed,53251932
fixed,52292962
fixed,52006364
fixed,51933784
fixed,51887018
fixed,52172934
fixed,52097660
fixed,51770898
fixed,52026480
fixed,52446428
fixed,58505190
fixed,52496476
fixed,52809356
fixed,52300764
fixed,52746166
fixed,53007346
fixed,51871090
fixed,52668780
fixed,52121888
fixed,52901250
fixed,52582968
fixed,52589756
fixed,52789972
fixed,53464710
fixed,52665322
fixed,52518772
fixed,51834394
fixed,51906362
fixed,52185572
fixed,52069492
fixed,51411024
fixed,60725482
fixed,51599492
fixed,52813438
fixed,53088068
fixed,52185550
fixed,52085672
fixed,52638576
fixed,52682628
fixed,53046652
fixed,51425562
fixed,52186828
fixed,52781214
fixed,52395976
fixed,52654834
fixed,52498276
fixed,52082464
fixed,53874492
fixed,52840262
fixed,52486290
fixed,51605500
fixed,52553760
fixed,52607888
fixed,52788980
fixed,51629404
fixed,52835238
fixed,52461976
fixed,53485262
fixed,52952584
fixed,52525546
fixed,52900258
fixed,52815094
fixed,51189982
fixed,52225760
fixed,51255384
fixed,51162200
fixed,52880252
fixed,53275528
fixed,52423652
fixed,61201516
fixed,52687582
fixed,52276070
fixed,51845964
fixed,52215894
fixed,52967926
fixed,52591188
fixed,52529636
fixed,53209664
fixed,52904246
fixed,53167890
fixed,53513090
fixed,52749348
fixed,52662536
fixed,52257746
fixed,52516858
fixed,51157018
fixed,51460080
fixed,52981642
fixed,51740954
fixed,52430300
fixed,51730900
fixed,51792058
fixed,52079010
fixed,52460780
fixed,51738218
fixed,53137626
fixed,52379784
fixed,52666842
fixed,52524496
fixed,52737210
fixed,53131276
fixed,52672372
fixed,52259162
fixed,52033452
fixed,52101208
fixed,52038446
fixed,52323516
fixed,52112582
fixed,52538446
fixed,52327792
fixed,51775090
fixed,51103340
fixed,52008056
fixed,51320626
fixed,52608830
fixed,52203914
fixed,52542822
fixed,52691166
fixed,51846972
fixed,51539534
fixed,51076760
fixed,51444982
fixed,52811594
fixed,53128744
fixed,53247556
fixed,53693330
fixed,52638862
fixed,52820790
fixed,51807510
fixed,52931158
fixed,53455804
fixed,52717464
fixed,52511384
fixed,52942776
fixed,52639110
fixed,52642784
fixed,52772814
fixed,52777466
fixed,53141918
fixed,60676944
fixed,52758700
fixed,52836422
fixed,53739936
fixed,53026898
fixed,52915174
fixed,53159068
fixed,52982664
fixed,52924650
fixed,52565800
fixed,52713202
fixed,52295948
fixed,52745094
fixed,52692142
fixed,53060088
fixed,52643256
fixed,52838528
fixed,53017382
fixed,52774528
fixed,53277758
fixed,61573300
fixed,52575840
fixed,53156762
fixed,52816926
fixed,52834886
fixed,52428848
fixed,54438060
fixed,52836560
fixed,52635584
fixed,53233530
fixed,52469058
fixed,53096548
fixed,53035066
fixed,55743154
fixed,53459432
fixed,52704378
fixed,60246298
fixed,53559386
fixed,52504272
fixed,53347880
fixed,52884406
fixed,53076226
fixed,52224502
fixed,53167164
fixed,52878168
fixed,52840948
fixed,53155988
fixed,53303146
fixed,52805312
fixed,53777328
fixed,52797200
fixed,53053910
fixed,52708162
fixed,52916856
fixed,53573072
fixed,52864452
fixed,52878278
fixed,52815662
fixed,57942080
fixed,54526310
fixed,53119172
fixed,52975074
fixed,53139818
fixed,52770218
fixed,52709184
fixed,52473038
fixed,53080228
fixed,52983494
fixed,53079824
fixed,52854938
fixed,52460834
fixed,52988324
fixed,53495442
fixed,52385996
fixed,54799962
fixed,53601646
fixed,52764536
fixed,53890470
fixed,53227738
fixed,53644746
fixed,53157290
fixed,52846770
fixed,54006380
fixed,53240264
fixed,53597650
fixed,55997876
fixed,53469868
fixed,52826354
fixed,52312320
fixed,52442304
fixed,52922026
fixed,53315606
fixed,52601632
fixed,53178676
fixed,52817458
fixed,52809500
fixed,62873940
fixed,53056340
fixed,52840972
fixed,52471968
fixed,52602244
fixed,52213866
fixed,53014840
fixed,53131136
fixed,52630496
fixed,52323842
fixed,52733642
fixed,52480866
fixed,52359998
fixed,53119298
fixed,52844320
fixed,53520440
fixed,52781082
fixed,52704706
fixed,53149652
fixed,52766308
fixed,52728840
fixed,53190652
fixed,52373084
fixed,54123378
fixed,52952490
fixed,53043580
fixed,53104728
fixed,52411304
fixed,52612112
fixed,52761896
fixed,53276076
fixed,52576342
fixed,52468368
fixed,52830138
fixed,53102122
fixed,52957666
fixed,52984278
fixed,53595086
fixed,53029824
fixed,53385912
fixed,52614270
fixed,53152414
fixed,52818246
fixed,52521828
fixed,53187432
fixed,52789604
fixed,52998208
fixed,53270810
fixed,52626580
fixed,53498654
fixed,52344130
fixed,53323398
fixed,52767676
fixed,52539516
fixed,52483796
fixed,53451592
fixed,52120494
fixed,52243438
fixed,53411886
fixed,52757014
fixed,53129752
fixed,52884174
fixed,52791104
fixed,53240622
fixed,53217828
fixed,53181644
fixed,52775184
fixed,53485726
fixed,52766630
fixed,53176808
fixed,52262338
fixed,53354918
fixed,52280220
fixed,52409924
fixed,52720278
fixed,53332822
fixed,53361058
fixed,52727706
fixed,53243134
fixed,52805494
fixed,52870764
fixed,52471798
fixed,52529832
fixed,52986422
fixed,55273014
fixed,52937102
fixed,52589562
fixed,53422626
fixed,52902898
fixed,53090870
fixed,53295604
fixed,52887338
fixed,52925436
fixed,52873218
fixed,52343242
fixed,53165064
fixed,52746752
fixed,52984276
fixed,53296954
fixed,52662954
fixed,52688396
fixed,52565104
fixed,52374996
fixed,53116792
fixed,53030622
fixed,52593538
fixed,52541506
fixed,53545828
fixed,54019248
fixed,53019628
fixed,52859826
fixed,52858092
fixed,52895088
fixed,53090074
fixed,53029100
fixed,68905434
fixed,53595336
fixed,52831826
fixed,52898356
fixed,53249062
fixed,53731482
fixed,53531976
fixed,53729608
fixed,54225636
fixed,53235546
fixed,53154224
fixed,52955710
fixed,52793576
fixed,52152252
fixed,53707514
fixed,53324722
fixed,53265470
fixed,53518534
fixed,53501282
fixed,53255912
fixed,54065896
fixed,54988286
fixed,53515148
fixed,53223452
fixed,53194030
fixed,52674894
fixed,52665482
fixed,52822606
fixed,52604464
fixed,51951470
fixed,52651396
fixed,52460976
fixed,52786060
fixed,52299086
fixed,53078704
fixed,52303942
fixed,53047668
fixed,52841058
fixed,52530280
fixed,52036812
fixed,51598802
fixed,53365430
fixed,52356432
fixed,52074254
fixed,51985128
fixed,53306148
fixed,52564378
fixed,52631210
fixed,52480172
fixed,52524566
fixed,51923672
fixed,52750374
fixed,52743644
fixed,52489266
fixed,52246942
fixed,53156470
fixed,52841412
fixed,53437912
fixed,52985774
fixed,53220624
fixed,52839742
fixed,52770656
fixed,54279346
fixed,52960946
fixed,53152178
fixed,51793036
fixed,52721354
fixed,52779762
fixed,52853672
fixed,53036620
fixed,52973642
fixed,52753706
fixed,53227422
fixed,53073906
fixed,52843872
fixed,53285064
fixed,52596146
fixed,52767334
fixed,53331572
fixed,53137054
fixed,52736138
fixed,53066790
fixed,52756402
fixed,53234122
fixed,53072766
fixed,53243046
fixed,51481456
fixed,53547124
fixed,52277676
fixed,52214368
fixed,51256994
fixed,52288490
fixed,52735548
fixed,53000864
fixed,53046638
fixed,52876410
fixed,53303074
fixed,52551656
fixed,52475570
fixed,62434484
fixed,52707908
fixed,53448332
fixed,52415814
fixed,52871616
fixed,52761156
fixed,52684824
fixed,52719304
fixed,52980960
fixed,52839524
fixed,52482822
fixed,75199650
fixed,52929094
fixed,52370442
fixed,52971356
fixed,52934850
fixed,53054296
fixed,52924894
fixed,52960724
fixed,53034380
fixed,52226470
fixed,52992608
fixed,52917944
fixed,53026394
fixed,54113560
fixed,52819378
fixed,52112778
fixed,53121010
fixed,52207170
fixed,52885530
fixed,55375726
fixed,52716192
fixed,52934318
fixed,52370424
fixed,52475918
fixed,52571610
fixed,53583346
fixed,53484294
fixed,54433470
fixed,52733686
fixed,52516050
fixed,51309922
fixed,51717032
fixed,52214222
fixed,51816584
fixed,51492338
fixed,52008034
fixed,52506228
fixed,53002686
fixed,54781778
fixed,51875638
fixed,53020442
fixed,52201986
fixed,49601208
fixed,51118334
fixed,52605178
fixed,52605614
fixed,53615558
fixed,52460918
fixed,52908066
fixed,54268158
fixed,52612958
fixed,52550960
fixed,53108664
fixed,52797138
fixed,52541190
fixed,51901198
fixed,51860836
fixed,52494556
fixed,53064230
fixed,51992748
fixed,52995902
fixed,51718432
fixed,50705998
fixed,52271538
fixed,52570478
fixed,53334256
fixed,52403566
fixed,52902568
fixed,51653664
fixed,52273032
fixed,54464640
fixed,54105878
fixed,52805686
fixed,52521382
fixed,51937794
fixed,50262780
fixed,51310836
fixed,51831804
fixed,51379150
fixed,52025972
fixed,51691428
fixed,51521424
fixed,52106906
fixed,51295544
fixed,53012600
fixed,52172078
fixed,52377662
fixed,54491112
fixed,51416810
fixed,51907186
fixed,53197820
fixed,52050098
fixed,52943300
fixed,52442692
fixed,53498924
fixed,53126504
fixed,51328884
fixed,51947896
fixed,55166746
fixed,51897196
fixed,52389028
fixed,51828634
fixed,52760436
fixed,52551368
fixed,52104884
fixed,51520170
fixed,51111216
fixed,52231172
fixed,52652862
fixed,52190512
fixed,51368734
fixed,52559746
fixed,51136746
fixed,50933062
fixed,52852592
fixed,51993974
fixed,51654668
fixed,52748564
fixed,52722244
fixed,51880042
fixed,50971768
fixed,52663708
fixed,51751998
fixed,51304160
fixed,52340522
fixed,50831416
fixed,52370600
fixed,51580978
fixed,51616842
fixed,51742540
fixed,52363686
fixed,51504744
fixed,52122124
fixed,51132626
fixed,51749432
fixed,52418188
fixed,52158008
fixed,52764678
fixed,52291604
fixed,52353906
fixed,52919926
fixed,53665274
fixed,52269334
fixed,52320488
fixed,51734090
fixed,52277556
fixed,53046504
fixed,53117070
fixed,52955848
fixed,52058520
fixed,57164904
fixed,59550188
fixed,52033836
fixed,52880964
fixed,52352416
fixed,52754534
fixed,52611102
fixed,52800250
fixed,51923738
fixed,53037520
fixed,52531342
fixed,52363654
fixed,52493220
fixed,52969084
fixed,53013748
fixed,53177696
fixed,52901894
fixed,52769658
fixed,51908778
fixed,52237822
fixed,52687852
fixed,52618226
fixed,52656754
fixed,53182920
fixed,52361878
fixed,51905440
fixed,52090708
fixed,52855848
fixed,52217994
fixed,52032698
fixed,52702930
fixed,52701806
fixed,51931834
fixed,53087072
fixed,52047844
fixed,53273280
fixed,52628646
fixed,53053830
fixed,52631124
fixed,52727916
fixed,52354080
fixed,52788716
fixed,52397836
fixed,52545834
fixed,52081522
fixed,53237984
fixed,52677684
fixed,52121796
fixed,51790638
fixed,51880194
fixed,52187398
fixed,53155530
fixed,52885272
fixed,52615112
fixed,52739002
fixed,52714014
fixed,51909172
fixed,52632266
fixed,53196860
fixed,52979076
fixed,53167586
fixed,52806226
fixed,52934424
fixed,52603298
fixed,52978918
fixed,53028110
fixed,52894602
fixed,52996522
fixed,53090316
fixed,52985274
fixed,53014184
fixed,53048376
fixed,53120654
fixed,53208838
fixed,52782458
fixed,53205334
fixed,52876720
fixed,53116132
fixed,53084036
fixed,53269652
fixed,52986672
fixed,53078444
fixed,53137140
fixed,52982204
fixed,53219770
fixed,53093548
fixed,52598712
fixed,52844408
fixed,53173958
fixed,53129414
fixed,53589900
fixed,52973970
fixed,53135264
fixed,53181882
fixed,52973716
fixed,53030486
fixed,52971332
fixed,52932026
fixed,53002768
fixed,52705878
fixed,52848878
fixed,52940718
fixed,53080738
fixed,52986678
fixed,53188936
fixed,52944712
fixed,53237460
fixed,53308170
fixed,53380666
fixed,53188358
fixed,53404960
fixed,53441390
fixed,52944830
fixed,53109744
fixed,53120930
fixed,53219488
fixed,52678196
fixed,52914218
fixed,53300356
fixed,53402840
fixed,53199514
fixed,52865814
fixed,53134086
fixed,52928078
fixed,53032524
fixed,53040398
fixed,52744868
fixed,52629874
fixed,53226298
fixed,53499770
fixed,53216090
fixed,53092328
fixed,53022368
fixed,53455276
fixed,52952412
fixed,53243382
fixed,52969258
fixed,53132338
fixed,53211642
fixed,53217780
fixed,53138946
fixed,52959972
fixed,53094456
fixed,52755148
fixed,52668390
fixed,53022672
fixed,52988174
fixed,52749478
fixed,53140242
fixed,53215106
fixed,53134320
fixed,53028380
fixed,53311868
fixed,52952888
fixed,53404824
fixed,53105506
fixed,52964570
fixed,52730330
fixed,52774410
fixed,53119918
fixed,52608998
fixed,73070074
fixed,52699916
fixed,53067482
fixed,52969992
fixed,52961200
fixed,53016836
fixed,52981840
fixed,53153186
fixed,53078424
fixed,52919884
fixed,53099316
fixed,53020164
fixed,52687100
fixed,52772258
fixed,52738664
fixed,52972064
fixed,52600408
fixed,53131060
fixed,52981592
fixed,52951894
fixed,52870688
fixed,53008748
fixed,52828952
fixed,52821018
fixed,52863104
fixed,53146792
fixed,53183016
fixed,53248438
fixed,53141372
fixed,53008710
fixed,53057100
fixed,53264636
fixed,53355294
fixed,52812816
fixed,53298820
fixed,53276104
fixed,53449846
fixed,52896118
fixed,53374032
fixed,54710672
fixed,52999494
fixed,53034414
fixed,53251458
fixed,53380176
fixed,53151570
fixed,53991112
fixed,53088216
fixed,53638674
fixed,56816880
fixed,53297932
fixed,54844232
fixed,53255764
fixed,53782608
fixed,53738982
fixed,54558936
fixed,56430138
fixed,53494736
fixed,54079948
fixed,53076574
fixed,52862904
fixed,52522998
fixed,53091498
fixed,53253172
fixed,53581654
fixed,53901078
fixed,53056356
fixed,53350408
fixed,52898000
fixed,52948410
fixed,53217416
fixed,53018926
fixed,52953764
fixed,52979266
fixed,53063090
fixed,52809904
fixed,53242436
fixed,53085004
fixed,52994464
fixed,53634058
fixed,53613132
fixed,52502002
fixed,53586354
fixed,52907028
fixed,54447544
fixed,56250570
fixed,58082630
fixed,54002326
fixed,53098922
fixed,53259780
fixed,53010488
fixed,53195334
fixed,54055388
fixed,53145510
fixed,53374366
fixed,54178006
fixed,53320416
fixed,52995722
fixed,53962148
fixed,53152004
fixed,52939174
fixed,53613024
fixed,54131724
fixed,52923162
fixed,54196838
fixed,53008404
fixed,53282720
fixed,53112168
fixed,52346022
fixed,53579384
fixed,53227206
fixed,53466192
fixed,52252294
fixed,53203364
fixed,58088100
fixed,84618890
fixed,52145088
fixed,54204330
fixed,52538342
fixed,51544956
fixed,52224154
fixed,52542254
fixed,51782924
fixed,51428658
fixed,51174084
fixed,51913880
fixed,51326860
fixed,51429318
fixed,50899150
fixed,52526936
fixed,52804484
fixed,51096756
fixed,52844166
fixed,52302020
fixed,60438176
fixed,53554806
fixed,52301284
fixed,52375048
fixed,51590406
fixed,53101636
fixed,52507518
fixed,52830780
fixed,52272486
fixed,52454918
fixed,51497946
fixed,52303766
fixed,53258842
fixed,53265480
fixed,55487318
fixed,53218266
fixed,51903888
fixed,52006490
fixed,52567942
fixed,52500236
fixed,52695220
fixed,52835610
fixed,52803470
fixed,51362058
fixed,52595150
fixed,51767250
fixed,51994108
fixed,54288690
fixed,53158876
fixed,52647910
fixed,52768136
fixed,52659464
fixed,52649178
fixed,52630412
fixed,52169556
fixed,52724626
fixed,52689534
fixed,52484504
fixed,69105742
fixed,52937038
fixed,56882510
fixed,53000784
fixed,52998384
fixed,52741246
fixed,52948290
fixed,53035256
fixed,52603406
fixed,52926436
fixed,52871110
fixed,52475084
fixed,53155964
fixed,52872404
fixed,52977076
fixed,52691166
fixed,53351830
fixed,52749372
fixed,53026398
fixed,52868380
fixed,53012248
fixed,52991504
fixed,52795786
fixed,52989732
fixed,53020432
fixed,52729018
fixed,53017020
fixed,52904796
fixed,53119388
fixed,52995436
fixed,52991200
fixed,52866364
fixed,52987610
fixed,52955302
fixed,53047654
fixed,53086732
fixed,53137546
fixed,52996734
fixed,52857824
fixed,52965492
fixed,55727054
fixed,52971386
fixed,52955716
fixed,53100482
fixed,52918680
fixed,52903994
fixed,53051594
fixed,53179152
fixed,53018326
fixed,53237520
fixed,54668714
fixed,53778366
fixed,53265784
fixed,53003998
fixed,53042374
fixed,53444326
fixed,52863972
fixed,52869142
fixed,52970296
fixed,53155594
fixed,53861354
fixed,53811660
fixed,54327216
fixed,57238466
fixed,54286326
fixed,54728162
fixed,53034620
fixed,52840470
fixed,53058872
fixed,53069886
fixed,53351598
fixed,52968114
fixed,52953690
fixed,52596104
fixed,53050688
fixed,52966884
fixed,53223206
fixed,52842226
fixed,52988990
fixed,53131638
fixed,52958224
fixed,53153984
fixed,53213528
fixed,52920410
fixed,53150628
fixed,53194496
fixed,53075730
fixed,53113732
fixed,53053824
fixed,52969724
fixed,52828316
fixed,52998254
fixed,53105842
fixed,52945352
fixed,53499994
fixed,52921662
fixed,52961552
fixed,53167514
fixed,52779952
fixed,53049048
fixed,52914758
fixed,53079642
fixed,53114170
fixed,53047926
fixed,52785446
fixed,52306948
fixed,52487476
fixed,52781968
fixed,52852590
fixed,52386522
fixed,52965598
fixed,52994994
fixed,52975280
fixed,52782118
fixed,52978480
fixed,53090762
fixed,52874790
fixed,52809638
fixed,53362154
fixed,53156102
fixed,53003824
fixed,53197326
fixed,53117376
fixed,53216264
fixed,52996196
fixed,53118400
fixed,52818218
fixed,53094252
fixed,53064096
fixed,52965098
fixed,52967026
fixed,53092892
fixed,53311804
fixed,52963820
fixed,53190020
fixed,53025196
fixed,53077138
fixed,53131248
fixed,52909100
fixed,52911316
fixed,53117398
fixed,53211304
fixed,53102486
fixed,53068322
fixed,53056388
fixed,52965410
fixed,53168706
fixed,52926318
fixed,53194852
fixed,53113482
fixed,53366620
fixed,52925124
fixed,52910560
fixed,53209396
fixed,52976114
fixed,55117568
fixed,55006318
fixed,54257244
fixed,54676602
fixed,53912402
fixed,53754356
fixed,53662178
fixed,54498434
fixed,54321716
fixed,54031636
fixed,53789608
fixed,53961000
fixed,54478388
fixed,52999140
fixed,53095930
fixed,53436720
fixed,52861290
fixed,53013812
fixed,52911790
fixed,53960410
fixed,54017390
fixed,54786730
fixed,55411126
fixed,54271600
fixed,54041706
fixed,53349826
fixed,54424430
fixed,54492028
fixed,54398446
fixed,55204760
fixed,55080196
fixed,53989702
fixed,55035046
fixed,54328978
fixed,54571808
fixed,54516342
fixed,54195588
fixed,54509396
fixed,53905464
fixed,53064586
fixed,53100458
fixed,52903602
fixed,52991740
fixed,53027406
fixed,53449902
fixed,53282116
fixed,53108188
fixed,53073816
fixed,52945720
fixed,53329432
fixed,53202436
fixed,53132336
fixed,53237076
fixed,53056366
fixed,52907570
fixed,52931444
fixed,53184740
fixed,55105768
fixed,52774288
fixed,53173682
fixed,54180500
fixed,55395914
fixed,54240616
fixed,53474574
fixed,55397346
fixed,55509306
fixed,53038668
fixed,53028552
fixed,52894178
fixed,53204492
fixed,53337832
fixed,52960436
fixed,53117660
fixed,53033404
fixed,53190830
fixed,53003074
fixed,52976606
fixed,52978118
fixed,53111402
fixed,53526102
fixed,53050640
fixed,52979572
fixed,53003148
fixed,53408794
fixed,53183594
fixed,53026652
fixed,53138414
fixed,53353692
fixed,53280792
fixed,53148364
fixed,53179196
fixed,53174746
fixed,53189678
fixed,53567618
fixed,53249872
fixed,53223654
fixed,53095476
fixed,53040584
fixed,53197042
fixed,53101082
fixed,53083376
fixed,53083306
fixed,53280802
fixed,53277080
fixed,53080438
fixed,53224198
fixed,52849000
fixed,52929766
fixed,53052000
fixed,53123800
fixed,53190050
fixed,53101614
fixed,53102236
fixed,53094260
fixed,53109402
fixed,53150518
fixed,53205898
fixed,54008494
fixed,53299280
fixed,53982758
fixed,53192882
fixed,53338638
fixed,53456172
fixed,53211840
fixed,52474732
fixed,53012584
fixed,53320740
fixed,52158106
fixed,52882504
fixed,52910886
fixed,52932572
fixed,52974120
fixed,52944996
fixed,53061380
fixed,53619896
fixed,52917950
fixed,53036002
fixed,53330066
fixed,52705746
fixed,52843580
fixed,52924508
fixed,52274644
fixed,53092256
fixed,52956408
fixed,52818472
fixed,53137700
fixed,53052246
fixed,52378926
fixed,52515152
fixed,52953424
fixed,52941728
fixed,52931888
fixed,53117382
fixed,52848144
fixed,52764534
fixed,52904140
fixed,52970592
fixed,52947188
fixed,52998396
fixed,52651298
fixed,52954786
fixed,52701386
fixed,52391884
fixed,53094526
fixed,52966740
fixed,52592726
fixed,53112482
fixed,53011820
fixed,52944758
fixed,52938836
fixed,52889446
fixed,53138738
fixed,52913308
fixed,52756358
fixed,52645144
fixed,53529684
fixed,52984442
fixed,52867638
fixed,52734968
fixed,53034270
fixed,52713934
fixed,52941096
fixed,52970900
fixed,53274180
fixed,52836808
fixed,52953532
fixed,52453656
fixed,52062350
fixed,52819458
fixed,52950836
fixed,52971502
fixed,52824812
fixed,52543306
fixed,52981330
fixed,52837034
fixed,53080542
fixed,52807002
fixed,51632766
fixed,53045778
fixed,52962212
fixed,52897900
fixed,53261014
fixed,53068058
fixed,52668734
fixed,52908934
fixed,53021320
fixed,52957068
fixed,52983752
fixed,52714548
fixed,53127260
fixed,52736728
fixed,52981884
fixed,52474862
fixed,52760340
fixed,52978462
fixed,53036326
fixed,53004444
fixed,52993656
fixed,53209000
fixed,53017924
fixed,52618116
fixed,53316406
fixed,53080938
fixed,53112384
fixed,53112694
fixed,53275354
fixed,52289920
fixed,53012672
fixed,53026484
fixed,53181422
fixed,52442256
fixed,53153848
fixed,52662940
fixed,52113712
fixed,53620056
fixed,52841954
fixed,53085722
fixed,52919640
fixed,52957670
fixed,52811234
fixed,52597360
fixed,52517190
fixed,52418196
fixed,53177418
fixed,52911556
fixed,52841508
fixed,53170454
fixed,52278094
fixed,53081944
fixed,52916040
fixed,52969116
fixed,52578366
fixed,52944950
fixed,52918592
fixed,52699778
fixed,52669754
fixed,52305022
fixed,52486606
fixed,52849114
fixed,52606796
fixed,51992994
fixed,52982022
fixed,52934064
fixed,52934404
fixed,52538602
fixed,53043116
fixed,52446624
fixed,51958684
fixed,52699732
fixed,51583932
fixed,53024458
fixed,52065352
fixed,51883054
fixed,52924766
fixed,51795036
fixed,53029180
fixed,52956810
fixed,53016306
fixed,53078768
fixed,52890298
fixed,52859782
fixed,53017006
fixed,52861644
fixed,52530484
fixed,52659334
fixed,52222352
fixed,53160246
fixed,53013494
fixed,52989120
fixed,52507828
fixed,51944968
fixed,51761814
fixed,52491890
fixed,52191692
fixed,52930260
fixed,52887330
fixed,53155802
fixed,52624476
fixed,52160922
fixed,52459394
fixed,52561206
fixed,52103942
fixed,51904542
fixed,52379126
fixed,52736472
fixed,52026628
fixed,52951656
fixed,52857704
fixed,52103550
fixed,52937128
fixed,53004358
fixed,52964432
fixed,52988084
fixed,52626928
fixed,52170382
fixed,52671990
fixed,52868916
fixed,51524394
fixed,52642054
fixed,52057358
fixed,53043390
fixed,51640816
fixed,52648786
fixed,52472030
fixed,52666252
fixed,52405224
fixed,51729862
fixed,53014054
fixed,51377722
fixed,52268462
fixed,51326446
fixed,51742108
fixed,52715460
fixed,52308228
fixed,52181166
fixed,52608264
fixed,52452208
fixed,53052596
fixed,52900616
fixed,52898954
fixed,52569662
fixed,52537104
fixed,52717988
fixed,52889760
fixed,52313804
fixed,52279286
fixed,52931880
fixed,52478486
fixed,52946952
fixed,52557134
fixed,52746052
fixed,53082342
fixed,51922058
fixed,52998790
fixed,53059828
fixed,51837022
fixed,52753964
fixed,52624788
fixed,52903956
fixed,52476792
fixed,52821372
fixed,52716324
fixed,52766694
fixed,51359236
fixed,52125780
fixed,52157628
fixed,52142090
fixed,52131002
fixed,52880614
fixed,52396234
fixed,52012620
fixed,52377536
fixed,52964474
fixed,52423916
fixed,52142158
fixed,52935384
fixed,52830030
fixed,52978234
fixed,52909710
fixed,52884124
fixed,53003404
fixed,53077646
fixed,52976444
fixed,53198086
fixed,53076382
fixed,53031890
fixed,52703288
fixed,52879856
fixed,53085124
fixed,52972852
fixed,52898960
fixed,52951524
fixed,53111494
fixed,53210720
fixed,52946980
fixed,52983602
fixed,53054994
fixed,52963052
fixed,53152244
fixed,52951364
fixed,52912302
fixed,53011436
fixed,52697156
fixed,51594678
fixed,52924402
fixed,53011658
fixed,53075914
fixed,52320284
fixed,52699708
fixed,52464430
fixed,53084536
fixed,52491510
fixed,52629876
fixed,52553320
fixed,52624286
fixed,52944186
fixed,52871094
fixed,52914076
fixed,52256588
fixed,52049150
fixed,52997230
fixed,52843720
fixed,52926482
fixed,52474738
fixed,51970596
fixed,52114920
fixed,52680836
fixed,52962190
fixed,52277836
fixed,50967168
fixed,53098118
fixed,52065092
fixed,53022422
fixed,53006932
fixed,53033340
fixed,52836716
fixed,52927178
fixed,52897560
fixed,53116228
fixed,52902536
fixed,52609830
fixed,52190170
fixed,53166342
fixed,52809906
fixed,51167204
fixed,52279372
fixed,52687500
fixed,52690942
fixed,51216852
fixed,52752492
fixed,53048776
fixed,52500270
fixed,52929556
fixed,52241430
fixed,52196174
fixed,53028792
fixed,51836414
fixed,53056958
fixed,52764134
fixed,52154810
fixed,52449920
fixed,52911062
fixed,52963652
fixed,52947990
fixed,53096926
fixed,52822788
fixed,52943382
fixed,52614870
fixed,52877274
fixed,53031146
fixed,52939220
fixed,52670758
fixed,52643838
fixed,52901214
fixed,53692470
fixed,52029370
fixed,53303924
fixed,52941898
fixed,52497704
fixed,52956200
fixed,53019486
fixed,52939510
fixed,51609312
fixed,52971834
fixed,53157060
fixed,52987392
fixed,52907578
fixed,53210022
fixed,53209156
fixed,52939664
fixed,52937696
fixed,52998788
fixed,52980162
fixed,52974342
fixed,52934498
fixed,53277474
fixed,53040466
fixed,52743164
fixed,52550954
fixed,52825670
fixed,52188240
fixed,52052408
fixed,53256828
fixed,52419860
fixed,53102418
fixed,52682916
fixed,52844456
fixed,52993144
fixed,52738242
fixed,53020896
fixed,52681984
fixed,53050234
fixed,52956828
fixed,53076146
fixed,53124520
fixed,52896484
fixed,52692342
fixed,52848200
fixed,53638878
fixed,52552670
fixed,52642928
fixed,53190844
fixed,52955824
fixed,52973056
fixed,51946256
fixed,52948680
fixed,52940908
fixed,52646076
fixed,52175114
fixed,51990672
fixed,52796118
fixed,52351324
fixed,52148762
fixed,52246148
fixed,52455224
fixed,52433024
fixed,53109522
fixed,52382342
fixed,53033784
fixed,51915220
fixed,51151212
fixed,52632882
fixed,52935958
fixed,52789462
fixed,51181442
fixed,53253922
fixed,52831966
fixed,52758102
fixed,52602480
fixed,51467138
fixed,52932850
fixed,52991712
fixed,53003434
fixed,53057812
fixed,51828792
fixed,53660370
fixed,53143532
fixed,51589894
fixed,51487114
fixed,52624028
fixed,52850694
fixed,51918980
fixed,51533344
fixed,51768372
fixed,52989648
fixed,52929020
fixed,52452850
fixed,51617176
fixed,52856654
fixed,52509978
fixed,52319946
fixed,52314360
fixed,52289126
fixed,52629030
fixed,53074092
fixed,51834388
fixed,52997412
fixed,52976236
fixed,52298402
fixed,52999176
fixed,52403570
fixed,53091702
fixed,52975558
fixed,52475804
fixed,52758978
fixed,52438026
fixed,51875468
fixed,52237128
fixed,51826522
fixed,51794130
fixed,53068100
fixed,52552740
fixed,52704654
fixed,52917604
fixed,52355578
fixed,52654996
fixed,52569408
fixed,52872618
fixed,52822116
fixed,53133526
fixed,52425062
fixed,53393398
fixed,53042458
fixed,53046810
fixed,53203122
fixed,52931570
fixed,52850844
fixed,52695160
fixed,52971122
fixed,52981414
fixed,53109488
fixed,53013114
fixed,53017316
fixed,52867474
fixed,51358510
fixed,52179258
fixed,52355668
fixed,53090374
fixed,52857632
fixed,52878294
fixed,52864156
fixed,53041264
fixed,52981448
fixed,52633964
fixed,52638710
fixed,52928902
fixed,53002008
fixed,52679496
fixed,53147362
fixed,53186076
fixed,52660556
fixed,52836136
fixed,52559382
fixed,52066388
fixed,52428308
fixed,52762040
fixed,53017178
fixed,52879108
fixed,52995788
fixed,52783636
fixed,52853692
fixed,52752660
fixed,52841222
fixed,52984868
fixed,52578536
fixed,52985022
fixed,53401444
fixed,52823110
fixed,52800398
fixed,52909876
fixed,52968964
fixed,53224820
fixed,53067750
fixed,52986460
fixed,52895300
fixed,52963176
fixed,52379580
fixed,52672422
fixed,52610262
fixed,53044444
fixed,52281524
fixed,52969372
fixed,52788322
fixed,52668152
fixed,52374324
fixed,53178886
fixed,52420526
fixed,52268766
fixed,52877662
fixed,51843342
fixed,53015550
fixed,52957578
fixed,52960334
fixed,53065838
fixed,52727326
fixed,52440864
fixed,53209754
fixed,52359228
fixed,52848326
fixed,52680702
fixed,52318164
fixed,52525056
fixed,51935496
fixed,52360368
fixed,53280804
fixed,52657904
fixed,52581104
fixed,52955168
fixed,52857986
fixed,52428100
fixed,52691934
fixed,52897476
fixed,52587984
fixed,53120998
fixed,53028204
fixed,53143146
fixed,51830004
fixed,52612422
fixed,52941860
fixed,52940554
fixed,52617890
fixed,52729940
fixed,52912364
fixed,53068210
fixed,53278484
fixed,52633042
fixed,52998292
fixed,52904022
fixed,52943082
fixed,53043106
fixed,52792824
fixed,53070998
fixed,52901070
fixed,52908276
fixed,52880754
fixed,52811608
fixed,53101272
fixed,52002578
fixed,52795716
fixed,52113760
fixed,52229258
fixed,52732648
fixed,52836806
fixed,52543244
fixed,52439046
fixed,51881956
fixed,52716518
fixed,52282852
fixed,52215118
fixed,52926162
fixed,53755036
fixed,52071288
fixed,52637226
fixed,52742630
fixed,52020954
fixed,51414664
fixed,52945048
fixed,52967322
fixed,53097486
fixed,52949712
fixed,54477280
fixed,52918246
fixed,50652284
fixed,52150946
fixed,52597788
fixed,53044684
fixed,51006564
fixed,52325896
fixed,51765522
fixed,52458384
fixed,53016204
fixed,52561272
fixed,52433222
fixed,52595018
fixed,53168498
fixed,53247544
fixed,53011984
fixed,52840292
fixed,53196276
fixed,53033208
fixed,52046280
fixed,52881624
fixed,52525422
fixed,52852494
fixed,53083530
fixed,52667648
fixed,52885094
fixed,52302338
fixed,53161874
fixed,52739742
fixed,52097692
fixed,52858542
fixed,53125480
fixed,53175258
fixed,52859958
fixed,52497802
fixed,52966834
fixed,52960984
fixed,53181368
fixed,53010618
fixed,53306806
fixed,52891830
fixed,52765468
fixed,53065640
fixed,52978468
fixed,52965830
fixed,52739218
fixed,52093426
fixed,52356644
fixed,52885924
fixed,52925248
fixed,52398136
fixed,52685096
fixed,52187756
fixed,52992528
fixed,52306222
fixed,52283298
fixed,52558148
fixed,52695178
fixed,52992634
fixed,52820718
fixed,52795234
fixed,52855820
fixed,52847870
fixed,52527774
fixed,52487436
fixed,53079788
fixed,53092570
fixed,53238732
fixed,52852158
fixed,52387960
fixed,52722128
fixed,52390840
fixed,52886734
fixed,52934594
fixed,53108770
fixed,53209144
fixed,52033772
fixed,53108320
fixed,53080986
fixed,52485344
fixed,53012208
fixed,52247298
fixed,52890500
fixed,52944264
fixed,52987528
fixed,52367850
fixed,51797758
fixed,52877598
fixed,52012894
fixed,51936024
fixed,52885704
fixed,52278066
fixed,52807442
fixed,52643018
fixed,52461566
fixed,52643466
fixed,52480638
fixed,52691478
fixed,51727902
fixed,52072880
fixed,52534358
fixed,52554176
fixed,52967060
fixed,51820860
fixed,52845898
fixed,55748880
fixed,53265216
fixed,52925344
fixed,51802754
fixed,52848012
fixed,52425536
fixed,52808436
fixed,52991446
fixed,52638430
fixed,52938386
fixed,52205280
fixed,51669054
fixed,52092586
fixed,51882536
fixed,53365530
fixed,53343712
fixed,52662780
fixed,52395928
fixed,52767102
fixed,52760076
fixed,52942182
fixed,52048924
fixed,52334926
fixed,53212520
fixed,53148452
fixed,52294246
fixed,52002414
fixed,51402908
fixed,53130646
fixed,52039522
fixed,52312478
fixed,51423830
fixed,53023082
fixed,53594960
fixed,51220244
fixed,50847952
fixed,52157998
fixed,51759638
fixed,51392816
fixed,52751230
fixed,53019802
fixed,53188464
fixed,51829320
fixed,55217428
fixed,54524330
fixed,53136500
fixed,52468264
fixed,53633986
fixed,52718168
fixed,51632334
fixed,51830126
fixed,53069324
fixed,52634234
fixed,52778918
fixed,53332282
fixed,52468570
fixed,53163596
fixed,55383282
fixed,55159818
fixed,55587040
fixed,54488752
fixed,55080758
fixed,54159174
fixed,54780230
fixed,54869292
fixed,54528566
fixed,54218306
fixed,54697862
fixed,54933080
fixed,55175880
fixed,54803470
fixed,55037902
fixed,55178092
fixed,56888966
fixed,55349420
fixed,54259018
fixed,53755594
fixed,55549994
fixed,54365758
fixed,55809522
fixed,55133146
fixed,54870978
fixed,54121640
fixed,55185728
fixed,53508396
fixed,55621554
fixed,54971016
fixed,54947668
fixed,82292534
fixed,53017820
fixed,52658078
fixed,52946076
fixed,52940320
fixed,53020110
fixed,52555868
fixed,52975256
fixed,52975196
fixed,52956754
fixed,52761920
fixed,53109404
fixed,53037100
fixed,52189210
fixed,52841288
fixed,52634990
fixed,52542620
fixed,52854630
fixed,52806838
fixed,52842092
fixed,53015240
fixed,53175738
fixed,53292314
fixed,52935386
fixed,53081974
fixed,53033122
fixed,52908080
fixed,52837628
fixed,52729544
fixed,52738046
fixed,53114014
fixed,53302738
fixed,52782030
fixed,52782534
fixed,52828242
fixed,52799258
fixed,52291874
fixed,52556532
fixed,52991996
fixed,53022794
fixed,53007554
fixed,53039446
fixed,52763220
fixed,53050280
fixed,52875086
fixed,52787234
fixed,52962528
fixed,53020132
fixed,52667690
fixed,53017154
fixed,53118108
fixed,53384758
fixed,53008468
fixed,52634262
fixed,52759660
fixed,52801452
fixed,52953682
fixed,52556970
fixed,52822932
fixed,52928864
fixed,53000414
fixed,53031288
fixed,52737172
fixed,53024508
fixed,52912276
fixed,53087520
fixed,52812954
fixed,52969662
fixed,52988752
fixed,53089666
fixed,52867696
fixed,53113288
fixed,53101298
fixed,52946052
fixed,53034894
fixed,53080414
fixed,53284862
fixed,52318928
fixed,52741948
fixed,52830478
fixed,53093436
fixed,53080142
fixed,52572098
fixed,53143898
fixed,52925724
fixed,53185626
fixed,52896212
fixed,52646700
fixed,53189906
fixed,52991318
fixed,53081210
fixed,53099542
fixed,52988140
fixed,52574352
fixed,53358330
fixed,52739726
fixed,52644464
fixed,53354586
fixed,53058700
fixed,51895142
fixed,52883946
fixed,52804638
fixed,53017876
fixed,52225630
fixed,53150464
fixed,53065932
fixed,53009780
fixed,52497660
fixed,52752172
fixed,53090442
fixed,52914738
fixed,52871388
fixed,52369422
fixed,53187930
fixed,52939344
fixed,53058754
fixed,52997510
fixed,52943064
fixed,53083788
fixed,53069518
fixed,52993226
fixed,52955538
fixed,52495744
fixed,53078938
fixed,52757490
fixed,52268890
fixed,52810748
fixed,52781980
fixed,53157954
fixed,52944440
fixed,52906654
fixed,52835270
fixed,52621242
fixed,52619180
fixed,52721892
fixed,53036528
fixed,52301284
fixed,52698696
fixed,53120826
fixed,53037072
fixed,53062480
fixed,52797060
fixed,52755184
fixed,52762146
fixed,53115098
fixed,53132978
fixed,53043274
fixed,53188338
fixed,52898848
fixed,52814256
fixed,52915510
fixed,52757238
fixed,52624522
fixed,53201562
fixed,53142352
fixed,53065308
fixed,53165568
fixed,53041006
fixed,53059388
fixed,52228732
fixed,52895130
fixed,53038620
fixed,53323234
fixed,53102932
fixed,52489440
fixed,52697904
fixed,53233546
fixed,52907252
fixed,53054850
fixed,53021582
fixed,53162608
fixed,52268752
fixed,52997434
fixed,53368910
fixed,52816872
fixed,53158820
fixed,52967238
fixed,52872548
fixed,53065096
fixed,53043122
fixed,53305608
fixed,52966338
fixed,52943814
fixed,53187986
fixed,52923490
fixed,53201556
fixed,53144732
fixed,53151374
fixed,53187904
fixed,53422284
fixed,53180404
fixed,53265546
fixed,54718326
fixed,54866054
fixed,53978686
fixed,53501314
fixed,52901530
fixed,53068592
fixed,54587844
fixed,53321354
fixed,61715618
fixed,59225490
fixed,52821002
fixed,52556056
fixed,59364394
fixed,54064356
fixed,54828242
fixed,53382838
fixed,53364896
fixed,53463838
fixed,53573610
fixed,53182564
fixed,55420872
fixed,53302806
fixed,53235016
fixed,52628768
fixed,53718202
fixed,53646224
fixed,53465402
fixed,54977066
fixed,53346150
fixed,51911128
fixed,53515618
fixed,52759714
fixed,52802166
fixed,53211270
fixed,53056006
fixed,53135932
fixed,53314386
fixed,53733970
fixed,53689988
fixed,54695094
fixed,53085636
fixed,53201690
fixed,53329360
fixed,53361720
fixed,53229552
fixed,53186070
fixed,53612408
fixed,53307514
fixed,52987182
fixed,54111552
fixed,54045262
fixed,53963238
fixed,53490354
fixed,53048582
fixed,53081966
fixed,52780424
fixed,53204010
fixed,53363538
fixed,52926814
fixed,53912792
fixed,53574258
fixed,53148874
fixed,53063270
fixed,53315378
fixed,53299630
fixed,53270334
fixed,53201846
fixed,53645938
fixed,53410406
fixed,53175152
fixed,54797204
fixed,53637336
fixed,52746626
fixed,53959786
fixed,54087596
fixed,53082744
fixed,53043148
fixed,53038288
fixed,54694366
fixed,53883110
fixed,53151490
fixed,53353804
fixed,53580454
fixed,53682984
fixed,53003308
fixed,53091724
fixed,52896648
fixed,53022868
fixed,53088288
fixed,53019482
fixed,53264758
fixed,52988046
fixed,53056736
fixed,53090836
fixed,53092396
fixed,53060158
fixed,52965316
fixed,53047484
fixed,52973914
fixed,52921160
fixed,52842662
fixed,53101664
fixed,53003562
fixed,52995286
fixed,52709926
fixed,52991320
fixed,53068436
fixed,53179582
fixed,52635032
fixed,53053584
fixed,52970372
fixed,52722972
fixed,52900854
fixed,52970910
fixed,53032680
fixed,52774612
fixed,52941560
fixed,53224344
fixed,52436096
fixed,53160898
fixed,52747282
fixed,52690058
fixed,52789864
fixed,53017396
fixed,52883376
fixed,53206502
fixed,53082164
fixed,52982176
fixed,53119972
fixed,53470992
fixed,53150816
fixed,52837540
fixed,53011306
fixed,52723012
fixed,52928310
fixed,52976414
fixed,53180558
fixed,53408596
fixed,53014312
fixed,53334706
fixed,53202596
fixed,53052016
fixed,53098808
fixed,53090036
fixed,53159510
fixed,53058448
fixed,52566452
fixed,52672054
fixed,52978478
fixed,52953082
fixed,53051786
fixed,52551016
fixed,52892968
fixed,52722938
fixed,52952484
fixed,52902842
fixed,52992958
fixed,53027502
fixed,53033282
fixed,52922298
fixed,52748298
fixed,52782816
fixed,52842914
fixed,52734280
fixed,52950752
fixed,52924928
fixed,52944008
fixed,53096878
fixed,53176452
fixed,52855704
fixed,52954418
fixed,52763342
fixed,53093072
fixed,52989762
fixed,53146856
fixed,52237420
fixed,53007496
fixed,53093816
fixed,52912352
fixed,52873262
fixed,53095606
fixed,52742422
fixed,52159880
fixed,53079568
fixed,52916580
fixed,52823670
fixed,52999662
fixed,52973386
fixed,53154162
fixed,52886164
fixed,53164302
fixed,53025864
fixed,52266966
fixed,53035046
fixed,53290336
fixed,53169280
fixed,53003588
fixed,53098290
fixed,53025232
fixed,52970500
fixed,53021960
fixed,53049136
fixed,53232042
fixed,52976770
fixed,53189496
fixed,52959218
fixed,52966906
fixed,52791124
fixed,53090680
fixed,52994464
fixed,52959764
fixed,53012882
fixed,52898952
fixed,53002694
fixed,52937110
fixed,53745124
fixed,54207448
fixed,53030478
fixed,53129970
fixed,52889496
fixed,52978220
fixed,52990288
fixed,53003198
fixed,53136300
fixed,53006568
fixed,53010722
fixed,53113404
fixed,53005776
fixed,53369846
fixed,53105818
fixed,53078960
fixed,53282674
fixed,53285624
fixed,52717738
fixed,53072866
fixed,53355594
fixed,53307628
fixed,53119498
fixed,52958572
fixed,52975444
fixed,52974906
fixed,53007562
fixed,53277498
fixed,52910820
fixed,53262128
fixed,53178266
fixed,52654508
fixed,52934050
fixed,53074798
fixed,53125716
fixed,52790800
fixed,52672232
fixed,52969074
fixed,56873676
fixed,52720006
fixed,53049936
fixed,53125124
fixed,52953064
fixed,52903160
fixed,53033754
fixed,52953982
fixed,52910408
fixed,53285950
fixed,53053286
fixed,53470916
fixed,52800628
fixed,53107524
fixed,52862450
fixed,53068666
fixed,53038796
fixed,53149716
fixed,52955778
fixed,53008026
fixed,53341322
fixed,52905256
fixed,52967732
fixed,53066810
fixed,52937016
fixed,53143566
fixed,53158964
fixed,52582768
fixed,52844090
fixed,52974310
fixed,53310156
fixed,52822044
fixed,52999024
fixed,53045402
fixed,53249716
fixed,53175796
fixed,52990248
fixed,53005492
fixed,52853796
fixed,53076528
fixed,53129526
fixed,53033490
fixed,53132564
fixed,53028696
fixed,53131388
fixed,52803638
fixed,53089330
fixed,52996296
fixed,52996072
fixed,53277238
fixed,52614782
fixed,53272456
fixed,53072924
fixed,53279352
fixed,53242164
fixed,53383594
fixed,53022328
fixed,53025016
fixed,53105918
fixed,53000564
fixed,53204466
fixed,52930316
fixed,53154162
fixed,61428414
fixed,53109454
fixed,52964336
fixed,53064408
fixed,53128100
fixed,53005950
fixed,53116512
fixed,53156498
fixed,53072804
fixed,53062032
fixed,52994728
fixed,53065326
fixed,53046756
fixed,53214596
fixed,53127190
fixed,56236900
fixed,54981752
fixed,54561090
fixed,55072768
fixed,54916772
fixed,54799718
fixed,55197278
fixed,57352680
fixed,53715328
fixed,52808780
fixed,52901924
fixed,52804706
fixed,52537164
fixed,52708616
fixed,52951984
fixed,58132858
fixed,53255952
fixed,53201256
fixed,53229138
fixed,53288572
fixed,52999872
fixed,53119660
fixed,53280536
fixed,53127000
fixed,52989576
fixed,53016898
fixed,52766714
fixed,53064708
fixed,53155500
fixed,52932882
fixed,52751590
fixed,53061434
fixed,52867190
fixed,53151454
fixed,53030582
fixed,53060684
fixed,52905424
fixed,52721668
fixed,53137076
fixed,53073842
fixed,53167496
fixed,52933442
fixed,53013622
fixed,53358502
fixed,52974534
fixed,53161050
fixed,53081654
fixed,52888694
fixed,52898838
fixed,52728226
fixed,53014576
fixed,52775172
fixed,53483630
fixed,52727456
fixed,53104186
fixed,53264128
fixed,53224122
fixed,53091120
fixed,52994998
fixed,52890152
fixed,52919900
fixed,52902884
fixed,53235898
fixed,52942162
fixed,52875972
fixed,52895990
fixed,52918532
fixed,53017078
fixed,52876960
fixed,53018638
fixed,52710712
fixed,53113810
fixed,52962342
fixed,53144666
fixed,53282730
fixed,53041612
fixed,53306372
fixed,53039370
fixed,53157930
fixed,55045666
fixed,53047030
fixed,53135294
fixed,53006116
fixed,52787910
fixed,53129902
fixed,53236890
fixed,53680930
fixed,53464236
fixed,52731868
fixed,53079444
fixed,53290218
fixed,53152070
fixed,53018118
fixed,52675164
fixed,52979712
fixed,53071294
fixed,56141470
fixed,53124516
fixed,52651666
fixed,53135648
fixed,53056470
fixed,53043696
fixed,53111664
fixed,53229062
fixed,53042608
fixed,52764614
fixed,53003848
fixed,52960512
fixed,52957162
fixed,52993544
fixed,52992942
fixed,52814340
fixed,53140744
fixed,52837886
fixed,53037566
fixed,53120144
fixed,53208236
fixed,52342130
fixed,53360718
fixed,53127972
fixed,52926826
fixed,53016306
fixed,52805108
fixed,52618026
fixed,53129188
fixed,53111490
fixed,52719948
fixed,52836976
fixed,52940778
fixed,52866518
fixed,53085670
fixed,52899376
fixed,53300618
fixed,53050822
fixed,53043158
fixed,53210876
fixed,53073012
fixed,52991210
fixed,58773878
fixed,55342570
fixed,52859614
fixed,53080444
fixed,53088870
fixed,52933532
fixed,53073946
fixed,53078076
fixed,53066372
fixed,53043396
fixed,53256698
fixed,52962534
fixed,53093582
fixed,52815362
fixed,52922366
fixed,53148528
fixed,53172694
fixed,53102562
fixed,52783288
fixed,53345902
fixed,52941574
fixed,53002724
fixed,53155922
fixed,53097536
fixed,53059632
fixed,53338996
fixed,53196050
fixed,53199500
fixed,52990820
fixed,53186146
fixed,53073428
fixed,52872950
fixed,52549062
fixed,52973468
fixed,52846076
fixed,52876790
fixed,52816434
fixed,52872376
fixed,53085726
fixed,52998970
fixed,52952426
fixed,53148992
fixed,52928482
fixed,52795416
fixed,52554752
fixed,53565578
fixed,53069784
fixed,52856846
fixed,53015616
fixed,53020018
fixed,52804494
fixed,53119356
fixed,53163472
fixed,53167256
fixed,52732632
fixed,53048344
fixed,53108866
fixed,53276342
fixed,53045782
fixed,52458246
fixed,53182368
fixed,52970124
fixed,53123672
fixed,52864522
fixed,53047032
fixed,53146790
fixed,52880034
fixed,53140834
fixed,53027104
fixed,53456354
fixed,53195982
fixed,53161576
fixed,53052800
fixed,52603392
fixed,53019602
fixed,52888718
fixed,53209894
fixed,52338848
fixed,53432154
fixed,52696226
fixed,52694654
fixed,52864498
fixed,53119402
fixed,52954762
fixed,53038280
fixed,52736854
fixed,53086600
fixed,53088136
fixed,52820298
fixed,53014988
fixed,52815850
fixed,53090792
fixed,53082030
fixed,52803396
fixed,53035686
fixed,53170298
fixed,53013474
fixed,53005332
fixed,53014190
fixed,52961336
fixed,52835926
fixed,52468464
fixed,52626592
fixed,53142622
fixed,52716658
fixed,52985042
fixed,52628842
fixed,52993228
fixed,52940494
fixed,52976276
fixed,52819150
fixed,51948232
fixed,52720124
fixed,52793564
fixed,53353056
fixed,52762578
fixed,52974552
fixed,52413100
fixed,53187552
fixed,53148310
fixed,52839262
fixed,51942502
fixed,53290220
fixed,52981514
fixed,52891242
fixed,52901144
fixed,52769820
fixed,51880380
fixed,52828028
fixed,53061112
fixed,52451980
fixed,52405806
fixed,52888282
fixed,53186748
fixed,53131738
fixed,53469868
fixed,53532116
fixed,52641614
fixed,53011084
fixed,53009328
fixed,53021186
fixed,53133922
fixed,52531566
fixed,53124416
fixed,52283486
fixed,52849338
fixed,53252030
fixed,52774416
fixed,53006306
fixed,52749262
fixed,53025544
fixed,52726946
fixed,52805134
fixed,52959098
fixed,53188432
fixed,52740206
fixed,53057758
fixed,53168864
fixed,53059636
fixed,53057380
fixed,52976474
fixed,53085588
fixed,52822692
fixed,53079402
fixed,52829998
fixed,52946060
fixed,53129592
fixed,52982432
fixed,52796516
fixed,53074728
fixed,52907620
fixed,52951538
fixed,53109506
fixed,53097704
fixed,53004744
fixed,53166314
fixed,53059596
fixed,53100892
fixed,52837516
fixed,53037710
fixed,52914730
fixed,53195214
fixed,52793732
fixed,53101970
fixed,53029940
fixed,52841720
fixed,53053488
fixed,56182306
fixed,55927304
fixed,52882778
fixed,52870248
fixed,52925720
fixed,53978734
fixed,53038094
fixed,52592978
fixed,53284686
fixed,52974864
fixed,52795518
fixed,53177794
fixed,52992138
fixed,53064080
fixed,52500538
fixed,53120536
fixed,53027950
fixed,52994552
fixed,52997348
fixed,52628990
fixed,52962486
fixed,52961514
fixed,53014622
fixed,53084478
fixed,53361030
fixed,52914684
fixed,53138436
fixed,53255188
fixed,52962698
fixed,52984668
fixed,53010644
fixed,53114896
fixed,52988660
fixed,53047678
fixed,52967156
fixed,53005606
fixed,53098170
fixed,52633120
fixed,52730386
fixed,52877458
fixed,52958778
fixed,52962062
fixed,53198328
fixed,53137870
fixed,52838848
fixed,53220086
fixed,53213462
fixed,53274744
fixed,53002440
fixed,52736814
fixed,53318352
fixed,53250006
fixed,53272690
fixed,53029122
fixed,52737832
fixed,52907682
fixed,52851634
fixed,53124320
fixed,52707270
fixed,53220654
fixed,53235956
fixed,52494660
fixed,53118462
fixed,53156244
fixed,53019288
fixed,52893634
fixed,53228892
fixed,52950344
fixed,52963050
fixed,53185760
fixed,53318156
fixed,53090486
fixed,53033184
fixed,52999292
fixed,52861902
fixed,52770472
fixed,53325194
fixed,53090350
fixed,51963132
fixed,52952826
fixed,52597444
fixed,52516792
fixed,52821924
fixed,53057298
fixed,52813348
fixed,53032796
fixed,52904504
fixed,52779724
fixed,52814608
fixed,52617550
fixed,52377104
fixed,52879338
fixed,52808834
fixed,52970286
fixed,53101462
fixed,52999216
fixed,53229518
fixed,53039256
fixed,53067928
fixed,53184074
fixed,52988622
fixed,52728318
fixed,52868000
fixed,52294018
fixed,53039834
fixed,51574694
fixed,52985734
fixed,52228842
fixed,53026128
fixed,53066076
fixed,53007212
fixed,53267006
fixed,53056214
fixed,53075826
fixed,52876172
fixed,53069688
fixed,53395952
fixed,52924420
fixed,52667432
fixed,52945816
fixed,52728658
fixed,52810336
fixed,53245704
fixed,53247378
fixed,52456840
fixed,52513698
fixed,52948296
fixed,53068386
fixed,53066470
fixed,52824630
fixed,52493286
fixed,52878066
fixed,53157868
fixed,52707152
fixed,53243092
fixed,52963972
fixed,53089558
fixed,53089798
fixed,52820850
fixed,52593138
fixed,52423134
fixed,52884004
fixed,52419016
fixed,53051306
fixed,52723012
fixed,52859492
fixed,52971706
fixed,52787490
fixed,53004222
fixed,52592454
fixed,53129056
fixed,53152152
fixed,52807784
fixed,52878426
fixed,52884476
fixed,52682670
fixed,52772656
fixed,53296380
fixed,53186062
fixed,52654874
fixed,53158782
fixed,53130638
fixed,53051240
fixed,52669602
fixed,53099440
fixed,53106850
fixed,52794838
fixed,52805560
fixed,52765302
fixed,52880734
fixed,52687860
fixed,52972648
fixed,52812088
fixed,52798352
fixed,52928088
fixed,53115978
fixed,52820848
fixed,52843734
fixed,52741776
fixed,52975664
fixed,52365548
fixed,52974074
fixed,52816570
fixed,52707294
fixed,52093720
fixed,52125102
fixed,52630126
fixed,52960468
fixed,52998646
fixed,52960896
fixed,52858996
fixed,52999944
fixed,52405116
fixed,52383480
fixed,53057526
fixed,52497838
fixed,52898698
fixed,52834588
fixed,52069892
fixed,52614624
fixed,52844410
fixed,51792354
fixed,52489612
fixed,52343020
fixed,52571474
fixed,52321598
fixed,52811526
fixed,52720158
fixed,52902694
fixed,52901620
fixed,52933184
fixed,53019266
fixed,51891510
fixed,52193684
fixed,52968658
fixed,52916746
fixed,51688068
fixed,52654780
fixed,52942398
fixed,52668028
fixed,52732068
fixed,53138452
fixed,52878736
fixed,52295292
fixed,52139356
fixed,51564872
fixed,52955344
fixed,52253728
fixed,52629748
fixed,52376892
fixed,52689358
fixed,52465788
fixed,52744216
fixed,53283230
fixed,53075904
fixed,52633516
fixed,51988938
fixed,52819642
fixed,52702014
fixed,52343390
fixed,52515950
fixed,52844882
fixed,52016480
fixed,51878440
fixed,52975596
fixed,52526702
fixed,52818060
fixed,52614864
fixed,53304884
fixed,51941830
fixed,52605850
fixed,53033344
fixed,52796224
fixed,52773492
fixed,53093886
fixed,52132778
fixed,52276606
fixed,53026928
fixed,52851564
fixed,53011276
fixed,52984022
fixed,52445330
fixed,52453160
fixed,52210868
fixed,53207516
fixed,52763550
fixed,51969794
fixed,51309532
fixed,51916022
fixed,53119556
fixed,53171462
fixed,52576814
fixed,52390840
fixed,52773270
fixed,52625990
fixed,52120694
fixed,52426142
fixed,52783520
fixed,51893626
fixed,52730456
fixed,53073852
fixed,52823704
fixed,52054040
fixed,52689928
fixed,52784998
fixed,52588484
fixed,52405520
fixed,52233702
fixed,52761918
fixed,52752290
fixed,52302638
fixed,52910012
fixed,52418476
fixed,53312034
fixed,53047992
fixed,52727662
fixed,52511016
fixed,53130490
fixed,53008520
fixed,52963802
fixed,53005762
fixed,53022936
fixed,52023122
fixed,53280924
fixed,52724246
fixed,52820822
fixed,52424246
fixed,52587080
fixed,52840610
fixed,51618530
fixed,52850688
fixed,52383720
fixed,52119268
fixed,53145066
fixed,53012638
fixed,52478792
fixed,53425012
fixed,52656040
fixed,53153264
fixed,52727780
fixed,52546998
fixed,53023210
fixed,52930896
fixed,52912566
fixed,52894424
fixed,52569606
fixed,52587652
fixed,53020778
fixed,52966978
fixed,53090988
fixed,53096782
fixed,52971134
fixed,52914922
fixed,53433760
fixed,52786616
fixed,53257216
fixed,52569734
fixed,52812510
fixed,53152876
fixed,53038758
fixed,53000838
fixed,52829868
fixed,53000534
fixed,53002590
fixed,52967938
fixed,52923786
fixed,52611320
fixed,52748778
fixed,53016808
fixed,52975936
fixed,53082710
fixed,52437546
fixed,53031340
fixed,53060516
fixed,53044602
fixed,52181256
fixed,52446194
fixed,52940616
fixed,52728886
fixed,52821896
fixed,52616196
fixed,52592064
fixed,51924350
fixed,52043248
fixed,53006642
fixed,52710580
fixed,53180318
fixed,51634696
fixed,52017900
fixed,52627284
fixed,51596428
fixed,51248636
fixed,51668418
fixed,52737820
fixed,51908502
fixed,52299116
fixed,51591638
fixed,51625060
fixed,51937206
fixed,52308840
fixed,52461010
fixed,51877052
fixed,51372260
fixed,52606474
fixed,52146286
fixed,52928674
fixed,51973404
fixed,52224738
fixed,52976304
fixed,52938660
fixed,53065388
fixed,53049032
fixed,52596218
fixed,52876468
fixed,52989384
fixed,52563176
fixed,52489792
fixed,52780238
fixed,52675472
fixed,52554968
fixed,52963456
fixed,53147680
fixed,52259860
fixed,51685910
fixed,53021936
fixed,52985732
fixed,52932332
fixed,53196222
fixed,53550904
fixed,52536958
fixed,52613828
fixed,52559640
fixed,52927258
fixed,52883480
fixed,53124918
fixed,52905806
fixed,52581394
fixed,53015280
fixed,52834444
fixed,52538172
fixed,52564620
fixed,52931302
fixed,52992454
fixed,53066730
fixed,53149656
fixed,52568634
fixed,52700710
fixed,52446668
fixed,53197490
fixed,53090182
fixed,52736490
fixed,52688444
fixed,53086460
fixed,53096338
fixed,53180842
fixed,52987236
fixed,52539952
fixed,52897836
fixed,52720524
fixed,52851884
fixed,52786432
fixed,52903782
fixed,52501074
fixed,52963178
fixed,53047662
fixed,52859522
fixed,53154310
fixed,53014024
fixed,52987114
fixed,53030644
fixed,52997630
fixed,52268164
fixed,53024144
fixed,53554526
fixed,53020990
fixed,52489806
fixed,52862834
fixed,52471250
fixed,52915224
fixed,52296796
fixed,52615788
fixed,52264812
fixed,53026510
fixed,53051518
fixed,52352444
fixed,52884938
fixed,52997408
fixed,52618054
fixed,52946616
fixed,53105208
fixed,53654188
fixed,52574162
fixed,52382542
fixed,52891530
fixed,53020934
fixed,52645316
fixed,52380846
fixed,53073604
fixed,52955942
fixed,52688192
fixed,52340688
fixed,52961440
fixed,53226992
fixed,52678616
fixed,53029302
fixed,52529184
fixed,52720780
fixed,53015044
fixed,52630086
fixed,52155764
fixed,52821744
fixed,52340034
fixed,52904110
fixed,52782996
fixed,52317012
fixed,52968370
fixed,52587254
fixed,51919956
fixed,51957896
fixed,52638366
fixed,52781468
fixed,52985338
fixed,52579662
fixed,52736414
fixed,52564522
fixed,52849036
fixed,52803480
fixed,52866804
fixed,52455320
fixed,52772884
fixed,53128562
fixed,53052060
fixed,52965974
fixed,52842734
fixed,51853022
fixed,52805890
fixed,52724630
fixed,52481958
fixed,52740996
fixed,52599220
fixed,52629670
fixed,53241248
fixed,52320888
fixed,52993716
fixed,53296858
fixed,52295096
fixed,53131428
fixed,53154810
fixed,53016698
fixed,52826288
fixed,52704574
fixed,53067966
fixed,53194330
fixed,52622684
fixed,53290814
fixed,52738798
fixed,52350346
fixed,52959280
fixed,52830954
fixed,52418974
fixed,52731164
fixed,53047558
fixed,52317260
fixed,52838764
fixed,53008150
fixed,52840296
fixed,53035538
fixed,52905808
fixed,53139702
fixed,52555864
fixed,53091772
fixed,52881904
fixed,53080004
fixed,52094286
fixed,52225682
fixed,52685472
fixed,52457474
fixed,53002304
fixed,53105580
fixed,52815792
fixed,52471564
fixed,52890584
fixed,53460544
fixed,52163554
fixed,53140784
fixed,51737344
fixed,53075070
fixed,52726390
fixed,52181434
fixed,52954326
fixed,52932442
fixed,53077530
fixed,53089872
fixed,52984568
fixed,52930374
fixed,52461070
fixed,52561812
fixed,52963108
fixed,52804772
fixed,52989456
fixed,51555214
fixed,52902592
fixed,52278590
fixed,53110472
fixed,52984184
fixed,52678018
fixed,53037634
fixed,52828486
fixed,52558906
fixed,53037158
fixed,52806398
fixed,52417496
fixed,52012690
fixed,52450910
fixed,52423728
fixed,53235050
fixed,52949964
fixed,52682042
fixed,52721830
fixed,52674088
fixed,52215486
fixed,53076984
fixed,52565314
fixed,52656546
fixed,53326262
fixed,52992892
fixed,52749124
fixed,52497480
fixed,53154248
fixed,52607394
fixed,52811166
fixed,52362774
fixed,52126212
fixed,51746114
fixed,51524308
fixed,52945270
fixed,53046892
fixed,52948420
fixed,52496886
fixed,52836936
fixed,53082804
fixed,52502710
fixed,52982592
fixed,52726842
fixed,52968712
fixed,53054576
fixed,52944538
fixed,53079228
fixed,53056122
fixed,53165714
fixed,52546640
fixed,51804856
fixed,52107024
fixed,52119818
fixed,53124154
fixed,52702176
fixed,52491712
fixed,52486474
fixed,52190276
fixed,52948346
fixed,52954492
fixed,52256268
fixed,53165434
fixed,52934842
fixed,52839770
fixed,52993992
fixed,53036512
fixed,51993892
fixed,52906296
fixed,51982076
fixed,52486124
fixed,52893248
fixed,52708648
fixed,52230394
fixed,52742866
fixed,52752444
fixed,52379158
fixed,52823456
fixed,52179836
fixed,52431280
fixed,52932958
fixed,53100954
fixed,52917250
fixed,52920932
fixed,52710710
fixed,52651304
fixed,52841694
fixed,52985142
fixed,52659738
fixed,52995090
fixed,52170882
fixed,52779032
fixed,53075382
fixed,52941596
fixed,53037792
fixed,52957532
fixed,52285910
fixed,52304406
fixed,52116614
fixed,51907420
fixed,52578206
fixed,52944800
fixed,52721590
fixed,52584240
fixed,52875220
fixed,53006636
fixed,52811092
fixed,52753404
fixed,52951668
fixed,52762154
fixed,52707312
fixed,52634344
fixed,52937848
fixed,52712158
fixed,52055002
fixed,53123030
fixed,51530170
fixed,53052292
fixed,52597658
fixed,52865178
fixed,53056452
fixed,53114576
fixed,53201204
fixed,52972772
fixed,52758584
fixed,53075884
fixed,52835742
fixed,52824582
fixed,52173108
fixed,53034270
fixed,52932396
fixed,52487818
fixed,52764172
fixed,52806380
fixed,52339722
fixed,53184704
fixed,53084594
fixed,52865756
fixed,52775916
fixed,52275566
fixed,53103090
fixed,52992814
fixed,51635036
fixed,51996312
fixed,53076716
fixed,52051942
fixed,53152102
fixed,52353732
fixed,52903170
fixed,53037148
fixed,53015556
fixed,52494060
fixed,52348880
fixed,52297072
fixed,52581678
fixed,52303484
fixed,52976104
fixed,52423464
fixed,52588932
fixed,53108546
fixed,52238236
fixed,52695080
fixed,53293038
fixed,53769318
fixed,52797804
fixed,52614218
fixed,53055078
fixed,52897496
fixed,52848558
fixed,52629078
fixed,53053926
fixed,52750728
fixed,53069148
fixed,53040368
fixed,52273168
fixed,52482030
fixed,52928470
fixed,52418124
fixed,52158018
fixed,53173080
fixed,52981030
fixed,52577690
fixed,52743034
fixed,53002818
fixed,53087412
fixed,53031014
fixed,52951218
fixed,52770510
fixed,53075452
fixed,52754984
fixed,52638746
fixed,52815066
fixed,53052810
fixed,53017230
fixed,52594758
fixed,53046410
fixed,52921794
fixed,52798346
fixed,53140546
fixed,51840346
fixed,52210260
fixed,52996818
fixed,52236570
fixed,53103042
fixed,52419866
fixed,53177148
fixed,53120404
fixed,53558248
fixed,53055898
fixed,52160906
fixed,52968408
fixed,52974188
fixed,52971376
fixed,53137682
fixed,52869250
fixed,53087396
fixed,53014476
fixed,53145692
fixed,52156630
fixed,52924256
fixed,52821472
fixed,53008288
fixed,52878364
fixed,52782712
fixed,52981516
fixed,52852494
fixed,53299140
fixed,52976162
fixed,52880522
fixed,53229364
fixed,51866656
fixed,51659266
fixed,53017788
fixed,52869996
fixed,52112012
fixed,52984644
fixed,52969748
fixed,52634268
fixed,52957564
fixed,52367796
fixed,53117888
fixed,52597440
fixed,53029038
fixed,52399658
fixed,53078562
fixed,52586262
fixed,53129938
fixed,52817884
fixed,53068408
fixed,52805614
fixed,52831390
fixed,52451950
fixed,52829784
fixed,53037898
fixed,52934070
fixed,52640700
fixed,53363302
fixed,53023884
fixed,52894276
fixed,52710374
fixed,52690250
fixed,52815050
fixed,52821856
fixed,53238224
fixed,52822196
fixed,52860064
fixed,53018998
fixed,53091974
fixed,52495598
fixed,53008110
fixed,52620494
fixed,52277866
fixed,53064526
fixed,52946228
fixed,52572850
fixed,52483758
fixed,52383554
fixed,52291924
fixed,53273806
fixed,52778994
fixed,52914998
fixed,52906730
fixed,52816432
fixed,52706466
fixed,53088152
fixed,52571016
fixed,53136598
fixed,53133758
fixed,52828534
fixed,52815658
fixed,53033978
fixed,53010214
fixed,52448562
fixed,52050392
fixed,52500050
fixed,52922356
fixed,52929106
fixed,52845104
fixed,52792958
fixed,52269392
fixed,52654998
fixed,51594386
fixed,52552142
fixed,52997050
fixed,53144972
fixed,52526060
fixed,52187874
fixed,52437636
fixed,52657418
fixed,53021274
fixed,52329910
fixed,53045286
fixed,52247470
fixed,52946002
fixed,52617424
fixed,52958368
fixed,51916414
fixed,53009224
fixed,52001972
fixed,52737046
fixed,53167784
fixed,52983416
fixed,53040130
fixed,52683938
fixed,52796020
fixed,52965634
fixed,52208328
fixed,52492060
fixed,52339684
fixed,52225464
fixed,52416136
fixed,52626444
fixed,52643526
fixed,53000052
fixed,53045992
fixed,52983662
fixed,52290054
fixed,53215426
fixed,52796504
fixed,52865166
fixed,52320950
fixed,53144018
fixed,52535764
fixed,52866444
fixed,53049198
fixed,52632234
fixed,52953926
fixed,53009182
fixed,53032240
fixed,53043538
fixed,52966366
fixed,52895836
fixed,53061480
fixed,53099298
fixed,53074450
fixed,52987532
fixed,52935484
fixed,52224902
fixed,52804910
fixed,52720664
fixed,52887440
fixed,52855842
fixed,52880452
fixed,52746614
fixed,52561882
fixed,52814680
fixed,52402188
fixed,52086052
fixed,52077842
fixed,52403572
fixed,52368804
fixed,53029694
fixed,53219582
fixed,52433558
fixed,52554430
fixed,53095386
fixed,53192130
fixed,52828354
fixed,52075056
fixed,52753444
fixed,52909724
fixed,52716630
fixed,52680600
fixed,53146552
fixed,52698482
fixed,53116102
fixed,53042840
fixed,52974860
fixed,52941040
fixed,52911972
fixed,52665082
fixed,53050014
fixed,52864528
fixed,53102586
fixed,52761066
fixed,53337456
fixed,52805252
fixed,52958868
fixed,52608386
fixed,52390196
fixed,53358224
fixed,52832662
fixed,53290940
fixed,52775850
fixed,52379560
fixed,52591670
fixed,52948852
fixed,53067554
fixed,53197758
fixed,53022650
fixed,52639526
fixed,53046498
fixed,52987624
fixed,53037238
fixed,53008890
fixed,52978338
fixed,53241482
fixed,53362830
fixed,53043596
fixed,51976176
fixed,52258272
fixed,52900420
fixed,53383198
fixed,52774758
fixed,52146056
fixed,53042302
fixed,52913620
fixed,53091084
fixed,52986344
fixed,52722454
fixed,53018400
fixed,52825490
fixed,52160470
fixed,52725724
fixed,52958170
fixed,52333404
fixed,52178316
fixed,52243396
fixed,53159220
fixed,52827558
fixed,52813746
fixed,52877754
fixed,52724968
fixed,52885408
fixed,52553166
fixed,52685102
fixed,52829036
fixed,52896510
fixed,53081474
fixed,52393968
fixed,52338540
fixed,53349368
fixed,52046820
fixed,52243924
fixed,52895602
fixed,52634458
fixed,53109840
fixed,52530414
fixed,53054756
fixed,53085506
fixed,51729198
fixed,52821648
fixed,53174242
fixed,51481634
fixed,52056500
fixed,52315568
fixed,52963446
fixed,52890422
fixed,53068402
fixed,52979172
fixed,52529108
fixed,52702868
fixed,52874378
fixed,53146670
fixed,53453488
fixed,53161394
fixed,52952162
fixed,52968058
fixed,52597828
fixed,53238806
fixed,53059244
fixed,52930398
fixed,52760734
fixed,52037078
fixed,53036554
fixed,53000052
fixed,52966522
fixed,52769068
fixed,52235380
fixed,52895446
fixed,53247978
fixed,52684394
fixed,52795780
fixed,53179860
fixed,53087274
fixed,52867018
fixed,53078436
fixed,52471328
fixed,52322736
fixed,52758500
fixed,52974246
fixed,52132658
fixed,53052180
fixed,52723390
fixed,53025170
fixed,53116784
fixed,53291536
fixed,53259470
fixed,53572810
fixed,53077472
fixed,52875400
fixed,53056722
fixed,53140002
fixed,52457288
fixed,53058150
fixed,52530964
fixed,52356060
fixed,52307986
fixed,52306614
fixed,52835072
fixed,52248976
fixed,51910250
fixed,51976410
fixed,51811132
fixed,52876284
fixed,52598468
fixed,53534398
fixed,52744558
fixed,52747188
fixed,53188524
fixed,53032208
fixed,53069966
fixed,53041172
fixed,52734732
fixed,52959610
fixed,53276666
fixed,52450754
fixed,52782782
fixed,53043128
fixed,52243112
fixed,51613752
fixed,53039150
fixed,53095994
fixed,52679770
fixed,52146114
fixed,52515114
fixed,52783234
fixed,51949062
fixed,53058050
fixed,52137328
fixed,52762818
fixed,52934430
fixed,55775162
fixed,52869566
fixed,53040832
fixed,52679222
fixed,52234026
fixed,52994340
fixed,52446296
fixed,52656714
fixed,52634072
fixed,53147114
fixed,53076276
fixed,53013064
fixed,53082302
fixed,53404828
fixed,52344424
fixed,52399452
fixed,52280438
fixed,53023188
fixed,52653854
fixed,51741900
fixed,52594740
fixed,52897208
fixed,52782108
fixed,52551278
fixed,52789442
fixed,52410338
fixed,52867442
fixed,52336396
fixed,52587050
fixed,52460986
fixed,53185078
fixed,52227808
fixed,52902594
fixed,52015750
fixed,51032938
fixed,53232312
fixed,52395494
fixed,53086866
fixed,52722682
fixed,52529090
fixed,52594162
fixed,54163830
fixed,53121622
fixed,53336324
fixed,53075364
fixed,53449654
fixed,53136276
fixed,53052492
fixed,53884248
fixed,52817574
fixed,53217970
fixed,53260120
fixed,52337074
fixed,52102230
fixed,53066452
fixed,51379314
fixed,52454760
fixed,53070728
fixed,52359652
fixed,52728876
fixed,52858630
fixed,52716244
fixed,52655108
fixed,52855156
fixed,52811440
fixed,52905564
fixed,52922572
fixed,51490556
fixed,51540976
fixed,52856936
fixed,52906730
fixed,52909480
fixed,51430748
fixed,51326364
fixed,52316904
fixed,52269968
fixed,53421696
fixed,52681940
fixed,52720008
fixed,53182684
fixed,52958922
fixed,52999064
fixed,51873752
fixed,51914012
fixed,53122024
fixed,53221590
fixed,53141398
fixed,53436814
fixed,53072086
fixed,53084760
fixed,52912704
fixed,53037438
fixed,53179006
fixed,53167652
fixed,52961050
fixed,52867188
fixed,52384236
fixed,52900144
fixed,52962506
fixed,53019050
fixed,53097112
fixed,52876718
fixed,53432916
fixed,53006192
fixed,53090104
fixed,53184734
fixed,53011662
fixed,53002348
fixed,52949600
fixed,53093146
fixed,56368076
fixed,52788172
fixed,53098446
fixed,52920470
fixed,53048892
fixed,52712076
fixed,52874954
fixed,52984820
fixed,52904568
fixed,53064496
fixed,52238034
fixed,52990916
fixed,52984880
fixed,53136154
fixed,52766026
fixed,52594232
fixed,52979914
fixed,52608222
fixed,53042588
fixed,52510888
fixed,52809782
fixed,53125182
fixed,53502930
fixed,52868806
fixed,52869806
fixed,52683288
fixed,53067162
fixed,52841054
fixed,52742152
fixed,52939390
fixed,52912148
fixed,53014956
fixed,52787348
fixed,52690960
fixed,52120508
fixed,52900638
fixed,52672820
fixed,52949140
fixed,52919202
fixed,53156760
fixed,52795284
fixed,52935734
fixed,53059922
fixed,52946748
fixed,53203412
fixed,53071374
fixed,53128250
fixed,53848942
fixed,53115708
fixed,52636088
fixed,53164858
fixed,53074616
fixed,53029834
fixed,52728236
fixed,53065024
fixed,53060526
fixed,53062800
fixed,52966586
fixed,53102774
fixed,53146052
fixed,53101934
fixed,52786116
fixed,53098882
fixed,53122694
fixed,53950132
fixed,53858436
fixed,54471688
fixed,56040450
fixed,53442530
fixed,53751918
fixed,53754970
fixed,54534834
fixed,53155122
fixed,53287704
fixed,52964030
fixed,52964950
fixed,52657102
fixed,53225164
fixed,53595274
fixed,53201996
fixed,52959968
fixed,52696034
fixed,52288602
fixed,53218986
fixed,52634530
fixed,52863452
fixed,52977532
fixed,52111350
fixed,52760552
fixed,53105928
fixed,52940738
fixed,52668152
fixed,52748730
fixed,53043456
fixed,52821798
fixed,53199698
fixed,53007608
fixed,53016678
fixed,53106374
fixed,53030154
fixed,52949244
fixed,53012516
fixed,52548132
fixed,52639996
fixed,52539190
fixed,53257400
fixed,53327480
fixed,52910182
fixed,52542432
fixed,52702542
fixed,52805228
fixed,52376076
fixed,53296582
fixed,52750762
fixed,52342524
fixed,52503996
fixed,53080450
fixed,52535280
fixed,53192656
fixed,53283984
fixed,52374456
fixed,52808048
fixed,51894376
fixed,52292088
fixed,55096140
fixed,52058686
fixed,51752126
fixed,50977166
fixed,50298068
fixed,53111660
fixed,53076474
fixed,52913484
fixed,51199316
fixed,51963610
fixed,52412190
fixed,50933750
fixed,52207204
fixed,52650926
fixed,51049028
fixed,52322374
fixed,51524322
fixed,51144588
fixed,51805540
fixed,52536972
fixed,51159430
fixed,52699852
fixed,52327496
fixed,51813498
fixed,52277272
fixed,52750250
fixed,52742964
fixed,51704188
fixed,52962556
fixed,53066046
fixed,51818736
fixed,54398044
fixed,51560094
fixed,52646814
fixed,53044600
fixed,52354342
fixed,51736392
fixed,52727228
fixed,52894704
fixed,52619092
fixed,52613602
fixed,51864090
fixed,51819256
fixed,52127732
fixed,52376852
fixed,51632366
fixed,51605892
fixed,52536580
fixed,53095902
fixed,53037858
fixed,50574428
fixed,52580890
fixed,51558332
fixed,52686190
fixed,51463430
fixed,51573168
fixed,52386716
fixed,52731124
fixed,52605292
fixed,52604570
fixed,51667084
fixed,52385880
fixed,52386282
fixed,53059016
fixed,53163576
fixed,52563550
fixed,52980248
fixed,51548320
fixed,53079148
fixed,52878494
fixed,52438184
fixed,53024326
fixed,53145998
fixed,53730546
fixed,52509736
fixed,52907938
fixed,51429356
fixed,53142808
fixed,52957786
fixed,53115072
fixed,53085318
fixed,52458506
fixed,52286422
fixed,51390828
fixed,52308804
fixed,52226310
fixed,52942590
fixed,52643520
fixed,52651640
fixed,52851902
fixed,52529914
fixed,52758592
fixed,51415328
fixed,53017514
fixed,52754162
fixed,53049604
fixed,52414970
fixed,52698372
fixed,53024482
fixed,52945066
fixed,53075524
fixed,52716872
fixed,52652648
fixed,53105056
fixed,51930438
fixed,53011460
fixed,52759912
fixed,52958758
fixed,53073920
fixed,52579762
fixed,52993110
fixed,52968636
fixed,52145722
fixed,52851332
fixed,52338264
fixed,52435120
fixed,52903842
fixed,53107690
fixed,53017692
fixed,53088614
fixed,52273338
fixed,52926018
fixed,53190512
fixed,52841568
fixed,52524340
fixed,52678636
fixed,53486406
fixed,52919172
fixed,52840536
fixed,52639998
fixed,51700886
fixed,52860296
fixed,53080634
fixed,51668860
fixed,52566556
fixed,52920390
fixed,52943916
fixed,53110296
fixed,52453104
fixed,52757964
fixed,53131868
fixed,52927432
fixed,52944646
fixed,52972060
fixed,52788478
fixed,53148358
fixed,53056374
fixed,53093624
fixed,52774740
fixed,52828340
fixed,52840656
fixed,52638570
fixed,53061532
fixed,52211776
fixed,52135902
fixed,52228570
fixed,53046880
fixed,52557382
fixed,52444970
fixed,53029942
fixed,52472244
fixed,52897880
fixed,52977338
fixed,53217458
fixed,52815476
fixed,52048468
fixed,52929640
fixed,52535800
fixed,53009858
fixed,52654552
fixed,51502676
fixed,52639062
fixed,52987076
fixed,52627960
fixed,53465544
fixed,52478966
fixed,52671468
fixed,52310168
fixed,53077020
fixed,52230852
fixed,52837506
fixed,53021400
fixed,53088960
fixed,52641046
fixed,52829592
fixed,52161202
fixed,52894032
fixed,53082818
fixed,51460014
fixed,52907406
fixed,52987446
fixed,52741536
fixed,52985856
fixed,52812456
fixed,52744836
fixed,52702458
fixed,53260266
fixed,52915330
fixed,52869468
fixed,53202084
fixed,53095618
fixed,53184878
fixed,53047832
fixed,53064996
fixed,54884788
fixed,52125446
fixed,52915230
fixed,53161476
fixed,53033508
fixed,53001720
fixed,53218692
fixed,53062456
fixed,52957622
fixed,52997840
fixed,52368134
fixed,52479306
fixed,53050740
fixed,52955344
fixed,52478462
fixed,53186920
fixed,52826204
fixed,51379574
fixed,53082500
fixed,53067168
fixed,53032582
fixed,52962552
fixed,52325314
fixed,53007138
fixed,52068036
fixed,53000624
fixed,53776440
fixed,52677286
fixed,52517442
fixed,52899816
fixed,52502446
fixed,51698978
fixed,53059108
fixed,53230802
fixed,52619590
fixed,52946492
fixed,52487512
fixed,52991942
fixed,52994986
fixed,52582654
fixed,52498570
fixed,53037050
fixed,52746622
fixed,52571534
fixed,53013504
fixed,53059560
fixed,53108234
fixed,52904814
fixed,53380092
fixed,52702248
fixed,53000640
fixed,52346024
fixed,52838908
fixed,52156620
fixed,52875494
fixed,52628784
fixed,52102360
fixed,52762348
fixed,53125732
fixed,53003066
fixed,52862910
fixed,52452664
fixed,51805464
fixed,52753202
fixed,52994792
fixed,52667880
fixed,52797616
fixed,52959060
fixed,52653910
fixed,52638138
fixed,52684946
fixed,53025060
fixed,52735020
fixed,52957454
fixed,52482786
fixed,52853808
fixed,52655966
fixed,52756512
fixed,51689024
fixed,52513752
fixed,51883860
fixed,52899640
fixed,52030034
fixed,53084870
fixed,52840658
fixed,52994448
fixed,53160550
fixed,52733756
fixed,52792822
fixed,52462450
fixed,53078076
fixed,52942162
fixed,52058468
fixed,52666442
fixed,53220194
fixed,52929444
fixed,53056820
fixed,53087542
fixed,52713882
fixed,53042464
fixed,53023980
fixed,53006924
fixed,52557946
fixed,52990116
fixed,52501634
fixed,53123498
fixed,52815296
fixed,52962936
fixed,52614436
fixed,52841078
fixed,52737964
fixed,52607344
fixed,52691868
fixed,53135054
fixed,52953766
fixed,52943510
fixed,52993742
fixed,52328980
fixed,52961088
fixed,52384922
fixed,51651286
fixed,53262448
fixed,52525504
fixed,52380404
fixed,53003410
fixed,52965952
fixed,52266290
fixed,52730726
fixed,52500004
fixed,52734744
fixed,53107010
fixed,52598788
fixed,52394146
fixed,52601648
fixed,52906022
fixed,51690974
fixed,53006602
fixed,53260540
fixed,52985394
fixed,52583052
fixed,52821076
fixed,52878898
fixed,52829138
fixed,52714310
fixed,52190142
fixed,52786154
fixed,52692828
fixed,51866262
fixed,52507328
fixed,53009662
fixed,52587302
fixed,52645976
fixed,52423370
fixed,52767678
fixed,53649362
fixed,52582664
fixed,52374772
fixed,51787314
fixed,52493876
fixed,53198162
fixed,52977196
fixed,52685374
fixed,52853862
fixed,52856520
fixed,52495874
fixed,52650850
fixed,52452478
fixed,53159450
fixed,52750022
fixed,52734632
fixed,53110672
fixed,53100468
fixed,52667444
fixed,53081744
fixed,52418398
fixed,53092888
fixed,52532006
fixed,53066606
fixed,52696422
fixed,52854958
fixed,53268372
fixed,52860138
fixed,52356702
fixed,52850948
fixed,53087278
fixed,52211678
fixed,52643788
fixed,52904262
fixed,52521268
fixed,52743318
fixed,53349942
fixed,53080022
fixed,53146248
fixed,53195056
fixed,52695144
fixed,52800122
fixed,51297000
fixed,52787454
fixed,52801024
fixed,52940322
fixed,53275000
fixed,52675238
fixed,52474504
fixed,52340946
fixed,53083802
fixed,52346394
fixed,53061432
fixed,52518662
fixed,52070196
fixed,52982964
fixed,52971444
fixed,52996932
fixed,52584100
fixed,53306708
fixed,52626368
fixed,52484180
fixed,52489098
fixed,52713698
fixed,52717992
fixed,51860462
fixed,52654776
fixed,53246116
fixed,52511498
fixed,52803422
fixed,52779402
fixed,52975532
fixed,52987476
fixed,52510924
fixed,52780880
fixed,52587464
fixed,53515900
fixed,53115418
fixed,52903284
fixed,52541294
fixed,52814956
fixed,52276350
fixed,53549322
fixed,52573866
fixed,52809844
fixed,53247176
fixed,52947072
fixed,53090636
fixed,52515696
fixed,52249208
fixed,52902864
fixed,52695662
fixed,53102822
fixed,52824970
fixed,52323160
fixed,52459302
fixed,53022340
fixed,52841116
fixed,52632270
fixed,52064622
fixed,52524592
fixed,53022892
fixed,52835784
fixed,51919940
fixed,52509118
fixed,52986308
fixed,53077446
fixed,52803080
fixed,52907614
fixed,52360562
fixed,53075216
fixed,52946186
fixed,52508780
fixed,52617746
fixed,51667586
fixed,53011738
fixed,53113948
fixed,53033988
fixed,52961362
fixed,52253032
fixed,52405220
fixed,52115676
fixed,52513492
fixed,52627606
fixed,53059996
fixed,52969854
fixed,52646142
fixed,53068022
fixed,52635212
fixed,52978182
fixed,52374650
fixed,52506778
fixed,52880966
fixed,53022366
fixed,53219734
fixed,52621716
fixed,52924166
fixed,52552354
fixed,52909984
fixed,53131706
fixed,52019636
fixed,53065816
fixed,52434026
fixed,52776542
fixed,52893804
fixed,53084134
fixed,52546596
fixed,52906858
fixed,51830062
fixed,52901738
fixed,53143864
fixed,53046898
fixed,52719396
fixed,52212860
fixed,52458936
fixed,52738860
fixed,52537692
fixed,52652468
fixed,53024360
fixed,52337232
fixed,52907056
fixed,52383222
fixed,52559764
fixed,53156884
fixed,52394636
fixed,52666406
fixed,52756366
fixed,52387864
fixed,53005114
fixed,53111116
fixed,52127454
fixed,52538842
fixed,52303510
fixed,53086792
fixed,52456826
fixed,53433996
fixed,52740614
fixed,53009448
fixed,53023932
fixed,53222494
fixed,53007604
fixed,53231908
fixed,53064062
fixed,52962648
fixed,52836314
fixed,52941684
fixed,52711626
fixed,53033498
fixed,52886504
fixed,52601692
fixed,52884774
fixed,53108608
fixed,53019130
fixed,52705700
fixed,51851672
fixed,52675318
fixed,52970500
fixed,53081372
fixed,53062556
fixed,52694426
fixed,53192030
fixed,52644202
fixed,52926974
fixed,52993472
fixed,52496110
fixed,52154844
fixed,52429570
fixed,52983978
fixed,52800394
fixed,52291796
fixed,53669354
fixed,52712832
fixed,53005410
fixed,52833532
fixed,53280492
fixed,52835012
fixed,53097464
fixed,53365432
fixed,53363864
fixed,52999852
fixed,52919550
fixed,53082050
fixed,52806294
fixed,52584438
fixed,53039106
fixed,53018154
fixed,53063224
fixed,53084968
fixed,53092744
fixed,52064436
fixed,52539172
fixed,52182478
fixed,53235210
fixed,52885928
fixed,53095460
fixed,52337192
fixed,52694444
fixed,52730612
fixed,52795352
fixed,52918684
fixed,53100290
fixed,52245686
fixed,52803004
fixed,52779528
fixed,52279056
fixed,53173296
fixed,52435198
fixed,53104198
fixed,52339926
fixed,52317634
fixed,52849086
fixed,53590286
fixed,52741712
fixed,52691840
fixed,53152428
fixed,52320270
fixed,52380730
fixed,52789344
fixed,52967562
fixed,52935770
fixed,52237418
fixed,51596438
fixed,52869166
fixed,53030660
fixed,52475972
fixed,53485200
fixed,53133092
fixed,52962458
fixed,52869934
fixed,53369662
fixed,53027994
fixed,53164716
fixed,52898088
fixed,52475770
fixed,52960822
fixed,53374896
fixed,53076130
fixed,52645752
fixed,52090518
fixed,53162050
fixed,52935758
fixed,52705198
fixed,52594030
fixed,52945096
fixed,52587034
fixed,52445682
fixed,52898044
fixed,53230166
fixed,53095970
fixed,52747822
fixed,52847350
fixed,53092698
fixed,52159196
fixed,53007612
fixed,53230024
fixed,52852420
fixed,53260710
fixed,52605770
fixed,52553462
fixed,52763604
fixed,52836080
fixed,51779148
fixed,52785146
fixed,52956980
fixed,52644810
fixed,51852908
fixed,52883978
fixed,52962216
fixed,53107612
fixed,53017290
fixed,53545830
fixed,53143246
fixed,53070916
fixed,52695148
fixed,52920486
fixed,52713386
fixed,53319866
fixed,52244384
fixed,52909864
fixed,53266182
fixed,52217394
fixed,52746804
fixed,52655270
fixed,52266186
fixed,53110724
fixed,52459120
fixed,52770138
fixed,53294094
fixed,52877924
fixed,52819458
fixed,53117426
fixed,52652956
fixed,52589250
fixed,52522004
fixed,52470018
fixed,51847930
fixed,52723326
fixed,53317526
fixed,52621110
fixed,53004512
fixed,52718628
fixed,52822010
fixed,53124558
random,53448448
random,53665076
random,53751000
random,53665590
random,54579852
random,58260758
random,58283808
random,79830372
random,57502980
random,53831096
random,53097046
random,57933964
random,53479844
random,53404784
random,53247086
random,53545864
random,53297668
random,53858512
random,53514840
random,53478260
random,53484018
random,53453788
random,52382114
random,53179726
random,52943218
random,52691440
random,52961522
random,53113630
random,53457874
random,53466682
random,53185896
random,53345350
random,53007816
random,52845538
random,52169094
random,52735512
random,52881932
random,53245036
random,52107464
random,53362398
random,51549490
random,52108538
random,53678238
random,52403978
random,51636026
random,52442926
random,53414008
random,52728710
random,52900712
random,52964792
random,52913930
random,52759806
random,53758402
random,53015392
random,51435296
random,51660694
random,51660246
random,52817094
random,52364940
random,52973722
random,52236118
random,52273850
random,52057176
random,51565376
random,51451156
random,53021410
random,53073332
random,52867524
random,52289690
random,52290036
random,51918810
random,51872322
random,52696754
random,53454014
random,52799900
random,52505214
random,51499156
random,51826104
random,51769102
random,52831334
random,52632338
random,53285884
random,52446224
random,52110858
random,57806072
random,52568518
random,51824060
random,52631486
random,52248646
random,52141864
random,51778930
random,52707352
random,53520926
random,52883630
random,52659412
random,53026106
random,52475454
random,52573432
random,52698752
random,52359470
random,51992780
random,52398764
random,52172386
random,52842980
random,52642074
random,51559386
random,52315056
random,51057916
random,51603718
random,52214672
random,52459588
random,51296950
random,53089854
random,52269874
random,53006514
random,52388050
random,52579704
random,53058540
random,51510254
random,52767290
random,52574076
random,51643454
random,51925956
random,57503844
random,52404630
random,53156974
random,52041040
random,53644854
random,52136736
random,52246694
random,51424346
random,52226070
random,52398740
random,51790404
random,53953104
random,52545846
random,52646680
random,53240584
random,51988890
random,51626358
random,52598764
random,51999144
random,53167620
random,53348336
random,59438972
random,51610804
random,52487170
random,53364250
random,52620450
random,53581910
random,52366554
random,52991018
random,51541650
random,52804752
random,52553476
random,51657194
random,51854106
random,52019996
random,52696584
random,51754512
random,53260242
random,51563112
random,60225866
random,52602988
random,53135746
random,52600320
random,53237302
random,53010678
random,53082604
random,52802024
random,52267600
random,51422866
random,52306374
random,53466838
random,53249108
random,53609284
random,53072124
random,53073208
random,52787324
random,52399352
random,52879074
random,53011834
random,53694538
random,53283736
random,53009260
random,52987972
random,53127540
random,52519152
random,52683868
random,53413594
random,52867506
random,52254104
random,52841450
random,53109530
random,52871832
random,53012272
random,52760862
random,52947122
random,53054696
random,52561994
random,53061260
random,53226852
random,52643962
random,52997106
random,52904268
random,53074472
random,53317296
random,52766236
random,53083606
random,53124786
random,53170106
random,53256184
random,53070610
random,53074430
random,52378442
random,52793398
random,52113970
random,52878768
random,52854068
random,53746796
random,53129578
random,54829432
random,52444602
random,53133162
random,52992280
random,54391608
random,52943624
random,52981384
random,53265858
random,52292288
random,52926926
random,53042058
random,53328082
random,53717924
random,53990614
random,52773376
random,55963752
random,53314742
random,53042570
random,52841242
random,52814744
random,53224718
random,53204784
random,54328868
random,53320036
random,53101968
random,53080850
random,53435258
random,53544374
random,59527622
random,53784452
random,53060532
random,52885196
random,53654682
random,52941256
random,52932322
random,52780422
random,52838850
random,52639676
random,52859098
random,53226064
random,52495960
random,52653280
random,52472976
random,53290220
random,53380364
random,53295540
random,53339692
random,54052940
random,54584184
random,53235626
random,53270812
random,53288406
random,53117740
random,53053650
random,53339950
random,52513126
random,55086408
random,53047474
random,52867228
random,52715878
random,52289370
random,52491806
random,52681080
random,53138692
random,51909750
random,53179310
random,52879200
random,52540896
random,52560176
random,53052232
random,53342374
random,53036986
random,54529740
random,53127302
random,52549606
random,52924070
random,52359300
random,52674998
random,52664454
random,52934562
random,52585748
random,53002450
random,52691866
random,53612120
random,52644376
random,53065312
random,52846562
random,53140452
random,53681438
random,52667484
random,52123494
random,52759072
random,52363166
random,52865126
random,52724048
random,52290050
random,54857404
random,53488528
random,52716666
random,53599706
random,53008276
random,53045992
random,53011674
random,54219558
random,52490328
random,52538950
random,53178722
random,52638936
random,52427878
random,52855100
random,52932844
random,52073096
random,53078984
random,53045550
random,52518354
random,53557170
random,52779404
random,52982730
random,52688490
random,52447900
random,53287876
random,53489162
random,53020582
random,53089576
random,52863718
random,53374560
random,53131712
random,53299722
random,52721658
random,53101828
random,52738474
random,52717514
random,53120258
random,53112580
random,53227998
random,52998216
random,53221912
random,52257296
random,53401172
random,52952842
random,54555412
random,53397476
random,52899140
random,52947286
random,52752854
random,52396054
random,53856344
random,52932060
random,53079974
random,53053352
random,52690626
random,53107432
random,53890298
random,53080226
random,53400152
random,52660438
random,53229778
random,53170772
random,52977772
random,53290380
random,53621784
random,53074830
random,53513010
random,53580758
random,53568282
random,53562832
random,52965996
random,53557508
random,52919586
random,53428148
random,53635336
random,55722582
random,53766626
random,53395502
random,76939178
random,51942912
random,52953386
random,51853246
random,52525966
random,52623592
random,53247270
random,53010520
random,51792702
random,52693098
random,51795536
random,52615490
random,51865084
random,52693394
random,53085008
random,52213654
random,52303120
random,51747946
random,53644338
random,51988830
random,52915636
random,53958568
random,52641144
random,52399262
random,52815150
random,52445886
random,53358680
random,52138862
random,53143134
random,51859792
random,52114244
random,52578136
random,51318116
random,53329662
random,53229356
random,52013032
random,52625616
random,50681672
random,52205184
random,52480762
random,50706070
random,52350682
random,55836098
random,53449708
random,52815802
random,52826772
random,52661462
random,52946246
random,53358302
random,53298464
random,52608496
random,52932592
random,53203560
random,51725436
random,52203330
random,53103742
random,52927072
random,52943168
random,53493028
random,52484430
random,53599650
random,52854612
random,52794396
random,52976606
random,52945650
random,51842554
random,52560674
random,53120336
random,53753226
random,52899758
random,52855026
random,53500914
random,52939344
random,52809682
random,53041574
random,53032036
random,53035656
random,52427504
random,52532164
random,53006412
random,52534376
random,52788672
random,51924492
random,52997566
random,52014506
random,52339716
random,52866154
random,52520244
random,52281836
random,52639718
random,52193188
random,52175816
random,52624570
random,51894044
random,52894552
random,52596876
random,53196780
random,52660024
random,53132040
random,52342862
random,52025964
random,52882796
random,53199236
random,53241244
random,52786716
random,53034310
random,53340756
random,51733650
random,52296858
random,52905406
random,51958954
random,52332722
random,52868768
random,53085118
random,52988992
random,53197286
random,52986004
random,52126808
random,53157044
random,52970758
random,52756508
random,53469518
random,53431078
random,53015384
random,60210172
random,52962378
random,52696314
random,52943876
random,52912836
random,52918268
random,53226744
random,53106416
random,53011964
random,53132976
random,52759914
random,52526960
random,53006778
random,77935812
random,52856632
random,52897720
random,52646240
random,51815914
random,52491586
random,52450192
random,52702486
random,52867484
random,53199964
random,52916800
random,52816086
random,52811938
random,54926202
random,52078984
random,52561206
random,52220900
random,53246952
random,51996030
random,53178884
random,53128334
random,56946640
random,52584298
random,52229628
random,51745094
random,52374396
random,52325832
random,52088176
random,52686224
random,52209834
random,52647944
random,51917084
random,51374186
random,51253782
random,54873894
random,52562250
random,52042650
random,51913268
random,52604392
random,51901296
random,52431654
random,52297102
random,52610858
random,52590526
random,52925382
random,52708056
random,51231314
random,52114476
random,51484762
random,51881122
random,52528548
random,52294400
random,51755940
random,52483690
random,54952376
random,52668600
random,52248784
random,52053520
random,52023398
random,52063420
random,52596586
random,52396954
random,51978766
random,52065926
random,51913402
random,53237334
random,52489246
random,51637710
random,51819650
random,52061750
random,52795292
random,52804872
random,52405268
random,51679338
random,51192370
random,51932432
random,52576828
random,51374718
random,51073934
random,52775056
random,52391502
random,51639168
random,52522512
random,52836642
random,52832012
random,52357172
random,52065178
random,51940068
random,52491304
random,50713838
random,52452346
random,53098056
random,51313800
random,51212838
random,52585792
random,51989502
random,52580878
random,51946114
random,53359644
random,50602614
random,52349810
random,53139052
random,53017562
random,53002576
random,52453774
random,51616628
random,51986142
random,51950902
random,52963550
random,52409104
random,51686106
random,51512770
random,52927424
random,52415096
random,50884680
random,52610114
random,51754730
random,52521328
random,52796962
random,53026448
random,51472530
random,51540472
random,51537624
random,52054540
random,52741104
random,52651386
random,53369280
random,52805458
random,52916832
random,52590564
random,52218156
random,52136316
random,53109920
random,52628110
random,52895900
random,52589504
random,52385956
random,52557104
random,52372812
random,52474696
random,52456706
random,58217206
random,59563176
random,77596140
random,51965916
random,51676270
random,52777810
random,52534086
random,52820004
random,52460612
random,52290702
random,52867856
random,53588812
random,53868304
random,52782748
random,52369192
random,52766444
random,52458612
random,52289328
random,53088726
random,53044564
random,54317086
random,52562186
random,51827322
random,52887630
random,52857208
random,52742846
random,52684304
random,52445288
random,52985850
random,52611570
random,52175830
random,53167154
random,55189772
random,51262142
random,52716756
random,52818230
random,52959806
random,51927704
random,53091974
random,52325476
random,52313376
random,52410982
random,52837972
random,51421746
random,52484510
random,52271640
random,52606846
random,52947526
random,52954152
random,52705654
random,53399720
random,53188646
random,53051232
random,52867892
random,51743746
random,52792014
random,52704858
random,52378816
random,52562214
random,51992394
random,53098242
random,52359472
random,52490266
random,52462952
random,52903226
random,51845388
random,53114590
random,53009350
random,52824002
random,53315426
random,52777772
random,51700020
random,51761994
random,53084312
random,53040934
random,53018140
random,52549346
random,52229744
random,53108450
random,52378204
random,52897212
random,52854868
random,52756700
random,52920308
random,52984150
random,53531490
random,53392546
random,53014476
random,53150424
random,52882614
random,53044008
random,52857294
random,52643772
random,53128136
random,53237920
random,53102704
random,53268766
random,53061250
random,53212956
random,52997164
random,53086242
random,53206734
random,53186822
random,52649808
random,53008324
random,53017136
random,52926776
random,52990304
random,52678916
random,53159968
random,53200904
random,53044928
random,52982160
random,53119892
random,52932628
random,53094508
random,53342324
random,53014166
random,53150726
random,53121692
random,53341448
random,53124146
random,52916238
random,53060784
random,53047422
random,53111106
random,53148492
random,53061824
random,52897412
random,53011580
random,52954154
random,53262114
random,53195820
random,52999634
random,52719396
random,52871940
random,53066864
random,52773916
random,53226704
random,52928396
random,52884518
random,52969068
random,53077482
random,52624876
random,52978126
random,53145682
random,53403620
random,52754214
random,53383736
random,53535586
random,53271904
random,53054472
random,53137550
random,52986790
random,53072778
random,53308186
random,53117120
random,52881848
random,53117026
random,52987756
random,52346218
random,52925946
random,52943210
random,53236916
random,52821778
random,52851596
random,52951038
random,53113926
random,53106588
random,53117030
random,53077496
random,53814654
random,53054802
random,53216136
random,53013194
random,53218838
random,53465278
random,53162350
random,53375252
random,53623572
random,53048366
random,53121608
random,53182300
random,52835032
random,52757270
random,53203582
random,53074534
random,53204970
random,52787308
random,53280048
random,53040300
random,53000274
random,53163472
random,52761822
random,52892282
random,52826246
random,53124660
random,53264042
random,53260536
random,52835018
random,53235930
random,53063514
random,52936468
random,52834452
random,52934400
random,52905846
random,52599164
random,53003024
random,52961492
random,52982222
random,52954530
random,53100688
random,52874048
random,52937612
random,52655652
random,52893356
random,52486344
random,52977670
random,53052500
random,52699078
random,52508784
random,53127302
random,52940274
random,52805284
random,52793844
random,52962676
random,52792180
random,53046322
random,53096094
random,53087062
random,53702410
random,53134468
random,53083930
random,53519300
random,52777284
random,53286714
random,52948796
random,53206146
random,53408944
random,54249000
random,56256670
random,53101498
random,52773846
random,53178712
random,53605232
random,53673232
random,55497486
random,58517344
random,56580756
random,54344046
random,53168112
random,53188218
random,54260988
random,53255748
random,53180374
random,53001432
random,53483826
random,54771730
random,53263568
random,53342996
random,54475576
random,53097226
random,53141464
random,53138174
random,53150532
random,53176170
random,56271402
random,55271246
random,52811110
random,55464180
random,52814686
random,53846560
random,53417320
random,53766762
random,53312052
random,53166990
random,54151706
random,52962648
random,53468904
random,53876838
random,53207150
random,53057010
random,53477864
random,53214486
random,53226988
random,52851956
random,54394440
random,53175926
random,52884808
random,53261748
random,53333670
random,53093112
random,53711860
random,54383352
random,54095552
random,55061686
random,57792226
random,53653538
random,54916006
random,53895090
random,53328516
random,53771196
random,53488266
random,53123922
random,53532230
random,54769648
random,53708142
random,57116694
random,52927466
random,53650090
random,53220474
random,56756204
random,52841798
random,54378644
random,53140330
random,52421226
random,53814410
random,52930808
random,57025244
random,53267114
random,54109852
random,53551096
random,53284214
random,52969970
random,53203988
random,52913536
random,53333080
random,53827292
random,53313676
random,53939664
random,54520246
random,52453730
random,51124724
random,51624526
random,51784902
random,52797190
random,53423318
random,52101054
random,53200732
random,53057594
random,52043194
random,52847454
random,51694298
random,51447620
random,54552900
random,53420842
random,51210108
random,51879600
random,51836734
random,52846340
random,52934806
random,52319918
random,52441760
random,51876170
random,52260012
random,52370588
random,52703822
random,55527586
random,52105590
random,51285604
random,52939368
random,52544216
random,52485290
random,51174106
random,50774644
random,51544280
random,52508168
random,53545658
random,54148826
random,53017684
random,51358112
random,57389844
random,52793602
random,52284858
random,52537034
random,52674184
random,51220294
random,52364846
random,53190554
random,52421162
random,52394048
random,52174596
random,52461050
random,53194510
random,53439836
random,52775718
random,63712468
random,52960046
random,53001940
random,52993482
random,52918794
random,53021364
random,53069418
random,52860198
random,52751012
random,53035666
random,52801792
random,53138918
random,53062056
random,52790078
random,52993926
random,52959428
random,52887926
random,52995550
random,53060990
random,53029898
random,52952258
random,55750652
random,52945994
random,53034354
random,52730280
random,52976704
random,53114930
random,53140936
random,53157750
random,52963580
random,53000878
random,52945024
random,53040186
random,52898954
random,53067428
random,53160752
random,53262582
random,53257478
random,53009704
random,53091558
random,52934076
random,52955704
random,53002240
random,53026522
random,53087038
random,53009342
random,52788918
random,52985664
random,53174694
random,52973824
random,52902364
random,52879540
random,52939104
random,52975096
random,53304240
random,52968878
random,53178684
random,54179390
random,54115820
random,53496714
random,53553132
random,52966448
random,52989864
random,52944592
random,53061892
random,52848890
random,53000808
random,53028110
random,53068584
random,53110202
random,53020758
random,52996978
random,53094260
random,52913328
random,53049202
random,56533152
random,53216764
random,53027938
random,53052208
random,52994452
random,53020472
random,53213738
random,53125772
random,53188808
random,52958270
random,53139638
random,53150290
random,53135260
random,52970150
random,52982924
random,52959436
random,53206346
random,52869178
random,52778024
random,57870340
random,52851680
random,52704108
random,53032278
random,52793038
random,52941788
random,52518620
random,52861412
random,52832924
random,52906776
random,52624106
random,52950546
random,53160622
random,53624016
random,53155570
random,53176332
random,53110554
random,52953748
random,53148574
random,53181526
random,53266896
random,53112428
random,53087644
random,55938562
random,53096698
random,52986452
random,53199892
random,52985796
random,53165454
random,53049734
random,53249300
random,53051186
random,52959634
random,53011490
random,53008542
random,53320866
random,53111954
random,53395788
random,53108038
random,52970606
random,53120164
random,53103164
random,53361124
random,57220930
random,53122546
random,53022748
random,53165986
random,53073820
random,53062504
random,53138762
random,53086618
random,52972166
random,52932818
random,52722222
random,53171208
random,53053976
random,52998742
random,53061886
random,53144686
random,52898262
random,53115710
random,53581040
random,53693452
random,57867762
random,53862084
random,54495616
random,54630996
random,55055448
random,54266162
random,53983098
random,53783204
random,53084820
random,53407316
random,54119186
random,53839492
random,54015586
random,54131502
random,53683436
random,54232156
random,53042998
random,52948224
random,52859636
random,53325180
random,53067008
random,54967728
random,53028176
random,53384464
random,54521358
random,54438248
random,55248108
random,54867366
random,54663670
random,55622842
random,54030502
random,54265020
random,55046344
random,54420528
random,54117414
random,54759592
random,54546118
random,53466682
random,53530398
random,56562804
random,53050916
random,53110242
random,53098274
random,53704828
random,53738592
random,53071464
random,53142846
random,53979230
random,53101700
random,53124886
random,53034556
random,53228412
random,53350822
random,53100276
random,53485416
random,53044704
random,53008914
random,52903154
random,53287762
random,53311036
random,53166106
random,53209138
random,53092302
random,53344666
random,54403084
random,55303096
random,54453784
random,54719164
random,54582808
random,54049338
random,54305682
random,53589054
random,53136904
random,53346666
random,53012808
random,53034430
random,52956548
random,53090648
random,53180130
random,53020010
random,52897850
random,53141522
random,53258016
random,53105398
random,53151502
random,53046038
random,52971822
random,53120318
random,52770046
random,53128426
random,53105232
random,52991908
random,53110262
random,52886184
random,53142394
random,53856950
random,53765912
random,53504378
random,53075842
random,53194008
random,53245988
random,53091002
random,53120502
random,53117170
random,53096590
random,53088516
random,53379960
random,53191674
random,53292840
random,53238648
random,53121280
random,53101976
random,53264366
random,53396314
random,53442888
random,53050030
random,53128922
random,53071404
random,53486052
random,53359326
random,52794536
random,53030924
random,52669230
random,52743132
random,52710714
random,53302684
random,52898110
random,53277190
random,52964558
random,52838792
random,52975142
random,53049658
random,52998022
random,53422602
random,52811214
random,52888132
random,52830286
random,53024676
random,52974632
random,52877896
random,53180926
random,53101090
random,52835752
random,53103752
random,53141280
random,52487984
random,53045794
random,53040482
random,53100170
random,52630036
random,53091596
random,53294622
random,53321872
random,53121236
random,53074886
random,53054986
random,52985570
random,53005236
random,52758676
random,52477532
random,53014240
random,52858626
random,52936728
random,52478852
random,52580528
random,52848142
random,53039968
random,53138046
random,52658762
random,52718682
random,53077424
random,52791694
random,52769268
random,53124844
random,52962878
random,53109172
random,53044198
random,52328366
random,52677336
random,52889816
random,53284424
random,52585714
random,52224062
random,52508112
random,52983302
random,52980236
random,53046258
random,52578002
random,53108550
random,52518036
random,53020712
random,53059138
random,52929202
random,52816678
random,52875102
random,53032610
random,52560048
random,53122590
random,52475226
random,52457806
random,52211816
random,52894146
random,52797806
random,53174050
random,52326854
random,52700176
random,52958414
random,52952456
random,52854024
random,52833694
random,52891450
random,52923766
random,52781312
random,52952274
random,52990160
random,53147568
random,53136828
random,52821808
random,52027540
random,52838808
random,52523656
random,53027834
random,52408120
random,53214196
random,52898226
random,53128600
random,53122378
random,52598282
random,52594754
random,52678266
random,52640318
random,52879342
random,53067684
random,55295734
random,52842730
random,52790546
random,52690568
random,52715972
random,52894498
random,53250560
random,53154134
random,52945930
random,53237818
random,52824726
random,52808808
random,52843428
random,52996236
random,52859166
random,52919382
random,52967654
random,53091066
random,52846470
random,53107434
random,53050206
random,52922518
random,52474178
random,52780394
random,52930692
random,52415546
random,53084242
random,52807398
random,52976112
random,52711528
random,53046306
random,53220848
random,53044950
random,52996834
random,52929508
random,52926686
random,53019216
random,52821554
random,52138956
random,51929492
random,53361452
random,52592902
random,53257948
random,53025836
random,51868112
random,52226692
random,53165456
random,53041278
random,52930666
random,52946808
random,52999756
random,52285538
random,52663516
random,52940972
random,52991196
random,53023208
random,51456440
random,52290446
random,52894630
random,53057396
random,53130100
random,51898000
random,52321462
random,52662486
random,52171556
random,52999598
random,52848192
random,52159460
random,52267722
random,52601258
random,52826064
random,52641624
random,52905824
random,51841438
random,52618228
random,52593112
random,53041778
random,53062654
random,52979124
random,52881482
random,52047488
random,53133414
random,52834946
random,52745528
random,51851048
random,53110450
random,52944600
random,53026726
random,51174698
random,51939204
random,52323960
random,51647148
random,52229646
random,53052854
random,52970684
random,53178622
random,52936842
random,53023470
random,52716858
random,53061048
random,52118254
random,52398750
random,52788722
random,51275154
random,52911778
random,52997190
random,52542170
random,51070646
random,55040128
random,52080372
random,53089874
random,52536036
random,52214168
random,52001100
random,52864488
random,52941280
random,52478584
random,52014756
random,52752248
random,52625274
random,52000986
random,52484914
random,50925276
random,53008154
random,53058412
random,52550448
random,51358768
random,51884388
random,52901846
random,52902048
random,52344408
random,53071342
random,51971080
random,52733644
random,52807762
random,54130716
random,53386346
random,52044706
random,53053072
random,52474634
random,52870776
random,52773956
random,52100948
random,52852258
random,51403602
random,52275520
random,51362596
random,52887074
random,53097272
random,53019170
random,52963186
random,53088844
random,51764722
random,51876766
random,52868086
random,53892282
random,53089092
random,52140030
random,52943380
random,51883692
random,52030146
random,52959476
random,52292646
random,52710030
random,53122648
random,53006478
random,52543140
random,52378098
random,52894218
random,52136456
random,52855876
random,51962288
random,52787762
random,52369458
random,52954738
random,53432412
random,53131752
random,51707880
random,52793534
random,52947390
random,52883614
random,51379036
random,52995380
random,52724422
random,52416152
random,53073168
random,52021610
random,52136764
random,52907660
random,52945114
random,52622622
random,52359420
random,52593420
random,52392008
random,52103036
random,53033994
random,52866124
random,51951692
random,52652046
random,52810080
random,52519764
random,52901812
random,52910012
random,52727164
random,52971746
random,52956116
random,52965326
random,52876788
random,52853106
random,52669864
random,52926836
random,51594100
random,52554868
random,52357646
random,52402100
random,53082000
random,52860756
random,52858620
random,52942208
random,52459294
random,52347930
random,52919316
random,52848704
random,52821870
random,52536278
random,52837274
random,52805574
random,52706026
random,51568290
random,51976968
random,52859626
random,52134400
random,53007404
random,53118690
random,52510188
random,52038510
random,52880836
random,53058394
random,52245402
random,52867238
random,53013526
random,52146616
random,52747564
random,51150696
random,53036002
random,52181180
random,52587036
random,53129784
random,53100292
random,52930504
random,52919992
random,53063558
random,52183474
random,52414034
random,52873814
random,53038330
random,52940042
random,53187384
random,53182208
random,52721340
random,53070824
random,52703772
random,53066050
random,53086672
random,52599834
random,52266776
random,52967652
random,52960560
random,52944532
random,53021334
random,52647808
random,52374016
random,53067630
random,52834904
random,53012400
random,52903782
random,53095538
random,52740094
random,52793998
random,52707364
random,52617328
random,52593130
random,53000180
random,52906468
random,52869560
random,52934276
random,52324576
random,52766144
random,52546582
random,51766742
random,51905120
random,52993090
random,52544904
random,52689888
random,52772646
random,52743698
random,52612652
random,53219634
random,52746346
random,52904458
random,52594274
random,52613496
random,52784682
random,53235404
random,53195850
random,52775510
random,52936658
random,53092164
random,53062884
random,53011502
random,53165338
random,52940452
random,52957602
random,52979852
random,53170524
random,53101336
random,53103412
random,52978590
random,53406870
random,52125022
random,52798902
random,51872302
random,52657320
random,51814938
random,53020728
random,52607188
random,51615930
random,51678838
random,52348836
random,52598818
random,52762232
random,53024498
random,52439572
random,52171990
random,52058950
random,52321666
random,51193764
random,51925344
random,52620934
random,51568752
random,52359800
random,52029138
random,53080336
random,51456488
random,50929338
random,52840712
random,51892916
random,52465296
random,52416112
random,52478362
random,52889982
random,52368922
random,50968346
random,52863518
random,53138168
random,52539422
random,51509188
random,52523742
random,52812718
random,52416792
random,51894002
random,52592152
random,50926666
random,52998066
random,52028582
random,53122170
random,52926026
random,52265660
random,52994192
random,52973512
random,51842600
random,52958106
random,52942948
random,52774044
random,53017814
random,53121534
random,53021990
random,52006850
random,52589642
random,52928350
random,52712196
random,52939552
random,52657882
random,52338386
random,52733422
random,52432784
random,52397772
random,52969408
random,51442806
random,53031722
random,53200354
random,52123264
random,52218530
random,51978328
random,52394336
random,53534620
random,53032722
random,53021158
random,52569582
random,53117232
random,52040748
random,52303382
random,52766798
random,52971566
random,52964368
random,52975662
random,52968008
random,52714288
random,53198098
random,52760314
random,52041934
random,52142512
random,53084856
random,53056160
random,52974152
random,53008914
random,53093314
random,52726164
random,52875118
random,52815098
random,52811046
random,52952516
random,53105754
random,52564414
random,53067928
random,53145374
random,53019272
random,52956990
random,52690672
random,53082270
random,53096332
random,52643268
random,52005500
random,52643084
random,52837532
random,52710200
random,52855586
random,52920660
random,52855988
random,52608118
random,52949800
random,53516538
random,52602288
random,53085874
random,53238174
random,52606624
random,52760974
random,53037974
random,52868272
random,53095316
random,52986204
random,52622958
random,52795518
random,52532316
random,51842906
random,52991354
random,52424144
random,52702818
random,52273612
random,52705592
random,52146568
random,53107764
random,52875232
random,52382682
random,52559576
random,52584224
random,52863526
random,52628148
random,53184266
random,52939570
random,52861834
random,52641794
random,52837430
random,51941888
random,52846132
random,52723588
random,51097544
random,51634986
random,53108750
random,53169058
random,52934116
random,53001400
random,52278400
random,52943836
random,52924316
random,52894678
random,52604928
random,52962482
random,52489852
random,52283470
random,52942462
random,53172044
random,52966286
random,53083040
random,52989012
random,51668282
random,52128398
random,52743568
random,52860448
random,52928096
random,53157786
random,53073768
random,52888366
random,53061050
random,53162782
random,52840930
random,52829896
random,52951608
random,52405204
random,52892376
random,52692250
random,52051348
random,53216728
random,52025342
random,52548090
random,52531736
random,52526020
random,52965270
random,52224382
random,53030146
random,52488096
random,52898902
random,53023474
random,52981400
random,53125652
random,53190972
random,52734462
random,52989728
random,52694494
random,52650648
random,52648832
random,52666594
random,53098972
random,52238402
random,51508542
random,52680226
random,52644976
random,52992588
random,52967858
random,52746320
random,52774218
random,51843450
random,52894340
random,52611986
random,53069218
random,52250236
random,52949848
random,52806744
random,52933442
random,52774376
random,52679980
random,53135784
random,52429652
random,52689058
random,53120318
random,52646960
random,53184876
random,52986720
random,53120532
random,52606554
random,53109354
random,53100522
random,52336588
random,52753152
random,52962528
random,52322286
random,53025820
random,51830192
random,52567396
random,52782494
random,53274558
random,52781636
random,53034812
random,51886294
random,51964914
random,52949386
random,52712362
random,52607588
random,52547460
random,52876410
random,53047564
random,52914918
random,52620658
random,52635570
random,52781566
random,52727894
random,52624164
random,53128254
random,52363236
random,52835604
random,52853340
random,53108728
random,52635444
random,52479078
random,53049084
random,53043068
random,53266808
random,52295682
random,53091288
random,52512244
random,52907682
random,52058900
random,52960742
random,53021870
random,52974440
random,52609926
random,52896780
random,52280310
random,52346610
random,52647668
random,52728436
random,53079382
random,53342066
random,53046556
random,52989570
random,52862526
random,52607406
random,52492292
random,52919508
random,52795536
random,53262532
random,53085282
random,52924314
random,53116108
random,52981174
random,52928426
random,53048928
random,52814498
random,52449906
random,53141766
random,53068928
random,52395146
random,52271294
random,53016144
random,53075834
random,52999882
random,52933310
random,52245504
random,53109952
random,52675378
random,52426810
random,52336878
random,52597642
random,52736822
random,52993606
random,52686122
random,52410390
random,52654582
random,52638726
random,52807994
random,73243704
random,51816580
random,51869582
random,52856668
random,52043660
random,51940822
random,51887428
random,51910932
random,52110036
random,52709532
random,51178144
random,52743328
random,51965152
random,53252148
random,56506502
random,52425208
random,52120382
random,52504556
random,51933074
random,51624970
random,52581338
random,53149230
random,52171318
random,52453526
random,52343502
random,51942316
random,51922688
random,52457648
random,52658954
random,52857502
random,52649252
random,52794324
random,53358566
random,52973076
random,52478402
random,53101900
random,52366362
random,52900420
random,53221196
random,53658250
random,53149042
random,53083282
random,52560524
random,53069236
random,52374394
random,51535368
random,52694198
random,52323198
random,50956842
random,52149392
random,52755822
random,56251192
random,52705722
random,53702722
random,52187758
random,52108016
random,51763452
random,53778148
random,52773090
random,52326062
random,52312930
random,52069268
random,51720414
random,53040632
random,52500648
random,53064176
random,52977010
random,52185692
random,53019292
random,52875902
random,52475220
random,52695566
random,54051894
random,84193370
random,54728022
random,55214844
random,54604026
random,55026170
random,54530880
random,55628134
random,53552474
random,55200410
random,55231404
random,54446584
random,54171634
random,54340918
random,55615200
random,54451036
random,55182768
random,55390320
random,53934986
random,54629864
random,54722412
random,53690332
random,54044778
random,55715920
random,54598182
random,53613212
random,56196166
random,55418208
random,54747254
random,54779562
random,55000176
random,55562956
random,53816660
random,53655028
random,54288332
random,54858526
random,54963686
random,53168594
random,55907040
random,54770880
random,52966160
random,52667970
random,53050332
random,52859322
random,52996494
random,53059672
random,52916456
random,52831268
random,52940844
random,53241892
random,52913520
random,52609466
random,52305608
random,53155068
random,53026358
random,53054230
random,52989608
random,53081038
random,52818496
random,52786488
random,53058978
random,52852298
random,52331366
random,52850128
random,53108988
random,53106566
random,53007002
random,52912650
random,52821426
random,52762634
random,53157904
random,52603630
random,52881522
random,52629272
random,52863350
random,53007478
random,53106176
random,52938690
random,52600694
random,52723306
random,53028730
random,53130418
random,53020388
random,53012704
random,52818178
random,52891782
random,53287124
random,52461344
random,52942228
random,52854386
random,53446782
random,52983374
random,52984586
random,53022144
random,53081456
random,52946086
random,53199160
random,52902228
random,52992878
random,52521786
random,51891642
random,52719824
random,53237618
random,53090414
random,53079324
random,52878694
random,53026836
random,53089970
random,52632166
random,52905510
random,52909112
random,52739344
random,52899624
random,52674426
random,52935334
random,52981354
random,53053172
random,53125022
random,52581578
random,52683618
random,52851516
random,53109026
random,52779244
random,52701478
random,53290536
random,52676456
random,52894758
random,52862962
random,53053810
random,53163838
random,52934774
random,52680750
random,52753896
random,52835916
random,52153986
random,52939140
random,52610832
random,52525978
random,52690142
random,52927494
random,52634328
random,52849018
random,53196936
random,52298854
random,52251550
random,52371118
random,52853640
random,52942716
random,53054932
random,52791604
random,52973506
random,53134706
random,53364926
random,52089266
random,52938054
random,52951096
random,53059722
random,53233160
random,53223170
random,52960622
random,52567788
random,52541142
random,53022566
random,52920514
random,52847772
random,52165536
random,52725876
random,53094462
random,53084628
random,52886734
random,53140144
random,52612972
random,53268988
random,52508248
random,52710768
random,52787210
random,52793122
random,53228806
random,53092026
random,53121960
random,53002144
random,53020954
random,53097846
random,52693940
random,53033526
random,53112642
random,52494030
random,52802246
random,52345532
random,52996598
random,53033782
random,53010714
random,53288944
random,53107164
random,53051068
random,54278160
random,53345160
random,53286074
random,52263334
random,53480436
random,52840284
random,53616130
random,53146252
random,53034494
random,52508452
random,55178008
random,58033250
random,56187238
random,55443800
random,53216706
random,53162786
random,53444898
random,53429708
random,53550098
random,54560780
random,53327124
random,53450932
random,52724844
random,53105218
random,53284932
random,54996460
random,53153480
random,53038546
random,53476798
random,54281202
random,53447192
random,52682344
random,56162810
random,52816712
random,53875640
random,53108952
random,53670396
random,53013418
random,53077468
random,53406496
random,53275712
random,52863722
random,54447752
random,53749900
random,54178274
random,56066362
random,53470566
random,52936798
random,52767504
random,53531426
random,53088288
random,56961016
random,53724238
random,52579738
random,53399068
random,52759642
random,53412102
random,53318422
random,53407438
random,52747416
random,52794268
random,54504558
random,53329316
random,53892030
random,53441436
random,53390296
random,52580680
random,53003904
random,53882216
random,53527112
random,52748748
random,53113676
random,53034008
random,53138006
random,52656364
random,54627460
random,53459748
random,52996092
random,54383142
random,53372540
random,53057090
random,52775460
random,53113324
random,52985292
random,53185890
random,53068796
random,53057226
random,52966310
random,52979892
random,52750864
random,53136836
random,53091278
random,53048230
random,53059212
random,53110604
random,53039180
random,52749262
random,52658564
random,52878292
random,52712524
random,53007450
random,52753904
random,53082354
random,53079612
random,52814670
random,53109250
random,52943192
random,53033064
random,52369042
random,53122260
random,53034046
random,53089526
random,53067996
random,52868516
random,52968762
random,53206172
random,53060466
random,53243474
random,52857322
random,53243542
random,52926016
random,52995364
random,52978770
random,52963750
random,52831186
random,52862326
random,52988752
random,52773600
random,53203298
random,53057340
random,53010258
random,53078446
random,53267696
random,52903554
random,53293024
random,53074010
random,53086648
random,52969152
random,53195896
random,53171426
random,52636148
random,53121060
random,52922798
random,52816898
random,52909868
random,53051594
random,53120564
random,52993486
random,52974526
random,52347654
random,53087304
random,52634466
random,52698620
random,53100908
random,52910224
random,53108498
random,52693426
random,52945634
random,52886006
random,52741246
random,52339946
random,52947526
random,53088744
random,52701066
random,52705940
random,53123358
random,52947850
random,52967130
random,52832086
random,52984734
random,52796148
random,52433204
random,52992654
random,53017440
random,52906492
random,53127078
random,53022404
random,52993904
random,53017802
random,53049158
random,52716046
random,53283626
random,52888072
random,53159180
random,53034282
random,53227490
random,52927292
random,53028240
random,53188528
random,53130606
random,58114624
random,53109788
random,53005032
random,52938284
random,53101932
random,52912456
random,53283786
random,52836276
random,53015158
random,53069104
random,53050148
random,52713268
random,53042880
random,53028708
random,53197340
random,53110814
random,52601042
random,53057636
random,52976070
random,52760548
random,53119798
random,53067272
random,53029578
random,53098766
random,58907566
random,53530792
random,52990544
random,52956736
random,52818202
random,53009154
random,53009368
random,53115074
random,53127174
random,53075646
random,52840010
random,52803860
random,52838668
random,52985720
random,52999884
random,53183136
random,52887078
random,53115780
random,53076522
random,53259520
random,53060202
random,52955864
random,53057668
random,53177502
random,52765340
random,53065662
random,52899796
random,53038042
random,53092202
random,53026056
random,53055640
random,52968128
random,53306570
random,53144500
random,53333386
random,53023192
random,53030166
random,52818656
random,52499018
random,52958116
random,58184626
random,52946226
random,53094732
random,53233626
random,53211490
random,52995874
random,52379056
random,53048780
random,53054152
random,53133024
random,52982830
random,52956378
random,53101706
random,53041170
random,52835914
random,53091310
random,53330284
random,52918980
random,55595270
random,53158496
random,53103924
random,53179038
random,52734390
random,53378130
random,52991876
random,52629914
random,52967036
random,52875034
random,53161402
random,53058526
random,52923660
random,53315004
random,53226288
random,52793988
random,53028570
random,53053910
random,53028580
random,53093134
random,52996274
random,53074540
random,53172380
random,53287864
random,53143510
random,53082704
random,53308150
random,52979910
random,53025436
random,53117548
random,53008012
random,53068956
random,52781144
random,53156722
random,52974872
random,53086192
random,53092290
random,53282718
random,59008808
random,54663262
random,55097282
random,55350388
random,56662946
random,55388388
random,54916574
random,54833444
random,55627164
random,54873450
random,53070718
random,52495276
random,53060926
random,52809728
random,52674840
random,53126056
random,52794318
random,53068446
random,53012366
random,52804204
random,52986744
random,52956618
random,52617284
random,75267490
random,53222426
random,52891174
random,53033124
random,52938288
random,53161494
random,53019472
random,53039472
random,52992942
random,52746050
random,52953094
random,53066206
random,53208094
random,52971912
random,53125020
random,53165064
random,52737688
random,53142224
random,57766872
random,52967300
random,53029126
random,52993890
random,53179840
random,53167834
random,53038436
random,53056306
random,53198508
random,53193278
random,53400066
random,53090134
random,53060128
random,53071744
random,53057146
random,53135800
random,52723960
random,53105094
random,52857052
random,53135332
random,53440356
random,53198634
random,53162578
random,52907536
random,53019796
random,57139676
random,53075202
random,52962618
random,53313980
random,53108122
random,53014622
random,52842790
random,53261144
random,52825328
random,53114550
random,53008600
random,52891204
random,52841656
random,53354438
random,53029104
random,53075324
random,53240218
random,52690162
random,53087516
random,52821130
random,58748990
random,52889072
random,52707006
random,52617000
random,53225072
random,52258122
random,52652724
random,52916884
random,52588652
random,52823808
random,52699350
random,53113448
random,53069526
random,52764050
random,52985494
random,52890762
random,52839706
random,52940806
random,52966002
random,52885750
random,52939176
random,53123604
random,53025624
random,52846082
random,59325280
random,53127394
random,53158732
random,53005490
random,53027180
random,53066682
random,52982740
random,53008930
random,52763262
random,52965180
random,53460456
random,53629794
random,53076252
random,53177216
random,52935224
random,53111628
random,52892656
random,52900110
random,53012562
random,53095144
random,53129186
random,53085664
random,52530860
random,53914796
random,52928006
random,52715956
random,52593338
random,52840134
random,53081486
random,52963276
random,53028934
random,53113258
random,53048858
random,53069878
random,53080758
random,53264494
random,58821588
random,53142168
random,52940044
random,53014884
random,53044744
random,53020716
random,53064648
random,53024306
random,53106412
random,53269790
random,53037998
random,53047464
random,52997156
random,52827974
random,53007358
random,53063106
random,53213618
random,53313484
random,53039488
random,52944076
random,53223926
random,53036046
random,53044062
random,53005948
random,52990580
random,52809776
random,53257630
random,52020938
random,52591444
random,53106834
random,53049732
random,53104406
random,53174544
random,52914484
random,53016706
random,53082714
random,53066244
random,52789488
random,53272028
random,53006008
random,53016400
random,53251976
random,52777744
random,53190732
random,52927552
random,53063928
random,52756114
random,52579546
random,52165970
random,52939996
random,52544920
random,52796376
random,52872952
random,52522906
random,53223106
random,53137434
random,53004752
random,52922252
random,53265582
random,52915524
random,53090158
random,52597226
random,53093678
random,53056278
random,52841404
random,53014108
random,52422014
random,53160858
random,52895154
random,53087984
random,53147670
random,53081842
random,52924680
random,52868152
random,53102230
random,53161928
random,53113540
random,52934800
random,53385170
random,52995484
random,53335254
random,52931292
random,53004060
random,53127074
random,52895328
random,52830098
random,52671176
random,53046990
random,53223444
random,52881574
random,53170026
random,53051120
random,53151886
random,52894536
random,53324902
random,52824482
random,53072676
random,52643172
random,53096962
random,52775244
random,53093534
random,53316654
random,52875540
random,53001424
random,53012282
random,52256226
random,52392108
random,53303014
random,52967970
random,53136662
random,52868536
random,52904710
random,53065158
random,53002102
random,53265732
random,52802130
random,52971882
random,53129134
random,53170812
random,52805058
random,53139220
random,52353500
random,53285924
random,52962512
random,52425134
random,53089226
random,52122540
random,51924720
random,53061208
random,52943432
random,52892078
random,53047470
random,52588550
random,53014074
random,52817254
random,52403384
random,52651064
random,53062516
random,52662910
random,52952552
random,52372404
random,53016160
random,52960386
random,52916520
random,53162414
random,53356892
random,53184812
random,52109628
random,52695450
random,53228992
random,53016752
random,52861774
random,52827904
random,52984922
random,52989188
random,53006232
random,53171900
random,52685044
random,53027460
random,52998856
random,52883230
random,52677340
random,52955436
random,52868156
random,52999312
random,52981954
random,53006622
random,52904904
random,53208300
random,52864140
random,53211358
random,52981788
random,52966626
random,52957266
random,53107830
random,52544758
random,53190202
random,53027950
random,53465656
random,53215474
random,53542026
random,52882346
random,52629360
random,53017476
random,53144550
random,53060708
random,53159610
random,52925424
random,53056836
random,52455074
random,52819428
random,53092960
random,52992228
random,52784242
random,53217940
random,53144458
random,52600994
random,52984124
random,52411962
random,52792744
random,52538124
random,53164362
random,51755084
random,52923506
random,53434248
random,52768640
random,53118492
random,53042612
random,53120542
random,53094616
random,53103358
random,53142966
random,52738966
random,53544064
random,53390960
random,53095288
random,53218262
random,52884788
random,53046862
random,52745916
random,52927516
random,52968248
random,52953826
random,52973912
random,53084452
random,52996920
random,52428026
random,52993014
random,52796298
random,53274250
random,53038206
random,53233608
random,53063770
random,52981836
random,53117402
random,53239906
random,53181914
random,52938774
random,53105710
random,53079380
random,53155282
random,53125364
random,52512748
random,52905686
random,52588518
random,53243508
random,53158896
random,52811988
random,52886604
random,52696006
random,52626402
random,53262226
random,53062638
random,52815436
random,53090280
random,53309514
random,52931060
random,53388166
random,52448592
random,53022528
random,52740876
random,52991206
random,52857988
random,52388056
random,53145772
random,53132866
random,53224032
random,53015296
random,52953858
random,55365194
random,53082698
random,52728022
random,52714928
random,53395732
random,53109080
random,52867376
random,53213672
random,53251738
random,52687634
random,52748388
random,52975916
random,53283458
random,52182812
random,52442720
random,52670518
random,52381208
random,52533936
random,52962200
random,52815904
random,52760608
random,53202450
random,52603610
random,52823864
random,53090450
random,53955370
random,52343690
random,52910462
random,53287358
random,51502938
random,52726418
random,53079312
random,52640920
random,52955568
random,52921550
random,53187542
random,52946022
random,52303262
random,53133806
random,52900546
random,52905232
random,53188666
random,53313900
random,52423182
random,53358418
random,53105900
random,52985370
random,52568310
random,53704160
random,52467398
random,53001250
random,52975260
random,52980388
random,52980684
random,53103846
random,52891318
random,53179228
random,52916780
random,52973116
random,52178856
random,52907514
random,53203952
random,53133424
random,52602258
random,52934434
random,53056994
random,53159634
random,52961182
random,52855852
random,53055148
random,53122224
random,52758630
random,52429210
random,53002932
random,53214684
random,52947654
random,52981126
random,53123644
random,52955236
random,52895674
random,52331458
random,52677732
random,52995604
random,53194460
random,53224720
random,53027990
random,52430984
random,52631132
random,52979934
random,52962070
random,53186920
random,53409134
random,52956610
random,53109470
random,53109116
random,52886242
random,52946834
random,52932934
random,52589524
random,52984196
random,53050300
random,52503134
random,52827918
random,53092562
random,53222536
random,52580670
random,52418404
random,53050342
random,52752104
random,52307652
random,53044898
random,53115462
random,52825988
random,51877468
random,51891346
random,53095292
random,53056146
random,52814822
random,52967882
random,52709370
random,53018630
random,52993626
random,53134234
random,52300832
random,52602278
random,52774778
random,52467832
random,52975574
random,51670562
random,52206946
random,52587150
random,53010124
random,52239474
random,52158430
random,52420864
random,52367574
random,52386350
random,52924170
random,52545192
random,53173480
random,52275648
random,53045930
random,52904204
random,51896922
random,52780520
random,51732328
random,52343744
random,52468486
random,52433816
random,52848688
random,52655364
random,52895950
random,52938184
random,52255466
random,53015262
random,53031230
random,53123192
random,52720752
random,51899216
random,53003484
random,52510100
random,53148942
random,52175754
random,53120088
random,52427558
random,52715346
random,52866172
random,52980494
random,51992866
random,52797122
random,52864266
random,53212122
random,52999178
random,52591106
random,52987018
random,52073982
random,51932798
random,52511850
random,52546618
random,53008946
random,52669602
random,52819622
random,53058802
random,53108888
random,53052296
random,52979716
random,52644834
random,51925024
random,53097678
random,52189370
random,52516186
random,52726630
random,53287820
random,52522350
random,52425762
random,53054956
random,52853624
random,52488722
random,52453132
random,52410166
random,52961524
random,52816754
random,53146080
random,52881996
random,53215692
random,52928042
random,53175868
random,53255610
random,52717044
random,52683502
random,53079030
random,52509592
random,52737146
random,52774556
random,52456502
random,53146668
random,52670530
random,53023952
random,53012202
random,52480078
random,53000978
random,52700312
random,53095654
random,53288530
random,53138894
random,53021782
random,52454466
random,52992680
random,53072106
random,53272348
random,53140224
random,53050676
random,52675606
random,52685332
random,52262936
random,52744444
random,53093992
random,52940880
random,52187346
random,53088168
random,53209030
random,52912552
random,52693408
random,52024868
random,52492756
random,53101740
random,52731014
random,52957090
random,52908556
random,52847390
random,52934018
random,53023492
random,53015358
random,51999806
random,52993756
random,52718078
random,53352750
random,53243680
random,52176678
random,52771042
random,53173828
random,52796358
random,53018268
random,53112196
random,53072616
random,53218386
random,52822726
random,53016018
random,53219684
random,53368648
random,52926420
random,52746806
random,53025610
random,53072656
random,53188964
random,53010900
random,52994378
random,53014080
random,52881902
random,53083258
random,52979646
random,53219680
random,52759954
random,52799442
random,52208272
random,52934006
random,52631946
random,53375506
random,52055384
random,52696044
random,52539454
random,52217382
random,53114226
random,53225988
random,51708448
random,52548484
random,51627652
random,52492232
random,52107654
random,52115816
random,51481868
random,52601458
random,51491000
random,53159216
random,52439798
random,52091578
random,51813968
random,52464216
random,52321068
random,52033430
random,51545588
random,52849904
random,52998236
random,53115978
random,53128620
random,52884860
random,52903194
random,52938014
random,52949668
random,52916488
random,53079006
random,52596748
random,53090546
random,52280984
random,52504006
random,53185014
random,52560306
random,53059284
random,52425028
random,52877208
random,53233512
random,52761078
random,52352712
random,52962772
random,52780988
random,52692928
random,52309360
random,53019480
random,53299712
random,52782196
random,52134156
random,52565488
random,52803506
random,52955160
random,52436854
random,52016674
random,53396842
random,52618174
random,52772874
random,53130358
random,52827592
random,53282142
random,52723602
random,52855644
random,52451864
random,52900306
random,53142292
random,53634002
random,52977772
random,52970272
random,53144330
random,52844204
random,53162402
random,52979294
random,52952716
random,53037972
random,51900896
random,53185604
random,52737860
random,52870910
random,52841072
random,52735242
random,53069148
random,53142996
random,53153296
random,52648038
random,52796274
random,52962756
random,52150896
random,53675544
random,53004292
random,52736000
random,53010714
random,52655224
random,53066848
random,52334688
random,52526996
random,52224600
random,52265854
random,51454896
random,52604784
random,52639286
random,52197504
random,52684978
random,53305614
random,52714614
random,52818936
random,53001212
random,53027166
random,53165208
random,53050624
random,52813642
random,52974918
random,51990150
random,52948422
random,52862156
random,53069920
random,53105172
random,52795984
random,52875174
random,52486096
random,52514148
random,52597880
random,52507266
random,52789112
random,52689668
random,52520006
random,51553232
random,53014906
random,52558064
random,53007556
random,52383736
random,51530864
random,52210294
random,52723062
random,51921168
random,52286460
random,52330754
random,52692550
random,52836636
random,52967702
random,53032984
random,52481346
random,52750620
random,52157354
random,52331948
random,53100348
random,53067358
random,52439674
random,51918146
random,52950804
random,53021006
random,52742104
random,52868172
random,53215326
random,53009892
random,52809754
random,53031014
random,52879888
random,52958102
random,51969170
random,52625834
random,53120600
random,53158114
random,52229246
random,52990060
random,52389956
random,52276388
random,52193394
random,52981218
random,52321412
random,52018140
random,52318132
random,53103412
random,53172770
random,53088194
random,52844220
random,52439750
random,53057146
random,53221140
random,52857200
random,52590208
random,52665586
random,53340818
random,52474236
random,52041608
random,52559038
random,52093736
random,52399796
random,52912560
random,52724168
random,52937616
random,52835954
random,52679956
random,52963602
random,53066858
random,53012440
random,52520950
random,53437384
random,53083150
random,52521280
random,52800012
random,52391752
random,52312720
random,52559472
random,52723660
random,53169984
random,52877240
random,52781846
random,52969318
random,52754752
random,51775130
random,52559262
random,53205380
random,52233052
random,52750020
random,52803514
random,51904982
random,53083462
random,52785564
random,51994994
random,52604734
random,52475604
random,51965098
random,52769424
random,51721288
random,53220530
random,53271358
random,52160332
random,51491402
random,52424638
random,52877858
random,52794574
random,52390756
random,53058336
random,52944212
random,53201948
random,52698788
random,52699912
random,52949708
random,52395466
random,52851702
random,53122912
random,51798064
random,53130480
random,52034164
random,52171652
random,52066330
random,52790950
random,52557344
random,52037898
random,52947704
random,52983654
random,52957326
random,53018264
random,52915960
random,52783376
random,53170640
random,53185820
random,52469372
random,52955940
random,53046278
random,52964430
random,52872056
random,52755386
random,52088680
random,52252814
random,53196906
random,52822236
random,52621722
random,51640760
random,51506642
random,52035738
random,52751452
random,52630608
random,52311728
random,52877236
random,53315866
random,52786216
random,52884936
random,52847984
random,53167322
random,52769980
random,52460582
random,52868212
random,52719616
random,53030408
random,52787420
random,52816386
random,52840862
random,52387688
random,52733824
random,52567254
random,52790056
random,52402450
random,53013070
random,52949118
random,52970182
random,52534780
random,52444268
random,52932664
random,52378462
random,52491476
random,52974358
random,52907676
random,52147752
random,52329496
random,53235024
random,52216192
random,53154864
random,53012980
random,53120028
random,52878052
random,53129532
random,52824646
random,53016076
random,52617934
random,52865308
random,52351092
random,52249196
random,52457080
random,51806278
random,53267154
random,53096584
random,52930760
random,52930036
random,52667800
random,52992242
random,53240114
random,52197168
random,52977620
random,52036010
random,52936288
random,52082018
random,52281426
random,52680182
random,52660668
random,52308234
random,52525578
random,53245308
random,52451460
random,52683942
random,52293938
random,52495616
random,52815934
random,52831988
random,52720848
random,51940536
random,53055404
random,52514020
random,52721214
random,53038360
random,52821636
random,52190602
random,53010694
random,52784900
random,53138056
random,53530392
random,52039170
random,53877062
random,52297682
random,52349900
random,52536886
random,51990846
random,52459018
random,52283738
random,52724578
random,53031280
random,53093684
random,52456584
random,53079032
random,52491234
random,53233526
random,53149424
random,52905134
random,52790442
random,53255314
random,52774298
random,52900466
random,53100300
random,53178304
random,52452454
random,52767514
random,52849486
random,53090532
random,53107778
random,51960974
random,52156730
random,52274008
random,52965530
random,52589552
random,52508010
random,53182936
random,52978226
random,53056806
random,53699802
random,52477456
random,52645392
random,53157168
random,52845856
random,52027850
random,52495622
random,53228022
random,53288306
random,53042640
random,52857138
random,52670030
random,52431856
random,52412722
random,52839800
random,52958684
random,53010850
random,53084248
random,52827262
random,53004000
random,52571464
random,52951014
random,53071694
random,52835308
random,52658094
random,52389828
random,53216734
random,52661800
random,52483624
random,52989920
random,53052826
random,53042302
random,52541152
random,52726784
random,53092700
random,53020190
random,52419890
random,52910046
random,52777874
random,52489968
random,52360212
random,52547320
random,52456424
random,53337082
random,53148322
random,53123208
random,52655202
random,52450054
random,52858624
random,52938820
random,53383842
random,52865996
random,52635188
random,52678642
random,52751592
random,52042764
random,52247062
random,52456618
random,52671312
random,53043238
random,51942080
random,53004752
random,52230808
random,53116036
random,52451292
random,53111314
random,52965486
random,52993896
random,52387922
random,52254620
random,52575722
random,51821650
random,52718674
random,52885636
random,52861552
random,52750912
random,52992476
random,53416136
random,53188806
random,53175856
random,52899446
random,52476894
random,52139814
random,52548800
random,52994530
random,53129702
random,52207134
random,52698918
random,52275860
random,52353274
random,52787440
random,52019326
random,51651610
random,53102174
random,53025972
random,53170470
random,53088140
random,52606028
random,53274688
random,52730766
random,52882616
random,52873172
random,51704074
random,52908084
random,52856626
random,52847100
random,52933504
random,53561420
random,52728204
random,52715496
random,52827990
random,52862014
random,53224598
random,53088416
random,53272610
random,53012928
random,52753394
random,52016106
random,52611548
random,52820392
random,52710242
random,52918700
random,53050504
random,53009748
random,53024736
random,52742786
random,53316820
random,52563234
random,52984596
random,52908000
random,52834494
random,52701934
random,52660504
random,53170658
random,52953236
random,53166650
random,52549910
random,52979656
random,53007152
random,52501934
random,52700272
random,52427440
random,52546844
random,52026972
random,53060544
random,53094726
random,53315150
random,53184682
random,52997102
random,52993830
random,52999696
random,53083100
random,52942498
random,52560494
random,52782354
random,52684590
random,52974644
random,51854764
random,52776660
random,53103080
random,51776040
random,53108518
random,53391774
random,52336588
random,52944700
random,52306746
random,52987364
random,52802624
random,52105932
random,52990538
random,52973396
random,53006412
random,52471624
random,52372198
random,52676604
random,54077680
random,53105472
random,52929258
random,52664846
random,52981444
random,52251192
random,52772980
random,53052882
random,53241456
random,53036944
random,52781612
random,52846870
random,52140274
random,52829682
random,52706486
random,53154884
random,52464140
random,52936512
random,52586396
random,53371664
random,52924826
random,52992258
random,52162150
random,52746558
random,52947270
random,52413462
random,52748674
random,52125270
random,52827420
random,52938062
random,53106360
random,52499694
random,53030858
random,53152890
random,53301166
random,52482262
random,52162138
random,52415306
random,52988206
random,52916532
random,52958734
random,52401286
random,52715606
random,52955244
random,52592466
random,52696906
random,53232256
random,51874554
random,53185560
random,52642746
random,52775276
random,53199166
random,52946224
random,52941960
random,52859362
random,52109114
random,52618946
random,52744614
random,52349480
random,52545506
random,53152830
random,53003878
random,53033938
random,52736388
random,52777742
random,52998888
random,52466832
random,52565270
random,53005828
random,53175342
random,53047668
random,53175502
random,52068914
random,52776154
random,52735496
random,52432868
random,52547012
random,51932008
random,51832254
random,52699000
random,53012954
random,53257016
random,51971030
random,53222654
random,52634868
random,52392564
random,51671664
random,52934816
random,52714658
random,52854826
random,52568478
random,52985238
random,52583052
random,51984752
random,52173856
random,52836840
random,51687306
random,52419046
random,52507654
random,52948556
random,53011726
random,53024520
random,52650972
random,53213896
random,52796322
random,53038640
random,52845174
random,52279524
random,52834504
random,52792688
random,52769518
random,53225096
random,53045316
random,53170894
random,52933074
random,52238886
random,52665632
random,52983530
random,52841894
random,53423212
random,52712362
random,52399898
random,52939528
random,53070220
random,53013220
random,53000918
random,53113934
random,52195012
random,53041858
random,51886394
random,52768530
random,52522420
random,51402376
random,52450150
random,52886642
random,53103964
random,52704384
random,51315374
random,53259984
random,52328542
random,52404032
random,52357760
random,51863822
random,52574904
random,52728516
random,52952968
random,53115232
random,53300366
random,52534078
random,52421680
random,52194836
random,52076186
random,52339808
random,52316878
random,52783386
random,52980760
random,52968320
random,53105044
random,51657044
random,52814840
random,52045742
random,51935638
random,52891218
random,52427606
random,52997216
random,52866004
random,52569616
random,53084350
random,53167116
random,53139822
random,53218982
random,52929680
random,52365668
random,52699522
random,52948718
random,53088836
random,52959886
random,53073060
random,52583392
random,51030318
random,52446314
random,52149834
random,53428968
random,52517992
random,52825680
random,52665322
random,52632944
random,52605810
random,51831464
random,53081316
random,52830528
random,53108558
random,52565726
random,53054906
random,52913758
random,53146930
random,52635560
random,52189146
random,52246256
random,52636452
random,52093424
random,52707094
random,52861882
random,52054148
random,57197576
random,52229792
random,52271470
random,51813034
random,53178840
random,52820152
random,53152336
random,53225462
random,52644860
random,52908264
random,53289756
random,52968324
random,53096916
random,52647116
random,52862818
random,53306112
random,52065504
random,52548104
random,52790246
random,53004482
random,52876012
random,52472622
random,52361912
random,52362850
random,53076416
random,52640942
random,52739484
random,52928492
random,52491680
random,52091048
random,52583556
random,52942972
random,51819874
random,51896680
random,52509298
random,52948206
random,52083898
random,51494176
random,52016060
random,57666024
random,52377734
random,52324640
random,52922928
random,52696434
random,52432728
random,52092206
random,51399204
random,52473822
random,53047310
random,53115444
random,52443894
random,52794026
random,53070976
random,52822586
random,52549276
random,52663092
random,53098810
random,52945072
random,53287560
random,52847242
random,52998468
random,52977594
random,53018888
random,53130584
random,52980960
random,53049490
random,52640786
random,52952284
random,53270006
random,52084952
random,53214392
random,52789404
random,53176938
random,52975334
random,53005848
random,53136082
random,52913594
random,52646836
random,53079836
random,53167268
random,53135200
random,52910796
random,53194100
random,52996196
random,52496792
random,52782652
random,52485984
random,52741216
random,52653768
random,53176546
random,52955388
random,53116406
random,52980774
random,53002696
random,53262464
random,53263854
random,53020574
random,52978680
random,53065318
random,52753730
random,52832642
random,53066600
random,53216998
random,53099020
random,52982470
random,53165398
random,52634338
random,52647714
random,52922636
random,53219548
random,52690042
random,52794532
random,52844682
random,52992246
random,55821468
random,52977874
random,52378710
random,52993300
random,52987526
random,53118844
random,52879504
random,53029508
random,52814944
random,53285458
random,54540542
random,53442980
random,53224226
random,53358906
random,52969390
random,52864246
random,52735828
random,53129320
random,52662166
random,52964918
random,52902888
random,53004572
random,52658102
random,53174816
random,52703282
random,53035782
random,52416014
random,52621088
random,53130358
random,53150162
random,53984446
random,54514228
random,55632526
random,55214208
random,53735946
random,53037342
random,53745606
random,53076254
random,53128984
random,53167576
random,53073538
random,55232954
random,52630098
random,53023328
random,52969806
random,53021062
random,51885032
random,51677218
random,53011438
random,52829110
random,52833186
random,52472442
random,53194250
random,52958080
random,52316816
random,52391918
random,52880388
random,53052096
random,53009714
random,52219944
random,53120094
random,52781626
random,52404048
random,53124292
random,51992468
random,52955944
random,51464718
random,52948146
random,52698892
random,53336300
random,52791144
random,53138476
random,52853708
random,55389678
random,53034442
random,52988220
random,53200104
random,52945500
random,53152808
random,51803346
random,52025260
random,51434258
random,53120760
random,52292042
random,50924732
random,50811162
random,51449192
random,51392200
random,52578368
random,51813064
random,52645592
random,52294512
random,52550190
random,52944610
random,51772442
random,52034470
random,52996744
random,52329730
random,52124810
random,52534166
random,51239094
random,52051222
random,50930388
random,50985164
random,52514656
random,52332472
random,51357008
random,51117080
random,52693800
random,52870146
random,52522584
random,52496882
random,51755752
random,52112568
random,52034674
random,52273982
random,52879570
random,52139072
random,51636608
random,52732632
random,53216996
random,53026076
random,52538058
random,52052690
random,52204358
random,52197894
random,52206352
random,52351848
random,52524026
random,51372164
random,51717276
random,51412472
random,52258870
random,52964530
random,52988910
random,53255352
random,52581140
random,53024738
random,52103166
random,52817280
random,52567884
random,52852768
random,51886496
random,52687476
random,52125932
random,52906496
random,50845734
random,52983520
random,52962740
random,52812488
random,52097252
random,51339138
random,53446904
random,53130980
random,52637902
random,54966854
random,51362506
random,53059646
random,51544868
random,53248562
random,53159358
random,53165448
random,52600094
random,52648800
random,52899946
random,52913242
random,52967194
random,52529344
random,51201678
random,52348192
random,51556626
random,51942458
random,53036364
random,51965828
random,52313870
random,51845058
random,53065080
random,52876762
random,53221684
random,53107068
random,52185640
random,52318162
random,53126268
random,52869478
random,52859194
random,52994308
random,55241552
random,52748624
random,52586766
random,53096056
random,53141068
random,52740022
random,53138742
random,52766060
random,53037212
random,52879182
random,52733616
random,52332402
random,53022476
random,52395326
random,52890640
random,52820190
random,52549034
random,53375916
random,52269026
random,52810608
random,52948372
random,52557930
random,53033802
random,52724908
random,52541970
random,52566324
random,52963526
random,52545684
random,52518272
random,52832516
random,52017332
random,52952098
random,53104920
random,52992012
random,53083978
random,52613706
random,52933082
random,55022008
random,53044380
random,53051112
random,52770694
random,51293502
random,52962302
random,53241396
random,52939334
random,52640796
random,53041232
random,52713026
random,52923806
random,52963006
random,52837898
random,52433518
random,51987674
random,52396040
random,52450514
random,52687796
random,53284842
random,53017380
random,53002210
random,52737884
random,52656092
random,53017288
random,53031360
random,52933978
random,52736346
random,52437406
random,52943792
random,53043154
random,52823950
random,52968006
random,52943764
random,52697740
random,52951852
random,53049210
random,53103008
random,53036006
random,52974912
random,52550920
random,52564270
random,52574494
random,52424480
random,53081100
random,53027112
random,53058718
random,53293330
random,52895326
random,52979954
random,52062876
random,52367818
random,52745808
random,52955096
random,52084196
random,52507180
random,53209244
random,52552588
random,53174012
random,52612152
random,56084206
random,53050148
random,53308030
random,52761424
random,52668590
random,52913608
random,52662644
random,52540866
random,52973746
random,52584042
random,52598286
random,52842386
random,53451724
random,51356184
random,53227104
random,52954438
random,52570364
random,52275676
random,52957692
random,52595130
random,52994986
random,53026508
random,53231936
random,52099916
random,53189472
random,52803798
random,52577442
random,52876876
random,52790710
random,53065746
random,53046076
random,52070626
random,52158364
random,52973760
random,53530616
random,53184840
random,52757018
random,52529546
random,52817166
random,52507648
random,54309206
random,53001278
random,53052444
random,52834752
random,53017604
random,53149262
random,52875876
random,52905454
random,52443892
random,52458914
random,53074128
random,52633206
random,52986304
random,52000380
random,53107760
random,52551458
random,52770868
random,53066490
random,53085034
random,52617784
random,52878624
random,53115846
random,52974522
random,52967688
random,52794964
random,53046970
random,53127450
random,52513264
random,52708128
random,52469088
random,52289454
random,52795784
random,52587808
random,53067718
random,53279070
random,53000830
random,53070950
random,52971598
random,55003424
random,52912740
random,52931444
random,52329254
random,52553004
random,52961216
random,52285730
random,52327890
random,52900176
random,51270246
random,52919186
random,53085262
random,52949846
random,52171192
random,52860328
random,52204638
random,52680108
random,52627332
random,52689546
random,52914548
random,53130512
random,52535882
random,53113344
random,53050058
random,52665652
random,52799188
random,53059238
random,52846558
random,52334596
random,51982154
random,53021908
random,52714684
random,51741422
random,53096580
random,52183468
random,52242922
random,52980118
random,52138754
random,54734106
random,52914052
random,53235998
random,53107982
random,52896962
random,53037724
random,51452212
random,52776468
random,52433592
random,53182970
random,52405344
random,52083138
random,52520994
random,53164938
random,52900572
random,52524500
random,52310994
random,52189336
random,52004110
random,52438208
random,53016078
random,52681720
random,52092656
random,52582636
random,52543054
random,52923986
random,52795524
random,52399388
random,52545076
random,52799978
random,53267092
random,52501564
random,52854118
random,52971560
random,52753534
random,53011168
random,52999082
random,52899260
random,52790096
random,52323652
random,52688476
random,51921722
random,52646798
random,52811952
random,53061952
random,52699784
random,52789940
random,53245072
random,52922714
random,52638400
random,53145054
random,53220502
random,52396474
random,52603744
random,52915236
random,52606922
random,53428972
random,52642276
random,51993742
random,51277360
random,52840306
random,52361070
random,53148276
random,52154192
random,53373412
random,52176668
random,52826122
random,52559482
random,53189974
random,53231858
random,53052810
random,53182978
random,52855878
random,52742760
random,52627836
random,53145604
random,52753514
random,52571930
random,53164886
random,52442036
random,52973718
random,51871360
random,52967788
random,52839860
random,52032360
random,52912622
random,51832040
random,52686968
random,52844812
random,52595708
random,52212266
random,52953208
random,51903784
random,52888066
random,52688360
random,52412478
random,52978122
random,53216602
random,53356838
random,52831694
random,52833236
random,52930972
random,52412656
random,52095810
random,52998554
random,52701072
random,52492126
random,51595842
random,52640656
random,52924670
random,53304520
random,53237512
random,52117896
random,52599092
random,53162160
random,53050326
random,53090830
random,53298318
random,53045362
random,52439790
random,53047180
random,52772152
random,52718696
random,52429064
random,52859992
random,52328844
random,52027806
random,53104248
random,51901672
random,52754726
random,52683970
random,52993350
random,53110638
random,53201576
random,53225528
random,52541932
random,51700656
random,53273932
random,53120458
random,52642878
random,53119382
random,52301088
random,52762612
random,52730570
random,52593572
random,52645220
random,52469134
random,52672782
random,52751150
random,52538168
random,52999370
random,52438816
random,52403446
random,53055732
random,52460906
random,53104488
random,52877078
random,52902378
random,52736402
random,52570934
random,52765756
random,53013930
random,52302674
random,53396394
random,53036250
random,52784170
random,52975384
random,52663894
random,52940352
random,53102108
random,52761524
random,52283032
random,53358856
random,52998476
random,52288246
random,53047186
random,52995040
random,53024782
random,53147114
random,52703056
random,52945174
random,52780240
random,52596842
random,53115010
random,52938028
random,52578518
random,52988826
random,52982130
random,52310196
random,53060286
random,53135754
random,53193644
random,52494292
random,52802460
random,52784090
random,52979878
random,52590160
random,52476736
random,52233784
random,53081090
random,52332202
random,52911160
random,53140894
random,52878616
random,52082592
random,53054662
random,53280810
random,52998738
random,53370118
random,53039656
random,52381690
random,52140140
random,52876168
random,52735804
random,52976058
random,52725876
random,53052082
random,53122860
random,52936330
random,53144516
random,52753030
random,53125152
random,53394846
random,53255504
random,52440160
random,52883920
random,52859718
random,52720538
random,52874962
random,52554204
random,53183146
random,52987138
random,52541814
random,52827436
random,52723628
random,52613558
random,52454328
random,53221224
random,53036114
random,52350698
random,52781320
random,52921514
random,52877688
random,52520250
random,52001168
random,53126578
random,52527994
random,52415018
random,52743774
random,52956152
random,53102644
random,52804814
random,52775570
random,52852402
random,53018200
random,52841164
random,53084194
random,53136106
random,52851194
random,52803454
random,52508334
random,51836924
random,51797400
random,52465040
random,52499536
random,53669014
random,52389772
random,52191448
random,52485204
random,53053040
random,52997568
random,52802738
random,52566360
random,52953512
random,52610328
random,53090538
random,52809654
random,53001666
random,52848442
random,52844818
random,52501964
random,52814884
random,52548780
random,52570184
random,51186238
random,52831716
random,53116108
random,52425736
random,53100650
random,52761114
random,52589024
random,52709774
random,52990986
random,52954080
random,52997194
random,53153236
random,53238698
random,52878218
random,53008972
random,52212096
random,53143474
random,53189570
random,52124122
random,53002944
random,52652932
random,52087678
random,53352120
random,53092786
random,53032148
random,52207524
random,52558952
random,53177226
random,52996846
random,53082072
random,53227350
random,53431708
random,52728316
random,53264636
random,53143446
random,53179516
random,53132096
random,52913628
random,52707708
random,52252836
random,52883648
random,52566470
random,52792456
random,52465786
random,52953644
random,53072862
random,52910680
random,52947248
random,52241350
random,52728896
random,52871744
random,52705522
random,52786546
