class,cycles
fixed,200220418
fixed,194719466
fixed,202588558
fixed,196135946
fixed,199531342
fixed,204936872
fixed,198511428
fixed,194671896
fixed,193571730
fixed,195690954
fixed,194769308
fixed,194231876
fixed,196979730
fixed,204288960
fixed,191440362
fixed,193257976
fixed,196205770
fixed,195370946
fixed,197100112
fixed,228321314
fixed,194147240
fixed,197188274
fixed,198334534
fixed,194724058
fixed,203412942
fixed,193481168
fixed,202030116
fixed,195175586
fixed,196869256
fixed,194701552
fixed,196015474
fixed,196018684
fixed,195582306
fixed,195394852
fixed,194005490
fixed,195041784
fixed,197753392
fixed,195502772
fixed,194517434
fixed,196407268
fixed,195849638
fixed,201759584
fixed,193515434
fixed,195918046
fixed,198420972
fixed,195217916
fixed,194714420
fixed,194928746
fixed,196717314
fixed,195909578
fixed,195498994
fixed,196054692
fixed,195020884
fixed,196742056
fixed,200676728
fixed,196998890
fixed,194749392
fixed,194361920
fixed,191960816
fixed,193855746
fixed,193163704
fixed,192091698
fixed,199989776
fixed,196003948
fixed,192483550
fixed,190769060
fixed,194670472
fixed,196191044
fixed,198187104
fixed,197626548
fixed,198021288
fixed,196611970
fixed,194463200
fixed,196293742
fixed,196791712
fixed,196608744
fixed,198636934
fixed,199772380
fixed,197368694
fixed,199079658
fixed,209084996
fixed,194627490
fixed,196902900
fixed,197587676
fixed,196391066
fixed,197119318
fixed,198036122
fixed,196122572
fixed,197959812
fixed,199147594
fixed,199235110
fixed,201002036
fixed,200360528
fixed,196292506
fixed,196818968
fixed,196709510
fixed,199068048
fixed,198500398
fixed,196335226
fixed,198950326
fixed,198332070
fixed,202188160
fixed,199377788
fixed,197956832
fixed,197859548
fixed,199139530
fixed,199586114
fixed,199760678
fixed,199205932
fixed,199042462
fixed,216208386
fixed,224033154
fixed,226855688
fixed,199203298
fixed,201072920
fixed,193762150
fixed,199596112
fixed,199739502
fixed,199192296
fixed,200345978
fixed,199052862
fixed,198859774
fixed,198793886
fixed,199587174
fixed,200267540
fixed,206039930
fixed,199446766
fixed,201402714
fixed,202125202
fixed,199940432
fixed,200249054
fixed,200523588
fixed,201658864
fixed,200817478
fixed,202086680
fixed,201288420
fixed,200318192
fixed,201917186
fixed,199640730
fixed,199556552
fixed,196717792
fixed,197217056
fixed,202459320
fixed,199533686
fixed,198710892
fixed,198664512
fixed,202706652
fixed,201576804
fixed,197741806
fixed,200004702
fixed,198986186
fixed,198253964
fixed,197325484
fixed,198706836
fixed,196919556
fixed,200300890
fixed,196009244
fixed,192245988
fixed,193241348
fixed,190228334
fixed,191956368
fixed,194513930
fixed,198408760
fixed,193042488
fixed,194992210
fixed,192860266
fixed,198732406
fixed,192609800
fixed,194636050
fixed,193389568
fixed,196401092
fixed,197746776
fixed,191785952
fixed,190790362
fixed,194314560
fixed,193258414
fixed,194520248
fixed,197439120
fixed,194237368
fixed,191632792
fixed,196931894
fixed,191558842
fixed,194654188
fixed,194312580
fixed,196362112
fixed,193669684
fixed,190274822
fixed,191771508
fixed,191471872
fixed,193572388
fixed,195767810
fixed,193820858
fixed,193238580
fixed,192220354
fixed,192502026
fixed,195431818
fixed,197755726
fixed,191648118
fixed,197189750
fixed,192916498
fixed,195419356
fixed,194159202
fixed,194995828
fixed,193187774
fixed,193384028
fixed,194450178
fixed,192927776
fixed,193031488
fixed,191071760
fixed,191915950
fixed,194694452
fixed,193798582
fixed,193183400
fixed,194253900
fixed,192649486
fixed,194854118
fixed,192922360
fixed,191792220
fixed,193076456
fixed,194182988
fixed,196879444
fixed,193362056
fixed,193542468
fixed,192498584
fixed,193479474
fixed,191874898
fixed,195337672
fixed,191528708
fixed,192607594
fixed,189706700
fixed,194449690
fixed,192449506
fixed,193772584
fixed,194801226
fixed,194257102
fixed,190483364
fixed,193516976
fixed,190178918
fixed,195860820
fixed,191787274
fixed,195686184
fixed,194865148
fixed,192424692
fixed,193692836
fixed,194530012
fixed,203126832
fixed,194565032
fixed,196573572
fixed,191032294
fixed,192476992
fixed,195392958
fixed,195416074
fixed,192272146
fixed,192019156
fixed,199563880
fixed,194593536
fixed,195386746
fixed,197121882
fixed,192429828
fixed,191975172
fixed,192798664
fixed,194168750
fixed,193676278
fixed,192066604
fixed,198756362
fixed,189808008
fixed,192421558
fixed,192232488
fixed,192910364
fixed,196415842
fixed,191300856
fixed,190772784
fixed,196084448
fixed,190993320
fixed,188525884
fixed,190114130
fixed,196934434
fixed,193462612
fixed,189288956
fixed,195381738
fixed,194434240
fixed,196725150
fixed,193027600
fixed,198411028
fixed,191660110
fixed,193383938
fixed,195615774
fixed,192365572
fixed,188387170
fixed,191744686
fixed,194610502
fixed,196238268
fixed,194155910
fixed,192993934
fixed,192164422
fixed,192656956
fixed,196607398
fixed,195533934
fixed,194343904
fixed,193076398
fixed,190981184
fixed,193436420
fixed,190744658
fixed,192683364
fixed,192874506
fixed,189168524
fixed,191453382
fixed,194521698
fixed,192247714
fixed,193455190
fixed,193925012
fixed,190872614
fixed,193703004
fixed,196534282
fixed,194827776
fixed,191774564
fixed,194362084
fixed,192426536
fixed,190558476
fixed,196457836
fixed,191519678
fixed,190766136
fixed,190855624
fixed,192097046
fixed,191580778
fixed,191820646
fixed,191301816
fixed,193617838
fixed,197363032
fixed,189344038
fixed,191776094
fixed,191188948
fixed,190739290
fixed,188242500
fixed,193914712
fixed,194502298
fixed,195778436
fixed,196292300
fixed,191427672
fixed,197922568
fixed,194375542
fixed,192785296
fixed,192417456
fixed,191552100
fixed,195686222
fixed,192540344
fixed,196393634
fixed,195701312
fixed,194226666
fixed,194760624
fixed,195200912
fixed,193209790
fixed,192795518
fixed,191789650
fixed,192502896
fixed,195871194
fixed,191442926
fixed,200921358
fixed,192320586
fixed,193282688
fixed,193453864
fixed,193285766
fixed,194347464
fixed,192835406
fixed,191809284
fixed,192019622
fixed,196579010
fixed,193422426
fixed,193355022
fixed,194825746
fixed,191839794
fixed,193780762
fixed,195280716
fixed,193139386
fixed,195508644
fixed,193716312
fixed,194341942
fixed,192671242
fixed,191082786
fixed,190447706
fixed,189578490
fixed,191803294
fixed,192123692
fixed,192587348
fixed,190260840
fixed,190148126
fixed,192145028
fixed,191711344
fixed,191468498
fixed,193903588
fixed,194870690
fixed,191595112
fixed,192463994
fixed,194472254
fixed,192764852
fixed,193698926
fixed,191264356
fixed,194505666
fixed,193694430
fixed,196624978
fixed,193084662
fixed,195520414
fixed,191996542
fixed,193623712
fixed,189460926
fixed,190253456
fixed,196017722
fixed,192031220
fixed,195185156
fixed,190501484
fixed,198664086
fixed,193001288
fixed,197983792
fixed,195432558
fixed,189981932
fixed,193674204
fixed,196354396
fixed,193767238
fixed,193141966
fixed,196454058
fixed,194011398
fixed,195625992
fixed,193347428
fixed,192347350
fixed,195228154
fixed,195353258
fixed,195427096
fixed,197529378
fixed,196958724
fixed,195599010
fixed,197156970
fixed,194810208
fixed,196752038
fixed,195324436
fixed,196376454
fixed,197412324
fixed,197847664
fixed,198192886
fixed,196243950
fixed,197452222
fixed,200774598
fixed,198561138
fixed,196395990
fixed,200357738
fixed,196248130
fixed,199768624
fixed,196942726
fixed,196892240
fixed,198439146
fixed,199304254
fixed,198802418
fixed,196346592
fixed,197196106
fixed,197054130
fixed,198269044
fixed,199473940
fixed,196083454
fixed,197000204
fixed,201366516
fixed,199768416
fixed,198265824
fixed,199433566
fixed,198456252
fixed,201965828
fixed,199038382
fixed,202975126
fixed,198614438
fixed,196505882
fixed,200713910
fixed,199205696
fixed,200397468
fixed,199222904
fixed,202774926
fixed,200709490
fixed,202065148
fixed,198242628
fixed,199283066
fixed,199231208
fixed,198383082
fixed,199940636
fixed,198320474
fixed,200372386
fixed,200732524
fixed,199993762
fixed,200026668
fixed,199751504
fixed,199971330
fixed,216344934
fixed,201516870
fixed,200979862
fixed,198774736
fixed,199638416
fixed,199422986
fixed,200682342
fixed,198268930
fixed,198772852
fixed,196452494
fixed,197207346
fixed,198962652
fixed,198388894
fixed,198419404
fixed,202062718
fixed,200034580
fixed,199058112
fixed,193062306
fixed,195144212
fixed,199667010
fixed,197050332
fixed,194175734
fixed,197789770
fixed,199223728
fixed,195244558
fixed,194995012
fixed,191334662
fixed,188923986
fixed,190747476
fixed,188851028
fixed,195796826
fixed,190813810
fixed,191934208
fixed,192247172
fixed,194230478
fixed,192030316
fixed,192121258
fixed,192335080
fixed,193342212
fixed,192277500
fixed,191720718
fixed,190675474
fixed,191344102
fixed,194277780
fixed,193632168
fixed,193638118
fixed,191964932
fixed,192040240
fixed,192369200
fixed,193744412
fixed,189813568
fixed,192630564
fixed,193515116
fixed,192999484
fixed,188603768
fixed,189273886
fixed,188594300
fixed,191373354
fixed,192128282
fixed,194759738
fixed,193961182
fixed,189552312
fixed,195825250
fixed,196619432
fixed,193926164
fixed,194949864
fixed,193732750
fixed,192244150
fixed,194132954
fixed,193808340
fixed,197866356
fixed,190670252
fixed,189497080
fixed,189873092
fixed,192625098
fixed,192213384
fixed,191790648
fixed,192098282
fixed,193438920
fixed,191834844
fixed,191589236
fixed,192827576
fixed,189486700
fixed,189235814
fixed,192305060
fixed,191620592
fixed,189645218
fixed,192660692
fixed,189428618
fixed,194699230
fixed,191764154
fixed,193117730
fixed,189794202
fixed,190730982
fixed,192071008
fixed,192025536
fixed,194140640
fixed,188540894
fixed,188141788
fixed,191722974
fixed,191850874
fixed,193429918
fixed,192885542
fixed,194536074
fixed,194075550
fixed,194383322
fixed,196284404
fixed,190608594
fixed,192294934
fixed,193124774
fixed,190546838
fixed,190703704
fixed,194590202
fixed,193875176
fixed,192024940
fixed,190480024
fixed,193213326
fixed,196394332
fixed,191250808
fixed,191425280
fixed,191619088
fixed,195167430
fixed,193502174
fixed,192656550
fixed,191377662
fixed,192418976
fixed,193000898
fixed,197703890
fixed,191646592
fixed,192934230
fixed,197143830
fixed,193208256
fixed,193019530
fixed,192437828
fixed,194422878
fixed,194757710
fixed,191704458
fixed,192220764
fixed,194183826
fixed,191147994
fixed,193041068
fixed,190935456
fixed,190172492
fixed,195548802
fixed,191652992
fixed,191716748
fixed,194662938
fixed,196198414
fixed,194584984
fixed,197885898
fixed,195200988
fixed,196194748
fixed,193032032
fixed,190574008
fixed,193086626
fixed,196706418
fixed,192228672
fixed,196265292
fixed,195978926
fixed,193314150
fixed,192989444
fixed,193923398
fixed,191481926
fixed,194101616
fixed,192959086
fixed,191537166
fixed,193807264
fixed,194970506
fixed,196580834
fixed,191416520
fixed,193401176
fixed,190961738
fixed,192657494
fixed,193075742
fixed,192877164
fixed,191566644
fixed,195018422
fixed,189712588
fixed,195393708
fixed,191726190
fixed,196134902
fixed,191730048
fixed,193034500
fixed,195658838
fixed,193559676
fixed,195023614
fixed,193080810
fixed,203731872
fixed,193814142
fixed,193607882
fixed,192493624
fixed,194289218
fixed,195570144
fixed,192112108
fixed,194997438
fixed,193779528
fixed,197298250
fixed,193563544
fixed,195211370
fixed,193610438
fixed,195716586
fixed,191683200
fixed,191254632
fixed,190481296
fixed,191204460
fixed,191708438
fixed,195722146
fixed,196535368
fixed,197802854
fixed,197851640
fixed,204122576
fixed,198125340
fixed,197857270
fixed,196862624
fixed,196665172
fixed,198011666
fixed,197678900
fixed,196127094
fixed,195776414
fixed,195599308
fixed,197789284
fixed,196139250
fixed,194988086
fixed,194543060
fixed,195678108
fixed,195451822
fixed,195544054
fixed,197714354
fixed,196043792
fixed,196300878
fixed,195037726
fixed,197290096
fixed,194419380
fixed,195177074
fixed,194131106
fixed,194390728
fixed,194433990
fixed,196549836
fixed,196107232
fixed,190661808
fixed,194404384
fixed,193556754
fixed,193844734
fixed,194622520
fixed,195175100
fixed,192691470
fixed,196170624
fixed,195363238
fixed,197083096
fixed,195463404
fixed,196885922
fixed,195258152
fixed,195909726
fixed,197523692
fixed,197292166
fixed,195112988
fixed,194582450
fixed,194778138
fixed,203071726
fixed,197790986
fixed,197399828
fixed,195011306
fixed,196516422
fixed,198602556
fixed,199229220
fixed,195891366
fixed,195528028
fixed,196280836
fixed,197925340
fixed,201261176
fixed,200875768
fixed,197001512
fixed,196322784
fixed,197135272
fixed,195158730
fixed,195575098
fixed,199742900
fixed,197544754
fixed,197219008
fixed,200532388
fixed,195753976
fixed,196094190
fixed,197831806
fixed,197398908
fixed,202224132
fixed,197363876
fixed,195831350
fixed,195896972
fixed,197488058
fixed,198757236
fixed,194863362
fixed,198224768
fixed,194716494
fixed,195746516
fixed,199950028
fixed,197251628
fixed,198932764
fixed,194715588
fixed,195763002
fixed,195250234
fixed,195650886
fixed,198205746
fixed,197531824
fixed,201002008
fixed,197643656
fixed,198055180
fixed,197181256
fixed,197336700
fixed,197417748
fixed,199382362
fixed,198339564
fixed,201306890
fixed,201143698
fixed,199809802
fixed,197786716
fixed,200055334
fixed,204810730
fixed,197802400
fixed,197642610
fixed,202574006
fixed,198140090
fixed,202955140
fixed,202463332
fixed,199680678
fixed,197978248
fixed,199231572
fixed,201522582
fixed,199751972
fixed,201502820
fixed,200004628
fixed,197051150
fixed,199274604
fixed,199056180
fixed,199836590
fixed,201987468
fixed,196185058
fixed,196801314
fixed,200906646
fixed,201030368
fixed,201191546
fixed,199499598
fixed,204513068
fixed,199203596
fixed,202007128
fixed,201710164
fixed,200192760
fixed,201209016
fixed,199059464
fixed,198369966
fixed,201869226
fixed,199613098
fixed,198909190
fixed,202227244
fixed,199955136
fixed,200402870
fixed,199219934
fixed,201148016
fixed,199535656
fixed,200212090
fixed,202641484
fixed,199208282
fixed,199108780
fixed,200421186
fixed,198302496
fixed,198660510
fixed,198400936
fixed,198410102
fixed,198591668
fixed,198561970
fixed,198766860
fixed,203250754
fixed,199069924
fixed,201548592
fixed,198897938
fixed,200109632
fixed,198611092
fixed,197685336
fixed,197509310
fixed,196086182
fixed,200447156
fixed,201761730
fixed,200966162
fixed,197258724
fixed,195802484
fixed,198544868
fixed,199979944
fixed,200357132
fixed,198961150
fixed,197255854
fixed,196243510
fixed,195080536
fixed,197336502
fixed,195873508
fixed,195372736
fixed,195985590
fixed,195894374
fixed,196776100
fixed,195218910
fixed,195477298
fixed,196500606
fixed,197238592
fixed,196227462
fixed,195583858
fixed,194382134
fixed,194737754
fixed,193818092
fixed,197049240
fixed,195401632
fixed,192846042
fixed,195197848
fixed,195177420
fixed,192298312
fixed,195196144
fixed,194178536
fixed,191821450
fixed,194482286
fixed,195945250
fixed,197446244
fixed,196685446
fixed,192230054
fixed,197629012
fixed,193823880
fixed,194389372
fixed,196596540
fixed,193854484
fixed,195845284
fixed,195347250
fixed,194538136
fixed,194187730
fixed,195291770
fixed,195488412
fixed,195832976
fixed,196971936
fixed,193278470
fixed,195218436
fixed,197601058
fixed,195334524
fixed,193206800
fixed,194622844
fixed,192944248
fixed,192061052
fixed,195535942
fixed,191984582
fixed,197330596
fixed,194186504
fixed,197124570
fixed,197044608
fixed,193674670
fixed,198614708
fixed,193986990
fixed,195013036
fixed,192273970
fixed,196801386
fixed,196125222
fixed,193562334
fixed,190612606
fixed,192538194
fixed,194776280
fixed,195190996
fixed,194079576
fixed,187354892
fixed,193117940
fixed,190133864
fixed,190553622
fixed,187434852
fixed,190325812
fixed,190444972
fixed,193769298
fixed,189044814
fixed,191595502
fixed,192603180
fixed,192201140
fixed,196890280
fixed,195682492
fixed,200350758
fixed,196099744
fixed,191576970
fixed,193615518
fixed,198490738
fixed,195164634
fixed,192941892
fixed,197999886
fixed,194959236
fixed,196072846
fixed,195290426
fixed,195971256
fixed,195456628
fixed,196072460
fixed,199310632
fixed,196939632
fixed,195679120
fixed,198640452
fixed,195736750
fixed,196411688
fixed,195468170
fixed,196001894
fixed,195031308
fixed,197811238
fixed,195754074
fixed,193946132
fixed,194880238
fixed,195810202
fixed,193493626
fixed,194719728
fixed,197111468
fixed,197851716
fixed,196655854
fixed,196599046
fixed,197467922
fixed,194317634
fixed,196777764
fixed,196465228
fixed,196775204
fixed,195525468
fixed,198202102
fixed,197373092
fixed,196252920
fixed,197217238
fixed,195360296
fixed,195397238
fixed,198109250
fixed,197060958
fixed,195642150
fixed,196404088
fixed,197466564
fixed,197154076
fixed,196935422
fixed,195395028
fixed,198975346
fixed,193608644
fixed,197440440
fixed,196801090
fixed,194451198
fixed,195204922
fixed,196964922
fixed,194488750
fixed,196451096
fixed,197105836
fixed,196065906
fixed,196327572
fixed,195190100
fixed,195937830
fixed,196239324
fixed,197229614
fixed,195374024
fixed,198079042
fixed,195855252
fixed,197303648
fixed,198516638
fixed,196694634
fixed,194583504
fixed,194903470
fixed,194765728
fixed,193968862
fixed,193690358
fixed,196825006
fixed,194159192
fixed,194827348
fixed,195816362
fixed,194705332
fixed,193274792
fixed,195583178
fixed,198095664
fixed,195894450
fixed,195487366
fixed,194792536
fixed,195395730
fixed,194865978
fixed,196615848
fixed,193198248
fixed,196096356
fixed,196562290
fixed,198034396
fixed,195258860
fixed,196065496
fixed,194473212
fixed,194225574
fixed,193582268
fixed,195637894
fixed,194431730
fixed,193722554
fixed,194261850
fixed,194226098
fixed,194901318
fixed,195821434
fixed,194749762
fixed,194947994
fixed,194578906
fixed,194879198
fixed,189856306
fixed,191637896
fixed,192362586
fixed,192820010
fixed,190436558
fixed,195901244
fixed,196652114
fixed,194339406
fixed,192783830
fixed,195323022
fixed,195997178
fixed,190261548
fixed,195799806
fixed,193177410
fixed,197379996
fixed,193482862
fixed,193710532
fixed,189928734
fixed,195628238
fixed,191008238
fixed,192698136
fixed,192351228
fixed,191196636
fixed,191446692
fixed,193919042
fixed,195429054
fixed,195799970
fixed,195327618
fixed,196993636
fixed,195109202
fixed,196306360
fixed,195639566
fixed,197822082
fixed,194394556
fixed,196061164
fixed,197183814
fixed,195700830
fixed,195437264
fixed,195803436
fixed,195994512
fixed,195058016
fixed,197382014
fixed,197167280
fixed,198681722
fixed,198738436
fixed,198246530
fixed,199088522
fixed,198337306
fixed,196435630
fixed,197886276
fixed,197312932
fixed,198588064
fixed,198057878
fixed,197910474
fixed,196391400
fixed,198155582
fixed,198029818
fixed,197780950
fixed,196651382
fixed,196638590
fixed,197859700
fixed,196888392
fixed,197408782
fixed,197420740
fixed,197520678
fixed,196588874
fixed,196716838
fixed,198478632
fixed,196330358
fixed,198092220
fixed,197770958
fixed,198008484
fixed,196213856
fixed,197652666
fixed,196889796
fixed,197182334
fixed,198205602
fixed,197205034
fixed,195608344
fixed,197140150
fixed,192932598
fixed,194916678
fixed,195939200
fixed,199714878
fixed,195918754
fixed,194004020
fixed,196973800
fixed,195288048
fixed,196737486
fixed,195120234
fixed,195321286
fixed,195853980
fixed,198784712
fixed,196800738
fixed,198324990
fixed,197117502
fixed,197528692
fixed,202971746
fixed,200563366
fixed,199995858
fixed,198926008
fixed,199131138
fixed,198805546
fixed,201258468
fixed,199974662
fixed,197354486
fixed,199961014
fixed,202229132
fixed,199631800
fixed,198284490
fixed,196842784
fixed,197856072
fixed,199267330
fixed,197506724
fixed,196498308
fixed,199469656
fixed,198663492
fixed,198861150
fixed,195879426
fixed,200142606
fixed,197222108
fixed,196613622
fixed,199263654
fixed,199486920
fixed,199556146
fixed,198986574
fixed,202471492
fixed,198819720
fixed,199381002
fixed,196579852
fixed,199281702
fixed,199493018
fixed,199483632
fixed,203470676
fixed,200677720
fixed,199684412
fixed,199471760
fixed,200289780
fixed,199253486
fixed,199030914
fixed,201386460
fixed,200221232
fixed,200732808
fixed,198667344
fixed,199281578
fixed,199392462
fixed,199424774
fixed,198510622
fixed,199799010
fixed,201818442
fixed,199130192
fixed,199228502
fixed,201701382
fixed,201691376
fixed,198914754
fixed,200249876
fixed,196575672
fixed,195388168
fixed,199150260
fixed,200110032
fixed,198601160
fixed,198632054
fixed,199213486
fixed,199379046
fixed,197126260
fixed,198756398
fixed,196798488
fixed,197023130
fixed,194398832
fixed,195049410
fixed,194220374
fixed,192064986
fixed,190871192
fixed,193192406
fixed,195002332
fixed,192123106
fixed,197634214
fixed,193404240
fixed,193176890
fixed,192807844
fixed,192786516
fixed,194620266
fixed,191209248
fixed,195137010
fixed,190389714
fixed,193091412
fixed,196115962
fixed,194412676
fixed,191233918
fixed,193219728
fixed,192803708
fixed,194134516
fixed,192693518
fixed,194377144
fixed,192867276
fixed,192247462
fixed,196090800
fixed,194153282
fixed,192332966
fixed,194299052
fixed,194182238
fixed,193915728
fixed,198668344
fixed,195066554
fixed,192857074
fixed,190515738
fixed,193853614
fixed,191977372
fixed,193994540
fixed,194820852
fixed,192992604
fixed,194016620
fixed,193797492
fixed,191053716
fixed,195542278
fixed,194030570
fixed,198607776
fixed,195450898
fixed,195204438
fixed,189713490
fixed,193170892
fixed,191530074
fixed,193300144
fixed,194382546
fixed,189429292
fixed,192849642
fixed,196948860
fixed,202111000
fixed,193396766
fixed,195735664
fixed,191992492
fixed,189075318
fixed,193438072
fixed,197161594
fixed,193237604
fixed,195096116
fixed,194996344
fixed,188555752
fixed,189249576
fixed,189007670
fixed,195355366
fixed,188471854
fixed,192609298
fixed,193427114
fixed,194012200
fixed,198253254
fixed,194278232
fixed,194449110
fixed,190722330
fixed,195033038
fixed,194407034
fixed,192882906
fixed,195884594
fixed,192266102
fixed,190670248
fixed,194056718
fixed,191876686
fixed,193325366
fixed,202685294
fixed,197271488
fixed,191423354
fixed,191563026
fixed,193927330
fixed,191614546
fixed,194030728
fixed,190317564
fixed,193355912
fixed,193079722
fixed,192912618
fixed,193539416
fixed,193213440
fixed,192884104
fixed,193241848
fixed,194015718
fixed,198361812
fixed,193266036
fixed,196243788
fixed,197957348
fixed,191897802
fixed,198369384
fixed,195702502
fixed,195830838
fixed,190423324
fixed,195689658
fixed,191303276
fixed,195786830
fixed,200043606
fixed,195681912
fixed,194059620
fixed,189853890
fixed,193438378
fixed,192471352
fixed,192273040
fixed,193702888
fixed,193207960
fixed,196480128
fixed,194429142
fixed,190982340
fixed,194577576
fixed,192938810
fixed,192405154
fixed,192996078
fixed,193881666
fixed,195210088
fixed,192805420
fixed,193144610
fixed,196654190
fixed,193625112
fixed,194452154
fixed,195250456
fixed,192196868
fixed,193846488
fixed,194831076
fixed,191952128
fixed,201087890
fixed,193205694
fixed,198490830
fixed,194023286
fixed,193088774
fixed,193076124
fixed,193352756
fixed,194114950
fixed,196407146
fixed,192830228
fixed,191116796
fixed,195383290
fixed,191222732
fixed,190414166
fixed,196761186
fixed,194148564
fixed,192844012
fixed,191053458
fixed,192953250
fixed,193473114
fixed,194521044
fixed,194023430
fixed,194448154
fixed,192440288
fixed,194668596
fixed,192912240
fixed,192185664
fixed,192438472
fixed,193994346
fixed,195831150
fixed,197771102
fixed,192746824
fixed,195685572
fixed,192341402
fixed,196014494
fixed,195343108
fixed,191724852
fixed,199574564
fixed,191106006
fixed,192410512
fixed,192256496
fixed,197868090
fixed,194346440
fixed,195294552
fixed,190827954
fixed,198517328
fixed,195572486
fixed,196678684
fixed,192059786
fixed,195988166
fixed,193645212
fixed,192558556
fixed,194400196
fixed,195820720
fixed,195238126
fixed,193456788
fixed,190465796
fixed,189700096
fixed,194431630
fixed,191960292
fixed,190934872
fixed,193862668
fixed,193711382
fixed,195291006
fixed,194144286
fixed,193597178
fixed,194589612
fixed,191128292
fixed,192192912
fixed,194668356
fixed,194129864
fixed,193202940
fixed,193595708
fixed,195442924
fixed,199412344
fixed,200072384
fixed,195704896
fixed,195689000
fixed,195255864
fixed,194609444
fixed,195249410
fixed,197161720
fixed,197993628
fixed,196380646
fixed,203310692
fixed,195190302
fixed,196721600
fixed,196693596
fixed,198355952
fixed,195888644
fixed,195766870
fixed,196548050
fixed,197058158
fixed,194737582
fixed,199023274
fixed,193664550
fixed,200231606
fixed,197332758
fixed,196026100
fixed,196184422
fixed,195915192
fixed,195346658
fixed,196238852
fixed,196741918
fixed,199689094
fixed,196514174
fixed,197765658
fixed,199171924
fixed,194947596
fixed,198698646
fixed,195647508
fixed,198177696
fixed,197743384
fixed,196241136
fixed,196661218
fixed,196382556
fixed,197493304
fixed,195948140
fixed,202629912
fixed,191709140
fixed,192243918
fixed,195575282
fixed,196787884
fixed,196944120
fixed,207979604
fixed,206638288
fixed,207137702
fixed,204221254
fixed,203219882
fixed,198253430
fixed,199839296
fixed,199198778
fixed,202988638
fixed,198531192
fixed,198828920
fixed,207201368
fixed,200499318
fixed,198994044
fixed,197769822
fixed,199523774
fixed,199867634
fixed,199008862
fixed,198968832
fixed,196894204
fixed,197387650
fixed,196138268
fixed,200483368
fixed,197998390
fixed,198740156
fixed,199316910
fixed,202092846
fixed,197750380
fixed,197859470
fixed,196688068
fixed,199079858
fixed,199708008
fixed,200470618
fixed,200954362
fixed,202980226
fixed,199709154
fixed,201558894
fixed,198967668
fixed,198460214
fixed,196340916
fixed,195940208
fixed,199970156
fixed,198769556
fixed,198449744
fixed,200868492
fixed,198760386
fixed,202445558
fixed,198268036
fixed,203913998
fixed,199931488
fixed,201706948
fixed,200394096
fixed,199690250
fixed,198855392
fixed,204202594
fixed,198928922
fixed,200149376
fixed,199462404
fixed,199630664
fixed,200297122
fixed,200051578
fixed,200169752
fixed,199858654
fixed,200236340
fixed,198402594
fixed,199890660
fixed,201207876
fixed,198833878
fixed,198363492
fixed,199163158
fixed,199308442
fixed,199375008
fixed,199051278
fixed,196969912
fixed,195780580
fixed,197845476
fixed,198150274
fixed,194219934
fixed,193564638
fixed,194133104
fixed,193871134
fixed,195197850
fixed,197338648
fixed,196035312
fixed,193167894
fixed,190497880
fixed,191548942
fixed,192815580
fixed,192395398
fixed,191702696
fixed,198323360
fixed,195274596
fixed,192053708
fixed,192230542
fixed,193482754
fixed,188230784
fixed,186994542
fixed,191792548
fixed,191005990
fixed,193404076
fixed,192048826
fixed,189764470
fixed,188477298
fixed,191718734
fixed,193059940
fixed,193229446
fixed,190276718
fixed,191877768
fixed,194244472
fixed,191580860
fixed,194798786
fixed,191941686
fixed,195026884
fixed,192225776
fixed,193440982
fixed,192606594
fixed,192735032
fixed,193116260
fixed,191438432
fixed,193836746
fixed,193936772
fixed,194408198
fixed,194475652
fixed,192113606
fixed,194320702
fixed,194245666
fixed,188477320
fixed,195050386
fixed,194030716
fixed,194102146
fixed,200862348
fixed,193937540
fixed,191350202
fixed,197034980
fixed,192738618
fixed,192605632
fixed,191316396
fixed,191467748
fixed,192045452
fixed,196886856
fixed,191305812
fixed,194191662
fixed,193057390
fixed,190302798
fixed,192710066
fixed,190631118
fixed,191979008
fixed,193388078
fixed,193742348
fixed,191050186
fixed,194974378
fixed,198874428
fixed,192576374
fixed,191250844
fixed,195504422
fixed,196048848
fixed,190729214
fixed,193032550
fixed,191427468
fixed,190379098
fixed,191568916
fixed,192299998
fixed,194233232
fixed,190852418
fixed,191988098
fixed,189218362
fixed,193538200
fixed,195311116
fixed,191351212
fixed,196447582
fixed,193462884
fixed,191180054
fixed,193891736
fixed,198071330
fixed,201038192
fixed,192446516
fixed,188314134
fixed,196845692
fixed,193445274
fixed,195072544
fixed,193015050
fixed,195051468
fixed,197983264
fixed,195197074
fixed,198180894
fixed,195252550
fixed,191214054
fixed,190573410
fixed,191785100
fixed,194952076
fixed,194200484
fixed,191499136
fixed,193034866
fixed,195013742
fixed,193229388
fixed,193238938
fixed,194041004
fixed,193422446
fixed,192665150
fixed,192720588
fixed,211491068
fixed,217504078
fixed,233634830
fixed,196012494
fixed,193321032
fixed,193165690
fixed,194289974
fixed,194703230
fixed,192308790
fixed,192278552
fixed,194149156
fixed,195907508
fixed,193637022
fixed,193460636
fixed,189212464
fixed,191420230
fixed,195627630
fixed,193697758
fixed,192686362
fixed,189838978
fixed,194984418
fixed,195515702
fixed,192040650
fixed,194799164
fixed,189897898
fixed,192810080
fixed,199183646
fixed,193871118
fixed,191591006
fixed,188574706
fixed,197845514
fixed,193779436
fixed,200343202
fixed,197233634
fixed,192204972
fixed,194546888
fixed,191217218
fixed,196906840
fixed,192831290
fixed,191712810
fixed,190488360
fixed,192374660
fixed,195581464
fixed,192138656
fixed,198466210
fixed,193091968
fixed,194936914
fixed,198355378
fixed,191287460
fixed,194564768
fixed,190724570
fixed,194350092
fixed,193225814
fixed,194324130
fixed,192815662
fixed,193489270
fixed,192858244
fixed,192580894
fixed,192157788
fixed,193166026
fixed,191159528
fixed,191756924
fixed,195328656
fixed,194279304
fixed,193477052
fixed,198264770
fixed,195188892
fixed,190912730
fixed,196200160
fixed,198987030
fixed,193431628
fixed,193851886
fixed,193223944
fixed,196725588
fixed,196025468
fixed,194484864
fixed,191705846
fixed,191067626
fixed,193823392
fixed,194296988
fixed,194014796
fixed,191207722
fixed,196871066
fixed,195007760
fixed,193738508
fixed,193923312
fixed,198756440
fixed,192908170
fixed,191826694
fixed,191026154
fixed,193603216
fixed,196082524
fixed,192759342
fixed,192706864
fixed,196307226
fixed,192212144
fixed,192433550
fixed,194177974
fixed,197464990
fixed,193827164
fixed,194598694
fixed,191871876
fixed,194520476
fixed,195592182
fixed,192325344
fixed,198855322
fixed,192611922
fixed,191811310
fixed,192652760
fixed,194010418
fixed,197348948
fixed,194520628
fixed,193363906
fixed,195641230
fixed,195228658
fixed,193395394
fixed,194367166
fixed,192599642
fixed,196731040
fixed,193589014
fixed,193823656
fixed,191780562
fixed,188967614
fixed,199615724
fixed,191651624
fixed,191257882
fixed,193305198
fixed,193120376
fixed,191738636
fixed,193284070
fixed,194876298
fixed,196410194
fixed,193127902
fixed,191960284
fixed,189854246
fixed,195343568
fixed,195529952
fixed,191697018
fixed,191795508
fixed,196165776
fixed,193254520
fixed,194024626
fixed,196410306
fixed,197823306
fixed,196591534
fixed,193960824
fixed,193091854
fixed,195380918
fixed,195165438
fixed,190360254
fixed,192487372
fixed,193099296
fixed,195399942
fixed,198579580
fixed,197261952
fixed,199078606
fixed,198974466
fixed,199003242
fixed,196574682
fixed,197145156
fixed,197130026
fixed,199646110
fixed,199475916
fixed,196455898
fixed,199158142
fixed,201648970
fixed,200497508
fixed,198145572
fixed,197104892
fixed,198768766
fixed,196036302
fixed,198539094
fixed,199936546
fixed,198905700
fixed,196775046
fixed,196585856
fixed,197006272
fixed,196233888
fixed,200181362
fixed,201337778
fixed,200577700
fixed,197855560
fixed,197910514
fixed,195534610
fixed,201134100
fixed,200063114
fixed,198788956
fixed,200597646
fixed,199486110
fixed,206305918
fixed,200819928
fixed,199886680
fixed,200990874
fixed,198588890
fixed,204627058
fixed,220504406
fixed,209578036
fixed,194235342
fixed,196115914
fixed,198320628
fixed,198387422
fixed,198321308
fixed,198525858
fixed,199112466
fixed,198473906
fixed,199026618
fixed,198382202
fixed,199111458
fixed,201619332
fixed,198347592
fixed,199810058
fixed,200356906
fixed,198511454
fixed,199080310
fixed,199399444
fixed,201887224
fixed,198596974
fixed,199338242
fixed,199683020
fixed,199611934
fixed,199496066
fixed,200153012
fixed,200831912
fixed,197086062
fixed,197053846
fixed,200315938
fixed,200141290
fixed,201625058
fixed,197967588
fixed,199197776
fixed,200876768
fixed,199772998
fixed,194738354
fixed,194497432
fixed,195122102
fixed,196337100
fixed,194386340
fixed,193318500
fixed,199657658
fixed,198331300
fixed,197946778
fixed,193957538
fixed,190581546
fixed,192315450
fixed,194179688
fixed,193915128
fixed,197683546
fixed,195487994
fixed,197420848
fixed,193769378
fixed,194614876
fixed,193306534
fixed,194020488
fixed,193446708
fixed,196784070
fixed,193888700
fixed,190605938
fixed,191050478
fixed,196970822
fixed,191755720
fixed,191585698
fixed,193918902
fixed,190601020
fixed,189042778
fixed,193268268
fixed,190044104
fixed,196777422
fixed,193578052
fixed,195705564
fixed,191825172
fixed,191419942
fixed,192499644
fixed,197379394
fixed,192211274
fixed,190441306
fixed,192776430
fixed,195062276
fixed,192983370
fixed,193553330
fixed,193073384
fixed,188633778
fixed,192095188
fixed,196054720
fixed,194069264
fixed,193063084
fixed,190463254
fixed,193045664
fixed,192470134
fixed,197625578
fixed,197774370
fixed,192550946
fixed,192767166
fixed,191083654
fixed,192102364
fixed,192869676
fixed,196088846
fixed,194505502
fixed,193518570
fixed,195005958
fixed,193726184
fixed,196387044
fixed,195576426
fixed,193229370
fixed,194787114
fixed,192842254
fixed,192856012
fixed,192366906
fixed,192804668
fixed,194317570
fixed,191518354
fixed,200552424
fixed,193013740
fixed,199419874
fixed,192269476
fixed,189111406
fixed,191531032
fixed,193560052
fixed,193985032
fixed,198603816
fixed,192317346
fixed,201603746
fixed,196964518
fixed,196954762
fixed,194282032
fixed,192215844
fixed,194130766
fixed,191635750
fixed,192262500
fixed,191744494
fixed,191546290
fixed,197722564
fixed,196011368
fixed,193593638
fixed,199068660
fixed,195341926
fixed,194269594
fixed,196909856
fixed,197091392
fixed,191167934
fixed,193748314
fixed,197828382
fixed,194734224
fixed,194279850
fixed,195830862
fixed,195210872
fixed,196300252
fixed,194811904
fixed,191477978
fixed,197307732
fixed,192941572
fixed,192211894
fixed,191988636
fixed,193698178
fixed,194556858
fixed,192335422
fixed,194624282
fixed,194212684
fixed,193817394
fixed,192489196
fixed,192060818
fixed,190142724
fixed,195749686
fixed,194396014
fixed,195765462
fixed,194348116
fixed,193197772
fixed,191479238
fixed,197196030
fixed,191158270
fixed,194232152
fixed,193413488
fixed,208283248
fixed,217185390
fixed,193639428
fixed,195147446
fixed,192713056
fixed,198373450
fixed,194299700
fixed,194368298
fixed,193934296
fixed,193636578
fixed,195742188
fixed,195812492
fixed,196167284
fixed,194791848
fixed,194558698
fixed,196982226
fixed,195699016
fixed,197768832
fixed,198807454
fixed,196689908
fixed,196930314
fixed,196386364
fixed,197335626
fixed,196786036
fixed,194710260
fixed,196794518
fixed,197630364
fixed,196892238
fixed,197145638
fixed,195982124
fixed,197679930
fixed,197305612
fixed,196995918
fixed,195688480
fixed,194688088
fixed,198385858
fixed,195431282
fixed,197407032
fixed,193869390
fixed,197733208
fixed,196251400
fixed,198258732
fixed,196764918
fixed,197081908
fixed,198516802
fixed,195898360
fixed,196126040
fixed,197078934
fixed,197252770
fixed,199746500
fixed,197529440
fixed,197185734
fixed,201363808
fixed,198915840
fixed,199418794
fixed,197261042
fixed,196342048
fixed,197781898
fixed,198028314
fixed,198495164
fixed,195770272
fixed,197303526
fixed,196071612
fixed,196460734
fixed,198257738
fixed,195540388
fixed,195493792
fixed,193635188
fixed,195973154
fixed,193674362
fixed,196013076
fixed,196152148
fixed,195116334
fixed,212478450
fixed,208043302
fixed,193437008
fixed,193560910
fixed,189349128
fixed,193324212
fixed,192324478
fixed,191382284
fixed,195670302
fixed,195419078
fixed,192697096
fixed,195173332
fixed,192454546
fixed,194583562
fixed,195900104
fixed,193809812
fixed,194549140
fixed,198881860
fixed,195392134
fixed,195283514
fixed,196299468
fixed,193673234
fixed,192967758
fixed,192037442
fixed,195382324
fixed,197726382
fixed,195029126
fixed,194457204
fixed,195501418
fixed,196915856
fixed,191114422
fixed,195753648
fixed,194498258
fixed,192918302
fixed,193711472
fixed,197103150
fixed,192193984
fixed,194655166
fixed,193724410
fixed,199395416
fixed,193037020
fixed,195997730
fixed,195777996
fixed,194041490
fixed,192968858
fixed,192191484
fixed,193254950
fixed,198373630
fixed,194343280
fixed,199167726
fixed,196169258
fixed,199418050
fixed,196575068
fixed,196983376
fixed,198497240
fixed,200316758
fixed,205381562
fixed,197817818
fixed,195554448
fixed,198558052
fixed,198416956
fixed,199011114
fixed,196587916
fixed,197860902
fixed,199215176
fixed,195186294
fixed,198934322
fixed,199501336
fixed,197148086
fixed,198327942
fixed,198200238
fixed,196918110
fixed,197472338
fixed,198657998
fixed,198982650
fixed,199216192
fixed,197227498
fixed,199257156
fixed,197205718
fixed,198560340
fixed,198485916
fixed,198305120
fixed,200451196
fixed,198495930
fixed,198810800
fixed,202638096
fixed,198569654
fixed,198882118
fixed,198669330
fixed,201041754
fixed,197603686
fixed,198861846
fixed,203380950
fixed,198977444
fixed,198791660
fixed,198390528
fixed,199470756
fixed,198951640
fixed,198505916
fixed,200523422
fixed,198862056
fixed,199122690
fixed,200075856
fixed,198681096
fixed,200915490
fixed,199942970
fixed,199321252
fixed,199332194
fixed,198906274
fixed,202363836
fixed,198306954
fixed,198931976
fixed,198986830
fixed,205303972
fixed,198855780
fixed,199061330
fixed,199961274
fixed,199002600
fixed,202593004
fixed,199377234
fixed,200964712
fixed,199214636
fixed,201909972
fixed,198759538
fixed,199377910
fixed,199585102
fixed,198891792
fixed,196003386
fixed,194557100
fixed,197358324
fixed,198502746
fixed,197756578
fixed,197838046
fixed,197539312
fixed,197875462
fixed,199367724
fixed,198904044
fixed,196436428
fixed,192107012
fixed,193117502
fixed,194859904
fixed,197740892
fixed,195848704
fixed,196819256
fixed,196885846
fixed,195308600
fixed,198938246
fixed,196843694
fixed,195157538
fixed,196728968
fixed,194049064
fixed,194285858
fixed,193093240
fixed,196917432
fixed,191360048
fixed,191920520
fixed,192067758
fixed,194106964
fixed,197118154
fixed,191317438
fixed,197917458
fixed,195459544
fixed,190992614
fixed,190693906
fixed,194618042
fixed,196470226
fixed,198726998
fixed,194527544
fixed,197437750
fixed,194003232
fixed,197670894
fixed,193795732
fixed,195764336
fixed,193020230
fixed,194341326
fixed,195208780
fixed,195728764
fixed,196028440
fixed,196229594
fixed,199238536
fixed,196292808
fixed,195491142
fixed,196168018
fixed,192120788
fixed,197500356
fixed,194719708
fixed,197509982
fixed,199659038
fixed,195850240
fixed,197614452
fixed,192523524
fixed,192974186
fixed,195339696
fixed,190425880
fixed,198609504
fixed,194085820
fixed,191813136
fixed,192075950
fixed,196121894
fixed,193014418
fixed,195544310
fixed,193789426
fixed,195071782
fixed,194871146
fixed,199697404
fixed,194021350
fixed,194943254
fixed,196226734
fixed,195614752
fixed,195050624
fixed,193363278
fixed,194818214
fixed,195199588
fixed,199188836
fixed,187629966
fixed,194030704
fixed,191691962
fixed,192540116
fixed,192866458
fixed,193834208
fixed,191271046
fixed,194289166
fixed,193088434
fixed,194470790
fixed,192991450
fixed,195624714
fixed,195705598
fixed,199973976
fixed,197063162
fixed,201618946
fixed,195627396
fixed,197530570
fixed,194073714
fixed,193448824
fixed,192375576
fixed,193178044
fixed,193211402
fixed,194571724
fixed,197286578
fixed,193303180
fixed,197128134
fixed,196547286
fixed,198923410
fixed,193497208
fixed,195807064
fixed,192185250
fixed,191398080
fixed,192228004
fixed,199819878
fixed,196054950
fixed,196556326
fixed,195719356
fixed,193987102
fixed,195010662
fixed,192662848
fixed,191605878
fixed,198258160
fixed,192685278
fixed,196584492
fixed,195330580
fixed,197616476
fixed,194822392
fixed,194209546
fixed,194531532
fixed,197316194
fixed,197367436
fixed,193132786
fixed,197098200
fixed,196494396
fixed,195772060
fixed,194849328
fixed,194608276
fixed,195091348
fixed,198086986
fixed,196509868
fixed,195995226
fixed,194471888
fixed,196844106
fixed,193607646
fixed,194533626
fixed,198511688
fixed,195728612
fixed,194783036
fixed,195516178
fixed,194917160
fixed,196288958
fixed,194913734
fixed,195045756
fixed,196544954
fixed,195619646
fixed,192427606
fixed,194374384
fixed,194675674
fixed,195544934
fixed,194504562
fixed,195691214
fixed,194471306
fixed,193891906
fixed,194103114
fixed,195650590
fixed,192229080
fixed,193456228
fixed,196303554
fixed,196089070
fixed,191745642
fixed,196623022
fixed,195055194
fixed,196849330
fixed,197579052
fixed,198441878
fixed,195424540
fixed,195270654
fixed,195984164
fixed,199037606
fixed,196791318
fixed,196265146
fixed,197102034
fixed,194525234
fixed,194823622
fixed,195451448
fixed,194620928
fixed,195592282
fixed,194994076
fixed,195970436
fixed,195628564
fixed,195832652
fixed,191441492
fixed,194798148
fixed,195814510
fixed,197026440
fixed,197306660
fixed,197040982
fixed,195465840
fixed,193732302
fixed,194515134
fixed,195339620
fixed,197798316
fixed,195430914
fixed,198806578
fixed,192685952
fixed,194341372
fixed,195749898
fixed,191969546
fixed,194247668
fixed,196435226
fixed,196763962
fixed,195726262
fixed,195330232
fixed,194065944
fixed,194511486
fixed,192605678
fixed,192768152
fixed,197301488
fixed,193171144
fixed,188565648
fixed,196329808
fixed,193687440
fixed,189980692
fixed,198853576
fixed,192109938
fixed,194291166
fixed,199324358
fixed,194530876
fixed,193461506
fixed,195892918
fixed,195878944
fixed,195309110
fixed,195753648
fixed,195393486
fixed,197381044
fixed,196209718
fixed,195824082
fixed,197864194
fixed,196352282
fixed,200097126
fixed,195554932
fixed,199814654
fixed,197938932
fixed,196133520
fixed,193836002
fixed,193127748
fixed,198898426
fixed,195289974
fixed,190285222
fixed,192901096
fixed,191458626
fixed,192361626
fixed,194079574
fixed,191044060
fixed,189929102
fixed,194555074
fixed,194666712
fixed,193618614
fixed,191630498
fixed,197251478
fixed,193914994
fixed,191743882
fixed,192959102
fixed,193499784
fixed,192624746
fixed,197949018
fixed,190647908
fixed,190654800
fixed,193115424
fixed,189501986
fixed,190796270
fixed,197131988
fixed,188571060
fixed,193525266
fixed,195838208
fixed,193425814
fixed,227027974
fixed,196525576
fixed,193200310
fixed,196130360
fixed,192404328
fixed,190368964
fixed,194264362
fixed,198999724
fixed,198590058
fixed,195473172
fixed,196177758
fixed,194974840
fixed,204124002
fixed,198365796
fixed,200362206
fixed,201614410
fixed,200095082
fixed,195775774
fixed,197285876
fixed,195593468
fixed,200608324
fixed,195021538
fixed,198965130
fixed,198922214
fixed,197657774
fixed,195498790
fixed,200080394
fixed,196853890
fixed,199948702
fixed,202138814
fixed,200588736
fixed,195051240
fixed,196315786
fixed,199906332
fixed,199767196
fixed,200461440
fixed,201224740
fixed,200641236
fixed,199666780
fixed,203027818
fixed,202578282
fixed,200365144
fixed,200621180
fixed,200519932
fixed,202328160
fixed,201398618
fixed,199234396
fixed,200201834
fixed,200747706
fixed,200340176
fixed,202016204
fixed,200990892
fixed,200457626
fixed,200700348
fixed,206006678
fixed,199625624
fixed,200103204
fixed,202737200
fixed,202545982
fixed,203316078
fixed,200044888
fixed,200857178
fixed,200318470
fixed,200472428
fixed,201678312
fixed,200792566
fixed,199994672
fixed,200954614
fixed,201351602
fixed,201236728
fixed,200887486
fixed,199867086
fixed,199329174
fixed,196497674
fixed,196220918
fixed,200110958
fixed,199940234
fixed,199048292
fixed,196368806
fixed,198901824
fixed,198206022
fixed,198714278
fixed,195839512
fixed,197421854
fixed,196768908
fixed,193590730
fixed,194998456
fixed,197642120
fixed,193657392
fixed,195185442
fixed,198283652
fixed,192752118
fixed,191475228
fixed,199372348
fixed,194859742
fixed,194131496
fixed,192393624
fixed,193300270
fixed,198417308
fixed,193284452
fixed,195535728
fixed,192772468
fixed,195338088
fixed,192871890
fixed,192183418
fixed,194128646
fixed,192790232
fixed,193218538
fixed,194312260
fixed,194152468
fixed,195655736
fixed,201477530
fixed,195576274
fixed,198559774
fixed,194420434
fixed,195228276
fixed,198649446
fixed,195778382
fixed,192944566
fixed,196664200
fixed,191521406
fixed,195698310
fixed,193265990
fixed,199173710
fixed,195655082
fixed,194502720
fixed,194644330
fixed,192892128
fixed,192492438
fixed,193717388
fixed,196275232
fixed,193202308
fixed,194080896
fixed,195375882
fixed,191239568
fixed,195734856
fixed,193665398
fixed,195268446
fixed,194125232
fixed,192699010
fixed,196945176
fixed,193841372
fixed,192855214
fixed,191039092
fixed,192824536
fixed,193608054
fixed,193768208
fixed,194744336
fixed,192909186
fixed,191931442
fixed,195488060
fixed,197159996
fixed,196450012
fixed,195509618
fixed,195015216
fixed,194887270
fixed,195701826
fixed,194059800
fixed,195468482
fixed,196969902
fixed,194825572
fixed,193175782
fixed,192474334
fixed,193676064
fixed,196118944
fixed,195435168
fixed,197028428
fixed,196170596
fixed,193791776
fixed,196565900
fixed,195740240
fixed,192575160
fixed,193290204
fixed,193796366
fixed,195376782
fixed,194158140
fixed,197392522
fixed,198066732
fixed,190481934
fixed,196613338
fixed,192175280
fixed,193771418
fixed,195750048
fixed,196523212
fixed,193553544
fixed,191623312
fixed,199122008
fixed,198759690
fixed,192651026
fixed,192286576
fixed,194864624
fixed,195776230
fixed,194968384
fixed,194499518
fixed,192885178
fixed,199254614
fixed,193920802
fixed,193874564
fixed,192956166
fixed,193861852
fixed,195391778
fixed,193812350
fixed,194422934
fixed,196317136
fixed,194865836
fixed,195528798
fixed,205588930
fixed,195507792
fixed,192460896
fixed,195439442
fixed,196160080
fixed,195078590
fixed,194391636
fixed,193784878
fixed,195082468
fixed,194561022
fixed,191885856
fixed,196677382
fixed,192880094
fixed,195403658
fixed,194375304
fixed,193294310
fixed,196963458
fixed,194550816
fixed,194445658
fixed,193748190
fixed,194239276
fixed,199081202
fixed,196127044
fixed,197357264
fixed,197926986
fixed,198745214
fixed,194955044
fixed,195067360
fixed,196298150
fixed,199418446
fixed,196379786
fixed,197765956
fixed,195158066
fixed,194451276
fixed,199034202
fixed,196296784
fixed,196189382
fixed,193355278
fixed,193909596
fixed,198488024
fixed,196071946
fixed,196881252
fixed,195043062
fixed,193438112
fixed,192892656
fixed,194688076
fixed,194417124
fixed,198016770
fixed,197727508
fixed,198414926
fixed,196884618
fixed,204051198
fixed,198440494
fixed,196876668
fixed,195165530
fixed,195344532
fixed,198037840
fixed,196816776
fixed,193804750
fixed,195643160
fixed,196754764
fixed,199278776
fixed,194766370
fixed,196330700
fixed,195089738
fixed,193163108
fixed,194657594
fixed,194403060
fixed,194484206
fixed,194109134
fixed,195887764
fixed,198084998
fixed,199087578
fixed,195651084
fixed,197657336
fixed,197000642
fixed,194466540
fixed,198270532
fixed,196770946
fixed,196673176
fixed,196770654
fixed,196842580
fixed,196189990
fixed,197727608
fixed,194469048
fixed,201204452
fixed,188728504
fixed,190599934
fixed,194255288
fixed,190538076
fixed,193937146
fixed,193770336
fixed,192670512
fixed,188417420
fixed,190824328
fixed,194035486
fixed,193040356
fixed,193166972
fixed,193183646
fixed,201124886
fixed,193321496
fixed,191236010
fixed,193549928
fixed,193200444
fixed,197361024
fixed,191117632
fixed,193477908
fixed,191651690
fixed,192089166
fixed,192711750
fixed,192020876
fixed,192857280
fixed,193450342
fixed,192795202
fixed,193077740
fixed,192781284
fixed,193159346
fixed,194120032
fixed,195106022
fixed,193160280
fixed,192407584
fixed,197177730
fixed,193811512
fixed,191372254
fixed,193928718
fixed,190797712
fixed,191457712
fixed,191124078
fixed,190544152
fixed,192055306
fixed,193104682
fixed,193335258
fixed,193875280
fixed,192473620
fixed,194601560
fixed,201439136
fixed,194217838
fixed,197276720
fixed,191071618
fixed,191746794
fixed,191717306
fixed,191101946
fixed,197026502
fixed,192808812
fixed,195549430
fixed,193227748
fixed,193642954
fixed,191527280
fixed,205112468
fixed,192766528
fixed,193466778
fixed,193601872
fixed,195326310
fixed,194621182
fixed,196455116
fixed,195408690
fixed,192265598
fixed,194066612
fixed,196038828
fixed,193037988
fixed,196836782
fixed,197055436
fixed,196948426
fixed,196884524
fixed,198062326
fixed,199700428
fixed,198161432
fixed,198476482
fixed,198597742
fixed,198360936
fixed,196875032
fixed,198120170
fixed,199135178
fixed,199340916
fixed,195216596
fixed,199820540
fixed,196482488
fixed,200609432
fixed,195527222
fixed,198860408
fixed,201680150
fixed,203359328
fixed,199395896
fixed,194826102
fixed,197853448
fixed,200913270
fixed,200139158
fixed,200200530
fixed,200859180
fixed,202855426
fixed,200764942
fixed,200347114
fixed,198391378
fixed,195644654
fixed,197678386
fixed,198745318
fixed,200008636
fixed,199175832
fixed,199438038
fixed,199375180
fixed,199016318
fixed,200790144
fixed,203331702
fixed,200461272
fixed,199514830
fixed,200318272
fixed,198814462
fixed,203357512
fixed,199255602
fixed,199511074
fixed,198907680
fixed,199973448
fixed,201307236
fixed,198916962
fixed,200052940
fixed,199414796
fixed,199100140
fixed,199540648
fixed,199060162
fixed,202046704
fixed,199159132
fixed,201899682
fixed,200734914
fixed,201171618
fixed,202589354
fixed,199927538
fixed,200479112
fixed,199772862
fixed,198214062
fixed,203259236
fixed,198356150
fixed,199080184
fixed,196760258
fixed,198750212
fixed,200591910
fixed,199001626
fixed,196198852
fixed,199242606
fixed,199098120
fixed,196197848
fixed,195456514
fixed,199310528
fixed,191050022
fixed,196284072
fixed,191200032
fixed,195077000
fixed,193159224
fixed,196010146
fixed,194905836
fixed,193423980
fixed,190123916
fixed,193390864
fixed,196551196
fixed,195692894
fixed,191959394
fixed,195670272
fixed,191526946
fixed,192885762
fixed,193781558
fixed,193498686
fixed,194162216
fixed,192364616
fixed,191994982
fixed,192317290
fixed,192939844
fixed,191852454
fixed,194069732
fixed,193566294
fixed,194425334
fixed,194201444
fixed,194548410
fixed,196393756
fixed,195204778
fixed,193980246
fixed,195130508
fixed,193802482
fixed,195109540
fixed,193418662
fixed,192665686
fixed,191477492
fixed,193702940
fixed,192219650
fixed,192885776
fixed,194884812
fixed,194817686
fixed,190349280
fixed,192428488
fixed,192996070
fixed,191925502
fixed,193134024
fixed,194084210
fixed,192961672
fixed,191662024
fixed,188842894
fixed,193188296
fixed,192228516
fixed,191574262
fixed,193841058
fixed,192299984
fixed,191938504
fixed,191480166
fixed,192414518
fixed,191264328
fixed,190723096
fixed,194979196
fixed,193893748
fixed,192065434
fixed,194077834
fixed,192759728
fixed,194226104
fixed,194435194
fixed,196269922
fixed,191894800
fixed,193577410
fixed,188265250
fixed,195854342
fixed,192379432
fixed,192819014
fixed,191937522
fixed,193154918
fixed,193320746
fixed,193277830
fixed,193633130
fixed,192980766
fixed,193189028
fixed,192177616
fixed,193729030
fixed,194643394
fixed,191711734
fixed,192022974
fixed,193380336
fixed,192837288
fixed,191617020
fixed,192085156
fixed,193279656
fixed,194344724
fixed,194775904
fixed,197197130
fixed,196284702
fixed,196008972
fixed,199258694
fixed,196650734
fixed,194250006
fixed,194560780
fixed,196169976
fixed,194559008
fixed,194077914
fixed,195296410
fixed,196395886
fixed,193791690
fixed,192969634
fixed,194732332
fixed,194520776
fixed,190585900
fixed,191951312
fixed,196438838
fixed,192993910
fixed,192035376
fixed,193067986
fixed,196133934
fixed,190943954
fixed,192096300
fixed,192102418
fixed,195671602
fixed,194877326
fixed,194740310
fixed,190949840
fixed,194859950
fixed,194986384
fixed,195651290
fixed,193937610
fixed,195381460
fixed,193281778
fixed,192825222
fixed,197440188
fixed,193505406
fixed,196825700
fixed,193329180
fixed,191394758
fixed,194712498
fixed,193074812
fixed,195958214
fixed,196905662
fixed,195069362
fixed,194601454
fixed,194721266
fixed,198246724
fixed,191503152
fixed,192408104
fixed,192974880
fixed,195914096
fixed,191831366
fixed,194436064
fixed,194051880
fixed,192482644
fixed,194574012
fixed,191790620
fixed,198898948
fixed,193299206
fixed,196181452
fixed,196219440
fixed,196780324
fixed,195450542
fixed,193442626
fixed,192909936
fixed,192667074
fixed,193042440
fixed,191788508
fixed,190790284
fixed,191832064
fixed,189992632
fixed,191792472
fixed,189681978
fixed,191312602
fixed,193375726
fixed,193946242
fixed,190402004
fixed,193062848
fixed,189869032
fixed,193602650
fixed,191331152
fixed,192343638
fixed,190573326
fixed,193219010
fixed,192097678
fixed,190288896
fixed,191499652
fixed,191554284
fixed,191314458
fixed,192615298
fixed,194351218
fixed,195930778
fixed,194255270
fixed,193082458
fixed,199452606
fixed,191741270
fixed,193539744
fixed,194301804
fixed,193673934
fixed,193377430
fixed,192684494
fixed,193481046
fixed,194725772
fixed,190871038
fixed,192256328
fixed,193576766
fixed,195355842
fixed,194085566
fixed,194784352
fixed,193492506
fixed,194153836
fixed,192473440
fixed,193010800
fixed,191123352
fixed,190444950
fixed,192898528
fixed,195258290
fixed,197959902
fixed,194584390
fixed,194628604
fixed,191952974
fixed,193559710
fixed,194357598
fixed,191588568
fixed,191366928
fixed,196902092
fixed,192529782
fixed,196099148
fixed,190841638
fixed,191569814
fixed,195308858
fixed,197989698
fixed,191878314
fixed,192631990
fixed,191342900
fixed,192480430
fixed,190146172
fixed,198385256
fixed,194258658
fixed,194044340
fixed,193044792
fixed,193280684
fixed,189802454
fixed,193888012
fixed,197147818
fixed,197447146
fixed,193838962
fixed,191820130
fixed,190588310
fixed,192143802
fixed,191500024
fixed,193569984
fixed,192222562
fixed,193004560
fixed,193677464
fixed,190378852
fixed,194944838
fixed,193607294
fixed,189809348
fixed,187714444
fixed,191711468
fixed,189558606
fixed,194842724
fixed,195149484
fixed,197945832
fixed,196339366
fixed,194921350
fixed,193978266
fixed,196722796
fixed,195060138
fixed,190552080
fixed,190935190
fixed,191086420
fixed,190195828
fixed,189381860
fixed,197681290
fixed,192118492
fixed,193648904
fixed,189357588
fixed,191865910
fixed,194301148
fixed,191691280
fixed,193067988
fixed,195193576
fixed,191642802
fixed,192383966
fixed,190233994
fixed,191511472
fixed,197579600
fixed,191796156
fixed,191883390
fixed,197824958
fixed,193049768
fixed,195026146
fixed,196980400
fixed,198028436
fixed,198097572
fixed,195684806
fixed,196285662
fixed,194831528
fixed,195555760
fixed,197265442
fixed,195530320
fixed,194636978
fixed,194319092
fixed,193354456
fixed,200953428
fixed,198759160
fixed,198380134
fixed,197324278
fixed,195361078
fixed,197663298
fixed,199047914
fixed,195478050
fixed,199853224
fixed,200560620
fixed,198409186
fixed,196326902
fixed,200781718
fixed,196113638
fixed,196880758
fixed,199565916
fixed,198212474
fixed,197346820
fixed,198780782
fixed,199793980
fixed,197803708
fixed,204218620
fixed,200957606
fixed,196177376
fixed,200421522
fixed,199416284
fixed,200669696
fixed,200732924
fixed,203274666
fixed,200845800
fixed,199506836
fixed,199309716
fixed,199221444
fixed,199343682
fixed,201155770
fixed,198934240
fixed,197186010
fixed,197634200
fixed,199855228
fixed,199013632
fixed,200376900
fixed,200337938
fixed,199238882
fixed,201991230
fixed,199915946
fixed,200865870
fixed,202464804
fixed,199397790
fixed,200031518
fixed,198451296
fixed,198374886
fixed,199659736
fixed,198793334
fixed,201223308
fixed,199843166
fixed,198251442
fixed,198484296
fixed,201135964
fixed,198564426
fixed,199986264
fixed,199187636
fixed,199661804
fixed,199433948
fixed,200915220
fixed,199006166
fixed,199702476
fixed,197466016
fixed,196558470
fixed,199102984
fixed,200516824
fixed,200128670
fixed,199428772
fixed,199898732
fixed,200039948
fixed,202280560
fixed,191488138
fixed,191911530
fixed,190892396
fixed,192991346
fixed,194050172
fixed,198500290
fixed,192124178
fixed,190317828
fixed,197985444
fixed,193067868
fixed,191850686
fixed,193055564
fixed,194754488
fixed,189377110
fixed,189714266
fixed,194822460
fixed,192664462
fixed,192680486
fixed,191880084
fixed,192402108
fixed,189235910
fixed,193870640
fixed,191311662
fixed,197537834
fixed,192808882
fixed,190547636
fixed,192263198
fixed,193782634
fixed,193214112
fixed,189445904
fixed,195703514
fixed,193441516
fixed,192304798
fixed,191225836
fixed,195555916
fixed,192288770
fixed,192324686
fixed,192981100
fixed,192062130
fixed,193985228
fixed,191867098
fixed,191125088
fixed,190433334
fixed,189358552
fixed,190880374
fixed,192214468
fixed,192264426
fixed,194288456
fixed,192559342
fixed,192727568
fixed,191250006
fixed,190039718
fixed,193183000
fixed,191439444
fixed,192662986
fixed,196022808
fixed,193088634
fixed,190201158
fixed,189796936
fixed,193392406
fixed,193809360
fixed,193115606
fixed,191080866
fixed,191596016
fixed,191095580
fixed,194526196
fixed,195608542
fixed,191978244
fixed,193697890
fixed,189955916
fixed,188865388
fixed,191215106
fixed,191175972
fixed,190852160
fixed,196419960
fixed,192097734
fixed,197108472
fixed,190700216
fixed,191587134
fixed,194220780
fixed,193538168
fixed,189391306
fixed,190842952
fixed,192207728
fixed,191777992
fixed,191089874
fixed,190582608
fixed,193298844
fixed,191636980
fixed,192456040
fixed,191889092
fixed,190759804
fixed,192817020
fixed,191393150
fixed,193769450
fixed,192914102
fixed,194214652
fixed,194126186
fixed,193597278
fixed,192361690
fixed,193001856
fixed,194332808
fixed,193367558
fixed,190055332
fixed,195429484
fixed,191676698
fixed,189210356
fixed,190981884
fixed,196441526
fixed,194402368
fixed,194101756
fixed,192590172
fixed,192149134
fixed,193279900
fixed,191462246
fixed,192254860
fixed,195729662
fixed,193524298
fixed,195229814
fixed,193358180
fixed,190824862
fixed,192616194
fixed,192518804
fixed,191171226
fixed,195069156
fixed,192274558
fixed,192728380
fixed,191455156
fixed,200341840
fixed,191355280
fixed,195566818
fixed,189620066
fixed,193230484
fixed,198026670
fixed,191028680
fixed,193583792
fixed,191477830
fixed,191607710
fixed,198247640
fixed,190939564
fixed,191128606
fixed,191203912
fixed,196453460
fixed,192839746
fixed,195621632
fixed,189892466
fixed,192291684
fixed,192492034
fixed,192696140
fixed,193994160
fixed,192737158
fixed,192421172
fixed,195524754
fixed,193566738
fixed,192839244
fixed,195447986
fixed,190857414
fixed,192730224
fixed,195271328
fixed,194015196
fixed,198273558
fixed,196813170
fixed,193244854
fixed,195926546
fixed,192232192
fixed,192593460
fixed,194755810
fixed,194895808
fixed,192509444
fixed,196190186
fixed,190812844
fixed,190238846
fixed,192369442
fixed,197708010
fixed,195158002
fixed,193399822
fixed,191374232
fixed,193037356
fixed,190411606
fixed,194892650
fixed,190305858
fixed,194582784
fixed,190982988
fixed,191040842
fixed,191946636
fixed,194580020
fixed,188900732
fixed,192108626
fixed,190479692
fixed,193058976
fixed,192150310
fixed,188812532
fixed,196003672
fixed,194965102
fixed,188403264
fixed,191177504
fixed,191580144
fixed,192171776
fixed,192939832
fixed,192615758
fixed,194102096
fixed,191562748
fixed,200393006
fixed,192418370
fixed,195422218
fixed,193383220
fixed,194547886
fixed,193154546
fixed,192371032
fixed,195704934
fixed,197494150
fixed,195535650
fixed,192769036
fixed,193685180
fixed,194944570
fixed,198420944
fixed,194026736
fixed,191708054
fixed,192119854
fixed,191612742
fixed,194050738
fixed,192333620
fixed,190846418
fixed,192080962
fixed,195809682
fixed,192643908
fixed,193381300
fixed,194534100
fixed,197056718
fixed,194387740
fixed,194910110
fixed,193414400
fixed,192812828
fixed,189193324
fixed,191620918
fixed,192851048
fixed,193171012
fixed,193871520
fixed,197057430
fixed,192836610
fixed,194046078
fixed,191997042
fixed,191506440
fixed,192858724
fixed,194191714
fixed,192330500
fixed,192177424
fixed,194245610
fixed,195263414
fixed,193828062
fixed,193218042
fixed,193680562
fixed,197653800
fixed,196964964
fixed,195631706
fixed,191822250
fixed,195284490
fixed,194719962
fixed,193831754
fixed,192288794
fixed,192633916
fixed,192092742
fixed,194186962
fixed,192748930
fixed,195064540
fixed,192669820
fixed,194915942
fixed,192881906
fixed,192419072
fixed,190587744
fixed,193958194
fixed,193415494
fixed,191387718
fixed,193274774
fixed,195466898
fixed,189963648
fixed,189757872
fixed,192233632
fixed,193820648
fixed,197430978
fixed,196946468
fixed,196980868
fixed,196647824
fixed,195051944
fixed,199446358
fixed,196588944
fixed,197356730
fixed,197749328
fixed,197182856
fixed,198563730
fixed,197071744
fixed,197658524
fixed,198590292
fixed,198040108
fixed,196765970
fixed,197157204
fixed,198957692
fixed,200730278
fixed,201999374
fixed,195885948
fixed,196820754
fixed,196775574
fixed,199336058
fixed,196882870
fixed,195973732
fixed,224023072
fixed,198947656
fixed,201453526
fixed,197498512
fixed,200783186
fixed,197835942
fixed,202067148
fixed,199998806
fixed,200213212
fixed,199824886
fixed,199588778
fixed,199741638
fixed,199743080
fixed,200397768
fixed,198654776
fixed,198799372
fixed,198075216
fixed,196377898
fixed,198337810
fixed,199518958
fixed,199509748
fixed,198342460
fixed,198717168
fixed,198812836
fixed,198647526
fixed,198695096
fixed,200022706
fixed,198437212
fixed,199444986
fixed,200239810
fixed,199538244
fixed,199038756
fixed,199813546
fixed,224095496
fixed,201803756
fixed,199149822
fixed,199471214
fixed,200566340
fixed,200645308
fixed,199882590
fixed,200581302
fixed,199592674
fixed,196659740
fixed,197458696
fixed,199706836
fixed,199148484
fixed,198573416
fixed,202216944
fixed,195775176
fixed,201673278
fixed,195991294
fixed,195464346
fixed,193346788
fixed,197035042
fixed,198120850
fixed,194882876
fixed,196810704
fixed,198314634
fixed,191423388
fixed,195475372
fixed,194166418
fixed,195894954
fixed,194153618
fixed,190547748
fixed,192172236
fixed,191287558
fixed,197692326
fixed,194109146
fixed,194063014
fixed,192537498
fixed,196596582
fixed,194772464
fixed,192352052
fixed,191956156
fixed,193137792
fixed,193991838
fixed,197376024
fixed,192104874
fixed,191598814
fixed,194722740
fixed,196944150
fixed,193064110
fixed,194170798
fixed,190822874
fixed,199032502
fixed,196940710
fixed,193605790
fixed,195760078
fixed,190677142
fixed,198807106
fixed,191541148
fixed,192220176
fixed,192972754
fixed,192637962
fixed,197951474
fixed,195779810
fixed,191394720
fixed,193504168
fixed,192035206
fixed,193098332
fixed,192556084
fixed,195519694
fixed,195633462
fixed,192228846
fixed,193464608
fixed,192656628
fixed,195056598
fixed,197340894
fixed,189709602
fixed,191349080
fixed,195635580
fixed,192870902
fixed,192156616
fixed,192822522
fixed,192574040
fixed,192364816
fixed,193877764
fixed,192991456
fixed,192946058
fixed,194310896
fixed,193118504
fixed,196598702
fixed,190726410
fixed,191603276
fixed,191229988
fixed,190910232
fixed,192773542
fixed,191871476
fixed,190830228
fixed,196437712
fixed,194146758
fixed,193326210
fixed,192954548
fixed,193216306
fixed,194629534
fixed,195335104
fixed,194471790
fixed,195819822
fixed,195118688
fixed,198128640
fixed,194312680
fixed,198081032
fixed,194898264
fixed,193973632
fixed,193060414
fixed,195713442
fixed,191280998
fixed,193128352
fixed,193410272
fixed,194928984
fixed,190186144
fixed,196835568
fixed,195005546
fixed,193202206
fixed,197026204
fixed,194829266
fixed,192972090
fixed,196694134
fixed,196373948
fixed,195859924
fixed,197871526
fixed,191982238
fixed,197601932
fixed,191577042
fixed,195594912
fixed,193317708
fixed,191760092
fixed,193928974
fixed,197692360
fixed,196249132
fixed,192499910
fixed,191969414
fixed,194205268
fixed,197023174
fixed,191126026
fixed,194370948
fixed,192143980
fixed,194688084
fixed,192840480
fixed,192496632
fixed,195600134
fixed,195035658
fixed,190888166
fixed,194904536
fixed,194650904
fixed,194160328
fixed,191750084
fixed,191590528
fixed,192201518
fixed,196232468
fixed,194681922
fixed,193748900
fixed,194969970
fixed,192660238
fixed,193992910
fixed,193833744
fixed,193098014
fixed,193523686
fixed,195185728
fixed,190673702
fixed,196325936
fixed,192555702
fixed,190913104
fixed,200579172
fixed,193551256
fixed,193631588
fixed,195678994
fixed,190946382
fixed,194732224
fixed,191654532
fixed,189319014
fixed,192590712
fixed,193874920
fixed,194137886
fixed,188914278
fixed,196103580
fixed,194347206
fixed,194280310
fixed,197265640
fixed,194884854
fixed,192370180
fixed,192009790
fixed,194371558
fixed,193590224
fixed,192295540
fixed,197867464
fixed,194243644
fixed,192524774
fixed,196983520
fixed,193541562
fixed,192418956
fixed,194403728
fixed,192496202
fixed,198523982
fixed,193339122
fixed,192003822
fixed,198686338
fixed,199057542
fixed,196836778
fixed,194914366
fixed,192636764
fixed,192371836
fixed,193942952
fixed,191455048
fixed,192745822
fixed,198028698
fixed,192550032
fixed,191413320
fixed,193333942
fixed,192495998
fixed,192640584
fixed,193160356
fixed,194421110
fixed,195590790
fixed,193701312
fixed,194109808
fixed,194576486
fixed,193192190
fixed,190534524
fixed,196158856
fixed,196035464
fixed,193076232
fixed,193719360
fixed,190844922
fixed,193025842
fixed,194640316
fixed,196117744
fixed,194019436
fixed,193383872
fixed,195748890
fixed,194614646
fixed,194587644
fixed,195233994
fixed,193014636
fixed,192120648
fixed,197103244
fixed,192774126
fixed,191678548
fixed,190963556
fixed,193140092
fixed,194550508
fixed,192812404
fixed,195268610
fixed,192701496
fixed,194228094
fixed,193432030
fixed,193148096
fixed,194614030
fixed,194381480
fixed,193094540
fixed,196222162
fixed,190210508
fixed,194085004
fixed,193818612
fixed,192464338
fixed,193776822
fixed,194698436
fixed,194105120
fixed,191973906
fixed,192243014
fixed,193730354
fixed,194892888
fixed,191070786
fixed,194694496
fixed,193698750
fixed,192045830
fixed,194444150
fixed,194871866
fixed,193680648
fixed,194179028
fixed,194494082
fixed,190966392
fixed,193323720
fixed,194421620
fixed,191800522
fixed,194034404
fixed,194669476
fixed,198233648
fixed,193427964
fixed,193419796
fixed,192997086
fixed,196230272
fixed,194864392
fixed,194153716
fixed,192686426
fixed,198038236
fixed,191844766
fixed,195253166
fixed,198162522
fixed,191615148
fixed,196693156
fixed,195411272
fixed,195146654
fixed,195530132
fixed,191667746
fixed,196125750
fixed,194005414
fixed,193990994
fixed,190626344
fixed,193245968
fixed,193786232
fixed,195874140
fixed,194620244
fixed,198754404
fixed,193729534
fixed,193271382
fixed,193096076
fixed,196238614
fixed,195766800
fixed,194523034
fixed,195152732
fixed,199046460
fixed,194258590
fixed,194850510
fixed,194581204
fixed,192853494
fixed,193792400
fixed,194058908
fixed,195131754
fixed,200142242
fixed,195921624
fixed,196357758
fixed,196108782
fixed,200521212
fixed,201216138
fixed,199948010
fixed,195103646
fixed,199238204
fixed,200156204
fixed,195959366
fixed,196584670
fixed,196357986
fixed,198533904
fixed,198087168
fixed,199648986
fixed,200961968
fixed,196858646
fixed,198852626
fixed,197936730
fixed,199532934
fixed,198703902
fixed,198960402
fixed,199118718
fixed,200892992
fixed,201296782
fixed,197743750
fixed,197106134
fixed,196557996
fixed,199411708
fixed,202776236
fixed,200133618
fixed,199811296
fixed,200188354
fixed,200026462
fixed,199508232
fixed,196914850
fixed,196397004
fixed,199312828
fixed,198457058
fixed,200470878
fixed,199500660
fixed,199968950
fixed,198343530
fixed,198257558
fixed,200082780
fixed,205818822
fixed,199024954
fixed,199484690
fixed,198675520
fixed,202699490
fixed,200515380
fixed,198732842
fixed,200204080
fixed,198565430
fixed,199883684
fixed,200653696
fixed,201612724
fixed,203251844
fixed,199149198
fixed,200886520
fixed,199627258
fixed,199180008
fixed,200848744
fixed,204761684
fixed,199924346
fixed,194101148
fixed,197010846
fixed,194354998
fixed,200386206
fixed,199029328
fixed,198990540
fixed,196240584
fixed,195248118
fixed,199368064
fixed,201174120
fixed,193737696
fixed,193237502
fixed,197341778
fixed,197570168
fixed,189427456
fixed,193461540
fixed,192331248
fixed,193083356
fixed,195468694
fixed,193660204
fixed,190701842
fixed,194632956
fixed,188104630
fixed,192582584
fixed,192141594
fixed,191694980
fixed,189224296
fixed,192950078
fixed,190224360
fixed,190999074
fixed,195282848
fixed,189635648
fixed,191185064
fixed,195537210
fixed,189436834
fixed,192537212
fixed,193497510
fixed,191904084
fixed,192050828
fixed,193970056
fixed,189290156
fixed,190550706
fixed,188436622
fixed,196106040
fixed,194410272
fixed,191487990
fixed,197790658
fixed,191538572
fixed,189216988
fixed,192935546
fixed,191751972
fixed,191778378
fixed,195038080
fixed,196459578
fixed,192636630
fixed,192400256
fixed,191134746
fixed,191859220
fixed,193487800
fixed,192332538
fixed,192706488
fixed,220611418
fixed,215102818
fixed,194043138
fixed,192103066
fixed,193442172
fixed,193115342
fixed,193402536
fixed,193980990
fixed,195847142
fixed,193350394
fixed,188935068
fixed,194420868
fixed,195452222
fixed,192635494
fixed,191308578
fixed,190113660
fixed,192613340
fixed,194073950
fixed,195854166
fixed,193609868
fixed,191332320
fixed,193594770
fixed,194135980
fixed,197321386
fixed,193668954
fixed,192682622
fixed,194868666
fixed,192162986
fixed,193685986
fixed,194062548
fixed,193914948
fixed,194260480
fixed,193644326
fixed,194704746
fixed,198048008
fixed,192829186
fixed,193355056
fixed,193754518
fixed,193021128
fixed,194664012
fixed,192935276
fixed,197190224
fixed,193320216
fixed,192736286
fixed,195543870
fixed,198741446
fixed,190972124
fixed,193615074
fixed,196312514
fixed,194743840
fixed,192052312
fixed,195124854
fixed,194802222
fixed,189786170
fixed,192005790
fixed,216268198
fixed,227060068
fixed,194877432
fixed,194912298
fixed,197533528
fixed,190336070
fixed,193675888
fixed,193037686
fixed,195517664
fixed,192938956
fixed,194482692
fixed,195404040
fixed,194429362
fixed,194332868
fixed,191819564
fixed,193517354
fixed,194195440
fixed,196479230
fixed,197629266
fixed,190570196
fixed,193662458
fixed,193759752
fixed,197260434
fixed,196483222
fixed,195276282
fixed,191607770
fixed,194169760
fixed,193726282
fixed,197713090
fixed,193294560
fixed,195643028
fixed,190690066
fixed,194403492
fixed,192464688
fixed,195156344
fixed,194049212
fixed,193969270
fixed,195223848
fixed,194846908
fixed,196320236
fixed,190601842
fixed,193277862
fixed,191170576
fixed,192695172
fixed,191675874
fixed,194404218
fixed,192643350
fixed,190774466
fixed,192333578
fixed,192945428
fixed,195418174
fixed,197972924
fixed,198061648
fixed,194963234
fixed,197412152
fixed,191968634
fixed,193202354
fixed,195295708
fixed,193412558
fixed,192471064
fixed,192307070
fixed,196050296
fixed,193292176
fixed,195991534
fixed,191867260
fixed,191730308
fixed,192829688
fixed,191937850
fixed,188657928
fixed,197604614
fixed,194418650
fixed,193483188
fixed,193415232
fixed,196489164
fixed,194030946
fixed,196780848
fixed,193448782
fixed,192360336
fixed,192985740
fixed,187871576
fixed,192752494
fixed,190984268
fixed,198767018
fixed,197460302
fixed,197662970
fixed,194203662
fixed,192409702
fixed,194555278
fixed,190907912
fixed,194384286
fixed,193998384
fixed,195042900
fixed,196870056
fixed,195181636
fixed,192190726
fixed,194387602
fixed,194511790
fixed,194632496
fixed,194316280
fixed,193021454
fixed,194402036
fixed,194698936
fixed,195167238
fixed,197676034
fixed,196936530
fixed,194012632
fixed,193865618
fixed,195073682
fixed,196043670
fixed,197069698
fixed,192808906
fixed,192222292
fixed,193998186
fixed,193784654
fixed,195400480
fixed,192671196
fixed,199904610
fixed,190647366
fixed,194682622
fixed,189363756
fixed,192594364
fixed,192130874
fixed,194809326
fixed,190368054
fixed,189078978
fixed,194302332
fixed,197010976
fixed,197598910
fixed,197161180
fixed,195421700
fixed,196564374
fixed,195019994
fixed,197832314
fixed,194838822
fixed,195319786
fixed,199025782
fixed,200358192
fixed,194380670
fixed,196136366
fixed,196321126
fixed,193528860
fixed,192605290
fixed,196648472
fixed,195872462
fixed,197439596
fixed,199542224
fixed,197097032
fixed,195458506
fixed,196637418
fixed,198710028
fixed,196463316
fixed,199202298
fixed,196828208
fixed,196857718
fixed,194948072
fixed,196705676
fixed,195042904
fixed,196276922
fixed,195958520
fixed,196894194
fixed,198629264
fixed,196245870
fixed,196633290
fixed,197769528
fixed,199289048
fixed,194998398
fixed,195672100
fixed,196895654
fixed,197989168
fixed,199145332
fixed,196337374
fixed,200749092
fixed,200018348
fixed,197204848
fixed,197859770
fixed,200327026
fixed,200337652
fixed,196303602
fixed,197998852
fixed,199671990
fixed,201459390
fixed,200549144
fixed,197295766
fixed,197825338
fixed,199470114
fixed,198437876
fixed,201366774
fixed,196778926
fixed,198678820
fixed,202009116
fixed,201075632
fixed,200571792
fixed,197926762
fixed,197830844
fixed,198451628
fixed,197789262
fixed,200112620
fixed,200843534
fixed,198721518
fixed,199498826
fixed,199971946
fixed,198536258
fixed,199566308
fixed,199314762
fixed,199329402
fixed,200203780
fixed,198900540
fixed,197822916
fixed,200470628
fixed,199399138
fixed,199703556
fixed,199778972
fixed,200321646
fixed,200150400
fixed,200679944
fixed,200951722
fixed,199682202
fixed,203272410
fixed,198783444
fixed,199720952
fixed,198884962
fixed,199567080
fixed,199641278
fixed,246610354
fixed,199029820
fixed,204093086
fixed,199379374
fixed,203985904
fixed,199330456
fixed,199233580
fixed,199774290
fixed,198784456
fixed,201162158
fixed,199270058
fixed,198946928
fixed,199697358
fixed,198965554
fixed,201092932
fixed,197583298
fixed,198399324
fixed,198683984
fixed,198536332
fixed,197966776
fixed,199703236
fixed,201032558
fixed,195444088
fixed,197928896
fixed,195599632
fixed,198913570
fixed,198762400
fixed,192562760
fixed,195069534
fixed,196324498
fixed,195556160
fixed,198180620
fixed,196453474
fixed,195608640
fixed,197727328
fixed,195895962
fixed,195602266
fixed,198097946
fixed,199343520
fixed,196394656
fixed,196510610
fixed,198688822
fixed,196392146
fixed,195983310
fixed,195308120
fixed,194973010
fixed,198984314
fixed,194539812
fixed,195439768
fixed,196446864
fixed,195440958
fixed,197386784
fixed,196210704
fixed,193341948
fixed,196973930
fixed,195791118
fixed,194878028
fixed,192462812
fixed,192072766
fixed,192774380
fixed,192324092
fixed,193891722
fixed,195245514
fixed,191702406
fixed,193731018
fixed,193423372
fixed,196496048
fixed,192882786
fixed,194713298
fixed,196123264
fixed,195344112
fixed,195089534
fixed,195789202
fixed,198517586
fixed,195385574
fixed,194184950
fixed,195038110
fixed,194177846
fixed,194964972
fixed,195934156
fixed,195372682
fixed,195335356
fixed,196759348
fixed,194815824
fixed,195822404
fixed,198405008
fixed,196185086
fixed,196230724
fixed,196447900
fixed,198278664
fixed,196471944
fixed,194938558
fixed,197929548
fixed,193347660
fixed,196006608
fixed,197015704
fixed,210752294
fixed,237138118
fixed,196051154
fixed,195347412
fixed,196047904
fixed,199573222
fixed,195476648
fixed,195282768
fixed,196358206
fixed,195166108
fixed,195231238
fixed,196692276
fixed,195843638
fixed,197064320
fixed,198622076
fixed,197008786
fixed,195131458
fixed,194703618
fixed,194995404
fixed,198108718
fixed,195919626
fixed,196918644
fixed,193869102
fixed,198388620
fixed,196627604
fixed,196317710
fixed,194995768
fixed,197998238
fixed,200739006
fixed,194230518
fixed,197398032
fixed,195951128
fixed,199655520
fixed,195763304
fixed,196334700
fixed,197060794
fixed,197481990
fixed,195657838
fixed,193740198
fixed,195475452
fixed,194971910
fixed,195390626
fixed,196595810
fixed,195197338
fixed,197588260
fixed,195798652
fixed,195748236
fixed,195168244
fixed,196331278
fixed,195729666
fixed,196641218
fixed,195145586
fixed,195865848
fixed,196687652
fixed,194991512
fixed,197706592
fixed,198521464
fixed,196753636
fixed,195230552
fixed,195103146
fixed,196054990
fixed,194593458
fixed,194120184
fixed,195377080
fixed,195958558
fixed,197572420
fixed,193391848
fixed,195860734
fixed,194672044
fixed,198964534
fixed,195239194
fixed,196730934
fixed,196848948
fixed,194543372
fixed,193747920
fixed,194081254
fixed,196785754
fixed,195561986
fixed,195619142
fixed,195321884
fixed,225375702
fixed,214246576
fixed,193609410
fixed,194998860
fixed,194503528
fixed,194979624
fixed,195020074
fixed,194774368
fixed,196332608
fixed,195759952
fixed,196593516
fixed,197509582
fixed,196817862
fixed,198287344
fixed,195183530
fixed,197273252
fixed,193503230
fixed,195987196
fixed,196501864
fixed,194610390
fixed,195976222
fixed,195194868
fixed,193927990
fixed,195412768
fixed,197915760
fixed,193829754
fixed,195454138
fixed,195388846
fixed,198687538
fixed,191190392
fixed,193160804
fixed,196341706
fixed,194438796
fixed,195312912
fixed,193211914
fixed,195476228
fixed,195729634
fixed,195754526
fixed,194055716
fixed,194941176
fixed,196131176
fixed,194430806
fixed,196214546
fixed,196025498
fixed,200278162
fixed,195868752
fixed,196495738
fixed,195247810
fixed,194247824
fixed,195112896
fixed,193414260
fixed,193972344
fixed,196324302
fixed,195026010
fixed,194647152
fixed,194311942
fixed,194564728
fixed,192883380
fixed,195446142
fixed,195935782
fixed,196232646
fixed,192726582
fixed,194070680
fixed,192666220
fixed,194962456
fixed,192164458
fixed,191973486
fixed,191675454
fixed,192266656
fixed,192434312
fixed,194299760
fixed,193059952
fixed,193521088
fixed,192577050
fixed,190207396
fixed,190239456
fixed,195133964
fixed,191900862
fixed,192920118
fixed,200599326
fixed,194930804
fixed,193786706
fixed,194009384
fixed,193061578
fixed,194236154
fixed,194144220
fixed,191869992
fixed,190956882
fixed,193747824
fixed,194109778
fixed,191598952
fixed,191451162
fixed,192786438
fixed,193736504
fixed,193480266
fixed,193499484
fixed,196635746
fixed,195641100
fixed,196841742
fixed,194154918
fixed,196265978
fixed,193882554
fixed,195743780
fixed,193604058
fixed,197337804
fixed,193076426
fixed,191642752
fixed,193255128
fixed,197161252
fixed,194729334
fixed,192001562
fixed,196646110
fixed,191166390
fixed,195173186
fixed,200961942
fixed,194883540
fixed,196182368
fixed,193465506
fixed,193765494
fixed,193142994
fixed,194550942
fixed,194650892
fixed,193188952
fixed,193789174
fixed,192488976
fixed,195835492
fixed,193358958
fixed,193356452
fixed,192686758
fixed,191480636
fixed,192440320
fixed,195789962
fixed,198286336
fixed,196493386
fixed,198479664
fixed,198068232
fixed,195082784
fixed,196424660
fixed,196351370
fixed,197930630
fixed,198073506
fixed,199503442
fixed,201068752
fixed,194940244
fixed,197660252
fixed,198569518
fixed,197764156
fixed,196823816
fixed,196418020
fixed,196305524
fixed,199114602
fixed,199182372
fixed,196117678
fixed,197035812
fixed,198373136
fixed,196142198
fixed,192956778
fixed,196092714
fixed,198142436
fixed,197292500
fixed,196757312
fixed,198798472
fixed,201189206
fixed,198745540
fixed,198834788
fixed,196587738
fixed,196335810
fixed,200410292
fixed,197519206
fixed,198986138
fixed,199901620
fixed,198842636
fixed,200274276
fixed,199592572
fixed,199435382
fixed,199523906
fixed,198914076
fixed,202376002
fixed,199438796
fixed,197974726
fixed,197726186
fixed,202533196
fixed,198889286
fixed,199221616
fixed,202083674
fixed,198751886
fixed,202195332
fixed,199989460
fixed,200221986
fixed,199185948
fixed,198939976
fixed,200429176
fixed,201545736
fixed,200541394
fixed,200436604
fixed,202124254
fixed,201636096
fixed,200049874
fixed,202025614
fixed,199045634
fixed,200152026
fixed,199011050
fixed,198355286
fixed,202436268
fixed,199942826
fixed,200334790
fixed,199998622
fixed,198603416
fixed,199357016
fixed,197718554
fixed,195783734
fixed,198960534
fixed,198772198
fixed,195564544
fixed,194872206
fixed,198240094
fixed,198517398
fixed,198079490
fixed,195319830
fixed,192310422
fixed,192001458
fixed,193996592
fixed,192266146
fixed,193599810
fixed,193056786
fixed,191401308
fixed,192079962
fixed,191153756
fixed,193736036
fixed,193419562
fixed,189551746
fixed,189860836
fixed,192866942
fixed,194299280
fixed,190996602
fixed,195069172
fixed,190248442
fixed,192095470
fixed,193456578
fixed,193136994
fixed,192618518
fixed,192286190
fixed,193437472
fixed,191641138
fixed,190818280
fixed,193130044
fixed,191281666
fixed,192214790
fixed,197310520
fixed,192302908
fixed,193052496
fixed,190457698
fixed,192790172
fixed,193937446
fixed,191503416
fixed,190467498
fixed,188096840
fixed,191723378
fixed,189285736
fixed,191052004
fixed,190098840
fixed,193346926
fixed,191867434
fixed,194037136
fixed,192158918
fixed,193731780
fixed,192792324
fixed,191307988
fixed,193540506
fixed,194496012
fixed,193706970
fixed,192153992
fixed,191072954
fixed,191311504
fixed,192869702
fixed,193369658
fixed,192670970
fixed,196071728
fixed,193276088
fixed,196143374
fixed,192950042
fixed,191500224
fixed,192703636
fixed,192345034
fixed,196281924
fixed,191268292
fixed,192004530
fixed,192738674
fixed,194229618
fixed,192257530
fixed,198588314
fixed,195167222
fixed,194761928
fixed,194544508
fixed,197520622
fixed,195189438
fixed,191326386
fixed,194147296
fixed,194541670
fixed,195124716
fixed,193796408
fixed,194902462
fixed,193988662
fixed,194764942
fixed,194306214
fixed,198129478
fixed,195292358
fixed,194981460
fixed,195558906
fixed,194789446
fixed,191246316
fixed,198192174
fixed,193794608
fixed,194368950
fixed,193477266
fixed,193268674
fixed,193604292
fixed,193973916
fixed,195662580
fixed,193758804
fixed,193753846
fixed,191402216
fixed,193598824
fixed,194324638
fixed,195294952
fixed,194773486
fixed,192608618
fixed,193035296
fixed,194489298
fixed,195365356
fixed,194476434
fixed,193439904
fixed,194364932
fixed,191291062
fixed,194487586
fixed,195710190
fixed,193374314
fixed,193920360
fixed,191905430
fixed,196218996
fixed,193736234
fixed,194809422
fixed,192486416
fixed,192287048
fixed,194692226
fixed,193936476
fixed,193593600
fixed,193671710
fixed,194157372
fixed,191821252
fixed,192035724
fixed,195613568
fixed,195317342
fixed,193949952
fixed,193945136
fixed,196008312
fixed,192631948
fixed,193656218
fixed,192666520
fixed,192633382
fixed,196094898
fixed,194360532
fixed,194216336
fixed,194126736
fixed,194045644
fixed,195094390
fixed,195678780
fixed,193930918
fixed,196453666
fixed,195458664
fixed,197079326
fixed,192765684
fixed,194017878
fixed,194962066
fixed,190747872
fixed,197464450
fixed,193026598
fixed,191950042
fixed,194900396
fixed,192172142
fixed,195008084
fixed,192394080
fixed,194495696
fixed,192682250
fixed,194963942
fixed,191027356
fixed,193112028
fixed,197192466
fixed,194786250
fixed,201113088
fixed,194221636
fixed,194425756
fixed,193428902
fixed,213284306
fixed,205908686
fixed,192331838
fixed,193572678
fixed,192671490
fixed,192879560
fixed,191676222
fixed,193671740
fixed,189555820
fixed,192729354
fixed,192363208
fixed,194707646
fixed,200488082
fixed,195217458
fixed,194731474
fixed,194955356
random,194735668
random,213711932
random,197426152
random,196159762
random,194106474
random,200306100
random,242970346
random,193580462
random,198331158
random,196877378
random,198647184
random,195755476
random,200109470
random,194265918
random,200344846
random,194739256
random,194242998
random,195984420
random,197338006
random,196755754
random,195839648
random,196169426
random,192702288
random,196246000
random,195701064
random,204016216
random,195599650
random,195260422
random,194754302
random,194469490
random,193272156
random,195141030
random,196649300
random,205705122
random,198349448
random,195846988
random,195591512
random,195853016
random,193508072
random,195786450
random,195184262
random,197792440
random,195239842
random,195244544
random,194740122
random,197853052
random,195080392
random,197705360
random,195372932
random,195105426
random,199141696
random,194587026
random,193642626
random,195464268
random,194851470
random,198849016
random,193638056
random,200955022
random,198211068
random,195887728
random,195148686
random,191758844
random,194488906
random,196766124
random,201427664
random,196138100
random,197094266
random,202791886
random,193778190
random,195330370
random,199561462
random,193680036
random,193945610
random,195753342
random,197928478
random,192353134
random,193374424
random,198461512
random,193359950
random,194080624
random,197032494
random,190890652
random,200586226
random,196527688
random,194058166
random,196195554
random,194435408
random,191897688
random,192581884
random,192771202
random,199876552
random,194252718
random,194210560
random,195895180
random,193213772
random,192654266
random,194241312
random,196489438
random,192403076
random,194128754
random,200098744
random,198833480
random,196163140
random,201194510
random,195526826
random,201897580
random,197435178
random,196262038
random,198148436
random,197127394
random,198146422
random,198200412
random,199031618
random,198061430
random,198858550
random,198287918
random,203083698
random,199068282
random,196710640
random,198871180
random,197260748
random,197502004
random,197314520
random,199742358
random,199536672
random,200704500
random,196920394
random,195077550
random,198448766
random,200559762
random,199436964
random,200611254
random,199848758
random,199614088
random,226973558
random,198887110
random,198466766
random,196015500
random,197382656
random,201574040
random,199180808
random,198625980
random,198629726
random,204204198
random,199015902
random,202142856
random,199657910
random,198794756
random,201037718
random,200166548
random,200375902
random,200847078
random,199756378
random,200660586
random,199306650
random,200614854
random,199329874
random,201186194
random,199970422
random,200161768
random,204779004
random,199630378
random,199856030
random,199939958
random,201323862
random,202555638
random,200185444
random,199806836
random,199254866
random,198292532
random,199787102
random,197800022
random,196265068
random,198430830
random,193840742
random,194176520
random,195659346
random,197416996
random,196404222
random,192559962
random,198276804
random,193439152
random,194803616
random,194599802
random,192467696
random,191866560
random,193597142
random,194567040
random,195547432
random,194037522
random,196357556
random,191375032
random,192978208
random,189416018
random,194759284
random,192163358
random,191000406
random,193667018
random,192526858
random,192802796
random,193028014
random,194018804
random,195598536
random,191386412
random,195214890
random,194973408
random,191425322
random,194850994
random,193774720
random,194975172
random,196119940
random,191009038
random,196017250
random,193442206
random,191345482
random,195229330
random,198488440
random,192553360
random,192202066
random,195873376
random,194099164
random,190602600
random,192707952
random,196866118
random,192834758
random,192190710
random,192093842
random,192193772
random,195391458
random,193804738
random,192443244
random,189042698
random,192535598
random,195287792
random,191723922
random,192724066
random,191351676
random,193878240
random,194613074
random,196055066
random,192828124
random,195286790
random,193829516
random,192625730
random,191633468
random,193573542
random,195128752
random,192058760
random,189784222
random,193031464
random,192946670
random,191147378
random,199626124
random,194603120
random,195575226
random,190023054
random,193553288
random,198229260
random,189690700
random,191865312
random,191395568
random,195441990
random,194202524
random,191346368
random,190757666
random,192958972
random,193037460
random,191523020
random,195615390
random,195834822
random,193567006
random,194216054
random,198531760
random,194631976
random,189855078
random,199167778
random,191165750
random,193862764
random,193308242
random,191305842
random,192016584
random,195807596
random,191230108
random,190500990
random,196907488
random,193720826
random,192587856
random,192046636
random,197082124
random,193053504
random,193658176
random,191461066
random,190560520
random,193758234
random,192047258
random,192920958
random,190052824
random,192722740
random,190684550
random,197556770
random,193747094
random,190043312
random,194641162
random,191362904
random,193637242
random,194272036
random,196152172
random,193910628
random,193685888
random,189126304
random,195198462
random,195582448
random,197431564
random,194273842
random,193189010
random,192332244
random,192182784
random,192320872
random,192115564
random,192060064
random,191573966
random,190287964
random,192350864
random,189889658
random,190290586
random,195197112
random,195508360
random,192432202
random,192952880
random,193566582
random,191653784
random,190722708
random,193282942
random,189508150
random,191971832
random,194607240
random,194465910
random,194087314
random,191386676
random,193699482
random,192478964
random,193658110
random,194625424
random,192219070
random,191735942
random,193031732
random,197727766
random,193577876
random,192244654
random,192395070
random,196356892
random,191297708
random,191469534
random,199314258
random,194000926
random,189743612
random,192645604
random,192775060
random,190702976
random,195809830
random,193090008
random,194307308
random,191581106
random,192775302
random,195609122
random,189498354
random,190502666
random,189632024
random,194012148
random,195266902
random,197959182
random,198107140
random,194628176
random,191686304
random,190935958
random,191883264
random,191354008
random,191705022
random,192503050
random,198139938
random,195069778
random,195675522
random,196462810
random,192441434
random,195086346
random,192915584
random,191330452
random,193722526
random,195415388
random,195715680
random,197525754
random,193721914
random,194122046
random,197831520
random,193642000
random,192802592
random,193625946
random,192947456
random,191074494
random,193554542
random,191046736
random,193220898
random,193743142
random,194411794
random,192919940
random,191807612
random,194534338
random,192541004
random,193179566
random,194005990
random,195032968
random,194162478
random,191982096
random,192537706
random,193173224
random,197134070
random,191373066
random,195714284
random,192924848
random,191297036
random,194740776
random,192566416
random,194329456
random,194432400
random,192448976
random,195163784
random,194679210
random,195243488
random,190823512
random,195313086
random,199005140
random,195516554
random,194358168
random,195495612
random,192956004
random,191649926
random,190516924
random,192946338
random,192795844
random,192853084
random,197759744
random,201898908
random,190930896
random,194719288
random,197613866
random,191803446
random,190719184
random,196518776
random,197040462
random,198167514
random,197646578
random,200234422
random,195518258
random,198466392
random,207922908
random,198128574
random,201803570
random,196092354
random,199629542
random,198262336
random,200353176
random,200049652
random,196080714
random,199528594
random,198844908
random,199528544
random,198931148
random,200263268
random,213407290
random,197211114
random,197084234
random,196630058
random,196541898
random,197887924
random,199643096
random,198891322
random,203212944
random,196496402
random,200339254
random,201375446
random,196959022
random,207892870
random,199816200
random,198791478
random,198834486
random,200142068
random,198646250
random,198425870
random,198999180
random,199382780
random,199404200
random,196406514
random,200504700
random,200478098
random,200422670
random,205761772
random,201270276
random,201827478
random,200091330
random,200650658
random,198620660
random,199491518
random,200639804
random,200078258
random,204069226
random,199331028
random,207287354
random,200202820
random,199948680
random,200798678
random,202371564
random,200127198
random,199719840
random,224336908
random,199205592
random,200225134
random,198606666
random,201645742
random,206629878
random,198492234
random,197154106
random,201006432
random,194752852
random,199077296
random,198776480
random,196418768
random,203338960
random,194376982
random,192604452
random,194140796
random,193853094
random,193077648
random,190864580
random,187620024
random,195484942
random,191547142
random,192210956
random,189555996
random,192325182
random,196769150
random,191436956
random,194110326
random,193863224
random,194787516
random,190956788
random,191257448
random,191856238
random,192719226
random,194940198
random,190127516
random,190816320
random,191322740
random,190839276
random,192331024
random,192594988
random,194904584
random,194562524
random,195600076
random,190904998
random,189335698
random,194809884
random,190713996
random,190869120
random,195645330
random,192185290
random,194425958
random,192888060
random,191672686
random,193497790
random,193919200
random,193234922
random,194893064
random,191997990
random,193937298
random,191900878
random,191349480
random,191905872
random,189858476
random,193544968
random,190239760
random,194449130
random,193698754
random,194274106
random,189645468
random,192034900
random,192930490
random,194822840
random,191749372
random,194085802
random,194619360
random,193300486
random,194057430
random,194133610
random,194421900
random,195051786
random,197053818
random,192685018
random,190079236
random,191734972
random,192124966
random,195707132
random,196352636
random,192608702
random,192360008
random,191510828
random,194149038
random,193256680
random,191269174
random,188829660
random,189574822
random,192699782
random,190188668
random,194256826
random,194257890
random,194537192
random,189776646
random,191812346
random,192860786
random,193591760
random,193339484
random,192859790
random,196987470
random,196216680
random,193214890
random,192937724
random,191939194
random,199509884
random,194456326
random,193950762
random,195840468
random,195014216
random,191413988
random,195405272
random,191789784
random,193609138
random,190775772
random,192360084
random,195213782
random,193571350
random,194131418
random,195215308
random,194023162
random,191016438
random,199319074
random,193124614
random,193361980
random,193460948
random,191828872
random,191184306
random,194863018
random,193588188
random,195768662
random,195298754
random,196006840
random,195013018
random,191821968
random,193733918
random,192112264
random,191596664
random,195146138
random,193658564
random,196857502
random,194292932
random,192831770
random,195898806
random,191255590
random,193955268
random,192860578
random,191431274
random,194878596
random,194252826
random,192407058
random,192761866
random,195440070
random,193677604
random,193249268
random,191817618
random,193021038
random,195701236
random,193660984
random,193396266
random,193114302
random,190551354
random,192438876
random,192453210
random,193899770
random,195437900
random,195449838
random,193601844
random,194970734
random,195279330
random,194136110
random,191904114
random,191905490
random,196445534
random,191895164
random,194104914
random,194491868
random,191699430
random,191457786
random,199445818
random,192429872
random,192399922
random,191340082
random,192311554
random,194096062
random,197745398
random,196457406
random,195542100
random,198136622
random,199384610
random,197282354
random,198162784
random,197060868
random,199158012
random,197083238
random,198733010
random,195882646
random,196544326
random,195417402
random,195148644
random,196004528
random,194410488
random,196447508
random,197321816
random,197513614
random,198018852
random,196226288
random,199980746
random,196442558
random,195823676
random,196511158
random,196343318
random,196362650
random,195722982
random,193665430
random,194879484
random,196803200
random,197214162
random,196112650
random,195092194
random,204338466
random,196172680
random,197207370
random,198260854
random,196083646
random,198723216
random,193382820
random,195339468
random,194164768
random,195718988
random,194337974
random,194192734
random,192280702
random,194783556
random,202206684
random,194310008
random,195963308
random,195409372
random,197087500
random,196753140
random,196079690
random,195961736
random,196564276
random,195110330
random,195400780
random,197127694
random,193635790
random,194877908
random,194678228
random,195486666
random,199353668
random,196515030
random,195933932
random,194586200
random,195914804
random,197129994
random,200389524
random,194811988
random,197074132
random,196233856
random,195662826
random,194796006
random,199650062
random,194972572
random,195446774
random,198354052
random,196719546
random,196963154
random,197100582
random,195632736
random,196335620
random,198743020
random,200350752
random,196603308
random,195816284
random,196299998
random,200678850
random,196159944
random,196772584
random,197088178
random,196899810
random,193962266
random,200372628
random,196255364
random,195359796
random,198766996
random,194500946
random,195906830
random,195951036
random,196829762
random,197098324
random,196999198
random,197882728
random,199679860
random,200194112
random,197635452
random,196904610
random,200210768
random,198460034
random,199486074
random,199678968
random,199652114
random,198588172
random,197109592
random,199014000
random,202279470
random,200630178
random,200396372
random,199645552
random,198371100
random,202728740
random,201811328
random,197780192
random,195853014
random,197756214
random,201340216
random,200199096
random,200524632
random,199456210
random,196611548
random,198014052
random,198705130
random,200366020
random,199034448
random,199026266
random,199214974
random,200852994
random,201987482
random,199188754
random,198051630
random,198693724
random,198535672
random,199073620
random,200446060
random,200661876
random,199843058
random,201986854
random,199867894
random,203033626
random,203629566
random,202652968
random,201149430
random,201297464
random,200960142
random,201163418
random,201450394
random,199303144
random,199440756
random,203284852
random,198527148
random,201449856
random,200103338
random,198734792
random,198546364
random,200245030
random,199000112
random,201099374
random,202291940
random,198625436
random,199713464
random,201313574
random,200563794
random,198897764
random,199365472
random,199876734
random,196869484
random,196645546
random,196876222
random,197595434
random,198483274
random,194628844
random,196225694
random,196260118
random,195256522
random,195010816
random,194241172
random,194847398
random,194812272
random,194540628
random,193063112
random,194970586
random,195638888
random,197631404
random,195521814
random,193225714
random,195045940
random,193703586
random,193866862
random,198335998
random,197165296
random,197121190
random,198226690
random,194093696
random,194720302
random,191914210
random,195545380
random,196150686
random,195080420
random,196276496
random,195914458
random,195359268
random,195873660
random,194454216
random,196552930
random,194087588
random,196555990
random,196037832
random,195869030
random,195769170
random,195792392
random,195239582
random,195743410
random,190797254
random,192560366
random,191452564
random,196772888
random,193239054
random,192347942
random,193849620
random,194305466
random,191408172
random,191073780
random,197086060
random,195529878
random,195837030
random,195163132
random,196639636
random,194726826
random,195221330
random,190907774
random,191972716
random,194505768
random,196950444
random,193717604
random,190186454
random,188018046
random,188256764
random,194747924
random,191325008
random,191491092
random,192162110
random,194349984
random,197086114
random,195980610
random,197166938
random,190709772
random,196994194
random,193993568
random,196862168
random,195894042
random,193810864
random,195793012
random,195827216
random,196317580
random,195974224
random,195087276
random,196757254
random,195638348
random,195005870
random,216799296
random,239615638
random,195114986
random,196221838
random,197094766
random,195076870
random,194936920
random,199972830
random,196736200
random,196957718
random,195070028
random,194683360
random,198240900
random,195351136
random,197002034
random,194981582
random,195595124
random,194557200
random,198037664
random,196181014
random,198438766
random,194468438
random,194473738
random,198372374
random,195870364
random,196209388
random,194207430
random,194392852
random,195348856
random,200108108
random,194846744
random,197315110
random,196284302
random,195595668
random,204225204
random,196700442
random,195533580
random,199951338
random,196318234
random,195461276
random,199863712
random,196615168
random,194473644
random,199655220
random,196896968
random,196277234
random,199434486
random,198943408
random,196119320
random,196212642
random,195487584
random,195080430
random,195053106
random,194588084
random,194982792
random,195765026
random,193059404
random,195373632
random,195888088
random,194356524
random,196268726
random,196143922
random,196088210
random,193995890
random,197346696
random,193917292
random,196582562
random,195934456
random,196001022
random,196310682
random,196137520
random,195370874
random,194278924
random,195268352
random,195057430
random,193293752
random,196630266
random,194804214
random,195719698
random,195685378
random,194270272
random,190577578
random,190969644
random,192634128
random,196078766
random,196271690
random,194788542
random,195168084
random,194379624
random,195220832
random,196741640
random,196235540
random,196324420
random,195243738
random,197196702
random,194665436
random,195393426
random,195451688
random,198211346
random,195814528
random,194915752
random,191121816
random,191115838
random,198438412
random,192123288
random,191460508
random,192007298
random,191169280
random,193995472
random,188887354
random,190450096
random,190145836
random,196447818
random,194655126
random,193831500
random,193672422
random,196367924
random,195230170
random,195596626
random,194777982
random,196647810
random,195773138
random,194825714
random,197312420
random,196962034
random,196843724
random,198514200
random,197736270
random,197682960
random,198104796
random,198376636
random,197598282
random,197965448
random,196388210
random,198165814
random,197468414
random,196835094
random,197466272
random,197469660
random,197135734
random,197590078
random,197686492
random,198475352
random,197195500
random,196813184
random,195359470
random,197257012
random,197956800
random,197301144
random,197181684
random,199336422
random,198170636
random,197020186
random,196791672
random,198084050
random,197429758
random,198026050
random,196397716
random,197433150
random,198151570
random,197803218
random,197419128
random,195477762
random,198063396
random,196812690
random,196104536
random,195705130
random,194377078
random,194383984
random,195765518
random,193497408
random,194025822
random,195122378
random,193594888
random,197378372
random,195901356
random,198805040
random,198401792
random,197420020
random,199120026
random,198732218
random,199772090
random,197375316
random,200175108
random,198424514
random,198441340
random,200944672
random,198984636
random,205067678
random,196097386
random,197473778
random,199653722
random,196735910
random,196922578
random,197743706
random,201435332
random,202410442
random,202040794
random,200140288
random,199538298
random,198493610
random,197441460
random,197543642
random,200428070
random,195950262
random,199242484
random,198459564
random,197601864
random,196678744
random,202386488
random,199218662
random,199263960
random,200295036
random,202235804
random,200321928
random,203267424
random,199922152
random,198862724
random,199216570
random,199362668
random,202139372
random,196971554
random,198543394
random,200260684
random,202948962
random,199664604
random,200208914
random,199869306
random,204003340
random,200738344
random,200624140
random,199280356
random,203117584
random,202425384
random,199061974
random,202935326
random,199352986
random,199945468
random,198669256
random,199407938
random,200542482
random,201946950
random,199139214
random,199121170
random,201392172
random,199542708
random,199769846
random,199104316
random,201307056
random,200222774
random,199891686
random,197529470
random,199667774
random,201050754
random,199977938
random,197297846
random,196177812
random,199150884
random,196453464
random,197436876
random,195696920
random,190636752
random,193627744
random,191413810
random,195078126
random,192598600
random,190208910
random,196442176
random,190905816
random,197317602
random,194041002
random,192499708
random,192774280
random,192118834
random,194994214
random,198193632
random,193553492
random,196277964
random,193133940
random,193798154
random,191698092
random,194522196
random,194001624
random,193821162
random,193016472
random,191900380
random,192117574
random,191733118
random,193704416
random,189419194
random,192212758
random,191076186
random,194213434
random,195243408
random,194563700
random,192941124
random,192098482
random,192977378
random,190634118
random,192490776
random,191432310
random,193518984
random,191481950
random,189757316
random,193460182
random,192380876
random,193433392
random,196833034
random,193673528
random,190541696
random,196819374
random,191629020
random,191696220
random,195469102
random,191314096
random,192140024
random,193571580
random,193626966
random,197688124
random,193497890
random,192384742
random,190323064
random,192870692
random,191172096
random,190502506
random,189874642
random,196111826
random,194628390
random,190713398
random,192160610
random,192364156
random,192464098
random,193445704
random,193479922
random,195431296
random,192655078
random,192197906
random,194314244
random,191019758
random,193157452
random,191757892
random,194873368
random,190211422
random,195642408
random,194959896
random,193308442
random,193965390
random,191668196
random,192779502
random,195149394
random,193060246
random,192479412
random,194398902
random,191080880
random,193327794
random,194520792
random,192156128
random,194035412
random,193669968
random,193664300
random,191649858
random,198605212
random,192131668
random,193353680
random,190698808
random,192516718
random,192564266
random,195784836
random,194678028
random,194902046
random,191750262
random,193753760
random,192731538
random,194858122
random,193985098
random,194161534
random,192378770
random,192673150
random,191440704
random,193017736
random,195399448
random,193259906
random,193007246
random,196076648
random,194712072
random,192153896
random,200176746
random,193375254
random,196537604
random,192950124
random,194126718
random,193308798
random,192453756
random,195668798
random,195679516
random,193689332
random,192769070
random,193459154
random,193752370
random,194387688
random,194600002
random,192162640
random,197293218
random,193295974
random,197162392
random,193408556
random,194026220
random,190541320
random,193982194
random,191807300
random,191804736
random,189714416
random,193129798
random,188314474
random,192129190
random,193421524
random,202472644
random,195104034
random,197587772
random,193983824
random,196602116
random,195801532
random,196484318
random,194630406
random,191565578
random,194869174
random,190864632
random,194272242
random,197960844
random,191301686
random,192101932
random,194461114
random,194636902
random,198973242
random,192313806
random,195647828
random,189963044
random,199083744
random,193106028
random,193631222
random,193484220
random,193087984
random,193317118
random,192182978
random,194918410
random,192926404
random,194369056
random,193104234
random,194985268
random,193250102
random,197731192
random,196404880
random,194696472
random,197160036
random,194673064
random,191826050
random,197415350
random,196334230
random,195975582
random,197890540
random,194036820
random,191620690
random,194061538
random,193590852
random,193746850
random,192626160
random,194905644
random,194065254
random,191800912
random,196344750
random,192936314
random,200401384
random,190378706
random,198328930
random,195180888
random,197751428
random,194116252
random,194745712
random,200634528
random,194546984
random,194014820
random,192408304
random,197285972
random,195829176
random,193528178
random,192497208
random,193515534
random,192716802
random,195821820
random,192101754
random,196181450
random,197925838
random,197799620
random,195443668
random,192445446
random,195745928
random,195912624
random,198635004
random,196248826
random,195634094
random,196489378
random,199433036
random,198893334
random,197256816
random,197186836
random,196459294
random,197121812
random,197515220
random,195155110
random,196489068
random,197803178
random,197059484
random,196800254
random,200074240
random,198121162
random,197866958
random,197500662
random,195437920
random,194211990
random,196121084
random,199591618
random,195812098
random,196502534
random,195575004
random,196856566
random,202904494
random,197146142
random,197346668
random,196531802
random,196634602
random,196267302
random,197440524
random,198181338
random,195770944
random,198556668
random,196433856
random,202533938
random,196649948
random,197420924
random,195605430
random,191641760
random,193173018
random,189862764
random,195907984
random,196403136
random,195874284
random,206923922
random,205256172
random,210047850
random,200937488
random,210332874
random,196509916
random,199642098
random,198212738
random,197149514
random,200358292
random,198289148
random,200978348
random,200234134
random,197231374
random,197460250
random,199863384
random,198286570
random,199835362
random,199464732
random,198893732
random,201016444
random,200712332
random,202829990
random,199157990
random,200210692
random,198650204
random,197932884
random,199346598
random,199755164
random,198315078
random,200089138
random,205272602
random,197534862
random,200452980
random,200076686
random,201489466
random,198561060
random,202690204
random,199643316
random,198257800
random,200650820
random,199090856
random,198604934
random,195802422
random,198822290
random,199088724
random,198511794
random,198329680
random,198854716
random,199220774
random,201286948
random,200051718
random,199424322
random,203821062
random,198635236
random,199082792
random,199830808
random,198979176
random,202640510
random,200569862
random,201338170
random,203296560
random,199837088
random,201409382
random,201387060
random,200816672
random,200336846
random,201142374
random,200269754
random,198785678
random,199551476
random,199737938
random,194958616
random,195992084
random,197036668
random,198413540
random,198449256
random,196153322
random,198733684
random,205296172
random,196503948
random,198060264
random,193430652
random,191116830
random,194715424
random,192068046
random,194741788
random,191101240
random,195686374
random,188725530
random,193120944
random,191435012
random,195048690
random,189125276
random,194634804
random,194177418
random,192882914
random,190358260
random,191991964
random,192477162
random,193312890
random,196913784
random,192044076
random,193276128
random,192260720
random,191114598
random,194039014
random,193511436
random,189634542
random,192420820
random,191636204
random,190975714
random,191153120
random,189166558
random,196572354
random,195047942
random,191001944
random,190701014
random,196949214
random,192271240
random,193863024
random,192670258
random,195395814
random,192047888
random,192900770
random,196290900
random,192020046
random,191646760
random,194330518
random,191973502
random,193549938
random,222516554
random,198625610
random,190711810
random,194192962
random,192686274
random,192543562
random,196222010
random,191430338
random,190399328
random,193571416
random,195152386
random,191979894
random,198258690
random,191885946
random,190319934
random,191607248
random,195289776
random,191758430
random,193226226
random,190826684
random,193206520
random,193887916
random,195766676
random,193584420
random,191137210
random,194251632
random,193345500
random,190312286
random,188837776
random,193541258
random,191097210
random,188361640
random,190431192
random,193468630
random,189711920
random,194951950
random,194462334
random,193899208
random,191239092
random,191561204
random,194014278
random,194385316
random,190794180
random,190852104
random,192311440
random,194610736
random,191788076
random,196652076
random,192924308
random,193838782
random,194618732
random,194892384
random,195730364
random,193329564
random,191501632
random,194221626
random,192288366
random,192221664
random,194455244
random,192147620
random,194241190
random,193336636
random,189783366
random,196069846
random,195358880
random,194470612
random,192946230
random,193558622
random,194146366
random,191771270
random,194629008
random,191093512
random,194725288
random,196195992
random,194861138
random,189413830
random,191783734
random,197018260
random,191908308
random,194881674
random,194321136
random,198270314
random,192545018
random,190673508
random,192401270
random,192154274
random,190794926
random,194250830
random,190053596
random,191680806
random,189476450
random,190977928
random,194677254
random,192726250
random,192104868
random,191750654
random,190192590
random,191815316
random,193251064
random,190373422
random,195005196
random,191134254
random,192224678
random,196978150
random,197110210
random,192455348
random,194500866
random,191836624
random,191927384
random,196416042
random,193145304
random,190595046
random,196379156
random,191571944
random,194844102
random,194156952
random,193113950
random,195371026
random,196014516
random,190556806
random,193257662
random,197158612
random,192011652
random,193740310
random,193256130
random,195336428
random,198104200
random,194661336
random,194570632
random,192643778
random,192057616
random,194552772
random,192035116
random,192864570
random,190245352
random,193860896
random,194929504
random,197154348
random,190540030
random,188518594
random,192234784
random,195069188
random,191271164
random,192208808
random,193831294
random,195359118
random,191879880
random,192397780
random,193694512
random,192947678
random,191916692
random,193704200
random,190274770
random,188651262
random,197035398
random,194387268
random,194155866
random,190322570
random,189822916
random,196592534
random,191291108
random,195220642
random,198977738
random,194577092
random,195321956
random,194665902
random,189292254
random,189673384
random,192474728
random,191397614
random,193488014
random,194093668
random,190047506
random,195754184
random,192028380
random,194490486
random,193859410
random,197204810
random,195223870
random,191441620
random,195676472
random,193373426
random,195672614
random,196595622
random,195073576
random,193494884
random,190954424
random,194105896
random,193981436
random,193670082
random,193507250
random,194149566
random,192887140
random,194356810
random,196005106
random,191396186
random,193823834
random,192074212
random,190865658
random,196259376
random,193959588
random,191600374
random,196894606
random,194476658
random,192042534
random,192866436
random,193877226
random,192902610
random,195709464
random,198568586
random,194434392
random,194690990
random,192631332
random,190769380
random,196981942
random,192378988
random,192038456
random,195263650
random,192447812
random,195046914
random,194015442
random,199508594
random,199807284
random,195893322
random,196964400
random,198225438
random,200100520
random,198566036
random,198899936
random,198591158
random,199886614
random,197712820
random,196900068
random,199441008
random,197028038
random,199901058
random,198579368
random,196732182
random,198885206
random,199466162
random,203182666
random,195632092
random,198118014
random,199266192
random,197457070
random,195744394
random,198400062
random,200086918
random,199299628
random,202966666
random,199295442
random,198438026
random,197261000
random,198843316
random,200608730
random,199602796
random,202444128
random,201558184
random,199112370
random,199449202
random,198336828
random,199274368
random,199243010
random,198926924
random,198302554
random,198575460
random,198971974
random,198766536
random,198747338
random,198479262
random,198188096
random,199538066
random,199261136
random,198885142
random,198489704
random,199473892
random,198589584
random,198280656
random,198338782
random,199582054
random,198357004
random,199677518
random,198401292
random,199662856
random,202145932
random,198799772
random,199658574
random,204849674
random,198158482
random,199403092
random,199717512
random,198480064
random,198815910
random,198722336
random,203305938
random,202636438
random,200545420
random,197260762
random,202075016
random,200945072
random,201523076
random,199230912
random,195727320
random,196822958
random,195595646
random,195718886
random,198879346
random,196496090
random,194747410
random,192444772
random,193738666
random,198154318
random,193152676
random,194440740
random,192847818
random,193691638
random,198663078
random,196007936
random,194392876
random,194418996
random,192910156
random,192863176
random,194885778
random,193037362
random,195080150
random,194126326
random,190803458
random,192522052
random,193030564
random,194397116
random,192154916
random,190178764
random,198194962
random,194748606
random,193602536
random,194071566
random,195217548
random,195072254
random,191666634
random,193359420
random,195287286
random,190485392
random,191443366
random,190837642
random,191428572
random,190909500
random,193753388
random,193143304
random,193328978
random,190674410
random,193660020
random,191128778
random,194658384
random,192186076
random,194260654
random,195363168
random,195321168
random,193964654
random,195261776
random,192414036
random,193877282
random,193379974
random,193860224
random,194616260
random,194015970
random,197468960
random,195770528
random,194521630
random,190860454
random,191806150
random,196258168
random,194809240
random,191787558
random,190370736
random,196568008
random,191431034
random,194626814
random,192737578
random,190956292
random,194879998
random,195952674
random,196531756
random,191611844
random,194442120
random,192212606
random,193559464
random,194782378
random,195620186
random,195995056
random,198254918
random,192921298
random,189109038
random,193824936
random,197031342
random,189697326
random,198725120
random,196879466
random,191778654
random,193329250
random,194672548
random,190990412
random,192160412
random,193531196
random,195021712
random,197625354
random,197444978
random,195576836
random,194477504
random,195281186
random,197565750
random,193547186
random,196058990
random,194184770
random,196938144
random,198404494
random,195168374
random,198244278
random,193362308
random,197379602
random,189688616
random,196358674
random,194442642
random,193745290
random,195033074
random,197743532
random,192793914
random,194082300
random,198498558
random,195258926
random,198263264
random,193684862
random,194307298
random,194384538
random,199600864
random,194038466
random,195922966
random,195358102
random,222313256
random,200979268
random,194974720
random,195883094
random,195155878
random,196078202
random,195175770
random,195649988
random,197167066
random,196510942
random,193600808
random,194862124
random,191712992
random,195524820
random,194772688
random,194834596
random,197093026
random,197961674
random,195743580
random,196526232
random,196913246
random,194871492
random,197138640
random,196779006
random,196732980
random,195752880
random,198511028
random,200053340
random,198031280
random,197882778
random,197674232
random,197178950
random,197638822
random,197691942
random,197960638
random,197377540
random,198113558
random,197160030
random,196565706
random,197552290
random,196929624
random,196391904
random,195184210
random,195278028
random,196571574
random,195215916
random,198466962
random,195616320
random,196111010
random,197052464
random,198433344
random,197356876
random,197518810
random,197652400
random,200497552
random,199290888
random,196967352
random,197698724
random,197581998
random,198019304
random,196235184
random,198234684
random,197750376
random,198190468
random,197744952
random,198539168
random,197584428
random,197487738
random,194585978
random,199444968
random,197339896
random,196092894
random,195791442
random,198384422
random,196256432
random,197338692
random,198456314
random,196841938
random,197521190
random,193990878
random,192805500
random,195600592
random,195405566
random,196677098
random,196833416
random,194580400
random,197103372
random,195042550
random,195118262
random,196483432
random,197782838
random,193079724
random,193206372
random,195096984
random,193911316
random,193115126
random,189799198
random,195109716
random,193577112
random,190843652
random,190965984
random,193297050
random,196941586
random,193767296
random,197003676
random,195279072
random,193206904
random,196460318
random,198004140
random,195171370
random,193819592
random,194480898
random,196702996
random,196073058
random,198512328
random,195875362
random,194256412
random,194333992
random,196696106
random,193585966
random,195138426
random,193445898
random,193983612
random,196377574
random,198485926
random,195552984
random,196520086
random,194559946
random,195412110
random,200169158
random,196332178
random,196283510
random,194657132
random,199061712
random,193437028
random,194353798
random,195293362
random,197584802
random,195028038
random,193117756
random,196870198
random,192610046
random,193700406
random,193748078
random,195650144
random,191517972
random,198578056
random,196895330
random,196202098
random,199567954
random,213539680
random,200164394
random,197297554
random,197005952
random,200387882
random,199794516
random,203917794
random,196348152
random,197607286
random,198159578
random,197510912
random,197944836
random,198472266
random,201629216
random,198057376
random,197260348
random,197958996
random,197653592
random,198567578
random,196108740
random,199981108
random,199055112
random,198742550
random,200958846
random,199594902
random,200219804
random,196272366
random,192594854
random,201523048
random,204190092
random,199251606
random,199785458
random,200600118
random,200152544
random,200930156
random,199765226
random,195462710
random,197058564
random,198536598
random,198669774
random,202506492
random,199292406
random,201542190
random,200787398
random,198214566
random,199154870
random,199405460
random,198891940
random,198605654
random,201923544
random,198765650
random,199660904
random,200058332
random,200527308
random,198978938
random,200005252
random,198295062
random,201892418
random,201683498
random,199476890
random,198246780
random,198930944
random,202615718
random,200715398
random,197919644
random,197399338
random,198323700
random,198493606
random,197424410
random,197229028
random,198976746
random,198875804
random,198368640
random,197682126
random,198228196
random,195825882
random,196986114
random,191644164
random,192398520
random,193856474
random,192275572
random,190437012
random,195759424
random,196232866
random,194855494
random,193510486
random,197416984
random,194938042
random,194578486
random,195290584
random,192812488
random,193272714
random,194402158
random,195156128
random,196363350
random,195067932
random,195769536
random,195383968
random,197116350
random,194000736
random,194885690
random,198148796
random,195514858
random,195775464
random,197885228
random,194756880
random,193758872
random,196286358
random,197279882
random,194587998
random,190138834
random,195926164
random,190000986
random,198532266
random,195125278
random,191906982
random,194111980
random,193901030
random,193039064
random,193602484
random,197366542
random,195050606
random,195049784
random,196269460
random,193272990
random,198547484
random,195435442
random,195904356
random,194411856
random,197160538
random,198258756
random,194116416
random,197336018
random,190489638
random,198880166
random,192644546
random,199466836
random,194689074
random,192480644
random,190520474
random,195180392
random,196319226
random,200689170
random,195382230
random,197506190
random,195368668
random,197072072
random,194199084
random,196268074
random,195257080
random,199546582
random,192672446
random,196357210
random,194541850
random,195937082
random,195264306
random,191551320
random,196593604
random,197773492
random,197213230
random,194102344
random,193334526
random,194868772
random,193227348
random,193979818
random,193925966
random,193222044
random,191662596
random,193997990
random,196226678
random,198159954
random,193041646
random,195649126
random,195159232
random,199948884
random,195315038
random,193193260
random,197448564
random,195035608
random,196152716
random,194415434
random,199883726
random,197801732
random,197613632
random,196724078
random,195376144
random,195643274
random,195442692
random,195791084
random,192548030
random,196176492
random,194774508
random,198086876
random,195277278
random,195524606
random,196069926
random,197204324
random,195849972
random,195129648
random,199175418
random,193829434
random,196293360
random,195037934
random,198076338
random,197286954
random,193917238
random,194706680
random,196782966
random,197773560
random,194678600
random,192148210
random,193885142
random,193754462
random,192994412
random,196068260
random,194838330
random,196219468
random,193299742
random,195020166
random,194102202
random,196820274
random,194125668
random,195371992
random,194947094
random,196168042
random,197533692
random,195721934
random,192812084
random,196634114
random,195857754
random,196704114
random,195256188
random,195135780
random,195424166
random,195443212
random,198275286
random,194513666
random,193233848
random,195992148
random,198441066
random,193896912
random,195804654
random,198534642
random,192945226
random,198363598
random,194557510
random,199724406
random,196116806
random,197944882
random,194856986
random,193769730
random,194247316
random,193219458
random,193947508
random,194583044
random,197254576
random,195068736
random,193860016
random,192587516
random,191100484
random,192168134
random,193539996
random,195458824
random,196167712
random,197430180
random,196730300
random,193951822
random,198823412
random,193665530
random,193002990
random,194398366
random,198235534
random,197282124
random,190363970
random,190406554
random,190576124
random,193717414
random,190625490
random,194277044
random,193060198
random,195724012
random,196361606
random,196015848
random,193875464
random,193961834
random,193374974
random,194997082
random,193468290
random,193572798
random,195891552
random,195814994
random,197164284
random,199393106
random,197542950
random,196871130
random,198101624
random,196116866
random,196730910
random,197868628
random,196483666
random,196916308
random,195909462
random,195088770
random,195699796
random,195943674
random,197645604
random,196238058
random,199720486
random,196643430
random,195908570
random,197451816
random,195148316
random,196306210
random,195584322
random,191647508
random,193255490
random,192869796
random,190390614
random,194473090
random,193497720
random,197205270
random,194894464
random,193637962
random,197765406
random,190624662
random,191289922
random,190263982
random,192732760
random,189943184
random,194891086
random,198291624
random,193768172
random,192155224
random,195803626
random,197109952
random,196494482
random,194565720
random,191936262
random,193686212
random,196289636
random,188971178
random,192659612
random,197336604
random,193417224
random,192157844
random,189584276
random,189124938
random,191734418
random,190312452
random,199322048
random,198441436
random,194535498
random,195382328
random,197395312
random,194492950
random,197773724
random,194732354
random,199751864
random,205290204
random,197447502
random,230110092
random,199029630
random,195658156
random,203476300
random,202781274
random,197985016
random,195518684
random,197450402
random,194195964
random,199700818
random,196609772
random,195785950
random,200505946
random,199585544
random,199770720
random,196796428
random,195052500
random,199843952
random,200112496
random,198816974
random,196704308
random,198199958
random,201215922
random,201111166
random,201058168
random,196196896
random,197983534
random,196443574
random,200503484
random,199319004
random,202531292
random,199805990
random,200276788
random,201926502
random,203738080
random,193699802
random,195277470
random,192606358
random,200216296
random,199642332
random,199183962
random,206576522
random,200173390
random,200639646
random,199103874
random,200254086
random,200926876
random,210258968
random,200537924
random,200007832
random,203444494
random,201161912
random,199859650
random,203952108
random,201325186
random,199820836
random,202087548
random,200742182
random,201660996
random,200973314
random,199520132
random,199920660
random,201463996
random,196781428
random,199295562
random,201981384
random,198999626
random,198040114
random,199976634
random,200142010
random,201290188
random,198669988
random,198419682
random,199011780
random,195459840
random,194826122
random,195542580
random,196328286
random,194133914
random,193164666
random,193854502
random,194125170
random,192820204
random,193269106
random,194112904
random,193637126
random,194291936
random,195601988
random,192974620
random,195729456
random,196257932
random,198282842
random,195961924
random,195418966
random,198299596
random,194255676
random,194176198
random,196369286
random,194233744
random,195464358
random,195305856
random,192307804
random,195128726
random,193557312
random,194428748
random,194867776
random,193611802
random,196632642
random,198681890
random,195591464
random,199212078
random,193703878
random,193678426
random,196829230
random,194857934
random,194079430
random,194836086
random,214545234
random,216774922
random,192975400
random,194981234
random,193653112
random,193628348
random,195399494
random,196761988
random,196454572
random,195330266
random,200632816
random,196579512
random,193481214
random,195536878
random,197175330
random,196521066
random,194135536
random,195818128
random,194308792
random,193711076
random,201198734
random,194891168
random,193667568
random,204501920
random,196859150
random,194150256
random,194252358
random,195112012
random,192901032
random,195205850
random,194225764
random,197940774
random,193570542
random,197422464
random,199266364
random,194856650
random,192072262
random,189324104
random,198353414
random,195863540
random,201964694
random,193089886
random,194462160
random,195061618
random,193639694
random,193198194
random,194060674
random,193556800
random,193913624
random,192670482
random,191574748
random,196140016
random,195390394
random,191258894
random,195868038
random,193352938
random,197736028
random,196994672
random,196233638
random,195840534
random,193584320
random,190717726
random,189630702
random,196195146
random,193587574
random,191833658
random,197879566
random,195025226
random,195803420
random,192238726
random,195735906
random,193842490
random,197407754
random,195183136
random,195456022
random,193547842
random,196486706
random,194958526
random,193655858
random,194327720
random,195404462
random,193645846
random,194147606
random,193206928
random,194663380
random,195047658
random,194406630
random,191815500
random,194260556
random,189951856
random,193694226
random,193509338
random,193480126
random,196553980
random,195651334
random,197726852
random,192615330
random,195566712
random,193605942
random,194983016
random,195404862
random,196166182
random,194333632
random,200479356
random,196266316
random,194875906
random,193656720
random,195804698
random,196009640
random,196297138
random,195863030
random,195204416
random,195525676
random,195385550
random,194862002
random,194977746
random,196884244
random,195266522
random,195332162
random,198623718
random,199897920
random,193708788
random,195286194
random,196924418
random,199866066
random,195165002
random,195307216
random,197221526
random,196296282
random,196641848
random,193565490
random,194899636
random,196184066
random,195801736
random,196537932
random,194280868
random,198902580
random,195370350
random,200343362
random,194006956
random,196080398
random,193897064
random,198252360
random,195864534
random,191357186
random,193269240
random,195333008
random,194949116
random,195296490
random,196927558
random,194674776
random,194786708
random,196223466
random,195971354
random,196478194
random,195385120
random,195438878
random,195921910
random,199835962
random,196795080
random,196689368
random,193534202
random,197692868
random,196241324
random,196965050
random,196696906
random,193371760
random,194944012
random,194590642
random,194275644
random,192116462
random,191720244
random,197430702
random,191533350
random,196224250
random,195135742
random,191129652
random,190060928
random,196374556
random,192933236
random,195412084
random,193182136
random,193959916
random,193555180
random,193461922
random,192249508
random,198589254
random,195976282
random,192373768
random,193090748
random,195490994
random,193172142
random,190498516
random,193379584
random,197698908
random,191456820
random,193767444
random,195044432
random,196631704
random,193941840
random,193875886
random,199305124
random,194907676
random,198134124
random,192413050
random,191027528
random,191756924
random,192735726
random,196463388
random,192323986
random,199506458
random,191735166
random,193343312
random,192520054
random,192738900
random,194774504
random,193556544
random,190061838
random,191258188
random,196570234
random,197779908
random,191768988
random,196861326
random,193277794
random,196721162
random,191481900
random,194801486
random,195036656
random,193633952
random,193722840
random,200046598
random,191924760
random,194160656
random,192068906
random,198845636
random,191112658
random,195384094
random,193665880
random,193900662
random,197512148
random,197530036
random,195468246
random,199323474
random,198378398
random,194133196
random,197054034
random,196952322
random,196478608
random,198534236
random,198891366
random,198196106
random,196969874
random,195204578
random,197724258
random,197979848
random,197040784
random,198245024
random,196704366
random,196545228
random,193314202
random,195205672
random,198791682
random,200038140
random,200196804
random,203757610
random,195321370
random,195881990
random,205282994
random,199545664
random,195814204
random,199046648
random,204350126
random,204649592
random,203681946
random,197582210
random,198542888
random,195993668
random,198632152
random,203155832
random,199610582
random,200309068
random,199549480
random,205475068
random,200709682
random,200213808
random,200665716
random,199695268
random,206595156
random,202363964
random,197790220
random,202123712
random,198923146
random,202021990
random,199184238
random,199735002
random,199026620
random,200101966
random,198425012
random,198959496
random,202697164
random,198926280
random,200950360
random,201558668
random,198807892
random,199643170
random,199109172
random,200238946
random,199192894
random,200582436
random,197085364
random,198788762
random,199491520
random,199455396
random,198930786
random,197070268
random,197307204
random,199562406
random,198677540
random,195832568
random,194713774
random,199245980
random,197632542
random,196553970
random,191827102
random,201348906
random,192356738
random,193678638
random,195206972
random,192094278
random,200446050
random,201456132
random,193747240
random,196665080
random,193387506
random,192505040
random,194193354
random,192066982
random,193745948
random,193941518
random,191943066
random,193690008
random,196146710
random,191867434
random,191310690
random,190119436
random,192925276
random,194782996
random,190530052
random,195600064
random,195396092
random,194409356
random,193660842
random,192569554
random,192379926
random,194133276
random,191424318
random,191269314
random,194437420
random,195364328
random,189428216
random,194403146
random,192236108
random,193236130
random,191146670
random,192021822
random,191138400
random,195540714
random,191970970
random,191791756
random,190638222
random,191606006
random,190372860
random,192456690
random,190827616
random,194081320
random,192102204
random,192266650
random,192632056
random,194595756
random,194610382
random,200981858
random,190030608
random,192183656
random,191614730
random,194332532
random,192896664
random,191548936
random,192961286
random,193319156
random,194560408
random,192349894
random,190701898
random,190496722
random,192737652
random,190739736
random,197173022
random,192365624
random,198086200
random,194221868
random,192503892
random,192388606
random,192827106
random,193713350
random,191426596
random,193396536
random,191031276
random,192479618
random,194298400
random,195620174
random,194095508
random,193183188
random,192596462
random,192621984
random,193042898
random,194207230
random,194323746
random,192467466
random,193345674
random,194051568
random,192372944
random,191638812
random,192709788
random,193536644
random,192618538
random,194296526
random,195783964
random,190877490
random,193028300
random,194120972
random,193076160
random,194189416
random,194990200
random,194366182
random,195339816
random,199653114
random,199052118
random,194189440
random,195385830
random,199149448
random,195833900
random,195505888
random,192615614
random,199757408
random,194301098
random,194650936
random,198283612
random,192398166
random,193682984
random,193215264
random,193102972
random,196565382
random,193124436
random,195885678
random,197303204
random,192378224
random,193255156
random,194891652
random,194700354
random,192505232
random,192391050
random,197460020
random,195328904
random,195990716
random,193555806
random,194200256
random,192926112
random,197697124
random,193779882
random,190400492
random,197181524
random,192813616
random,194924088
random,193523162
random,193281068
random,190744256
random,192465390
random,190943770
random,192528134
random,195912740
random,193180230
random,194472266
random,196457588
random,199331804
random,196345298
random,190428130
random,192742144
random,193952134
random,193098668
random,190056396
random,192089024
random,192352336
random,191527056
random,191709200
random,193766464
random,194058824
random,194371566
random,191033798
random,193945034
random,191279424
random,190055558
random,191992170
random,196128192
random,191360460
random,191562080
random,191286342
random,191801048
random,193937814
random,193606746
random,193450974
random,195089754
random,194169924
random,193991806
random,196312986
random,193695688
random,203900126
random,195668874
random,193160296
random,196886118
random,192486790
random,193065242
random,191109764
random,193851280
random,192235782
random,200569856
random,194346954
random,191721224
random,190823774
random,192800664
random,189838602
random,195277940
random,195081828
random,193377100
random,193098110
random,192642746
random,195250830
random,193417474
random,194262040
random,192560728
random,192959610
random,196623880
random,191371786
random,192750302
random,193545222
random,189381120
random,194427392
random,194166242
random,197057546
random,194174644
random,192346522
random,194414558
random,198054370
random,196009680
random,195057560
random,196342934
random,196465672
random,194781532
random,197255658
random,192572172
random,193197934
random,188730904
random,190758558
random,187754792
random,192687158
random,190103952
random,196268678
random,192429160
random,192471732
random,191010406
random,191788146
random,198163754
random,191322572
random,193034402
random,193675440
random,190445928
random,193279698
random,190499900
random,193131016
random,194460324
random,197800854
random,194570168
random,192995318
random,191880090
random,193315460
random,199065620
random,192771354
random,196296186
random,196395222
random,193581072
random,197661992
random,198923968
random,199226756
random,202098770
random,197343388
random,199229024
random,199129294
random,202538948
random,195648816
random,195902828
random,198323264
random,200704354
random,195590664
random,199892202
random,198467348
random,199543498
random,197070816
random,194292764
random,201776476
random,196076712
random,203418938
random,197439672
random,196673818
random,193844966
random,199835664
random,199456010
random,203247106
random,200330270
random,199627800
random,199706622
random,200692218
random,200177924
random,199193224
random,199297588
random,200872600
random,201768616
random,201698950
random,199976428
random,200084072
random,199975268
random,199673736
random,200417644
random,201999144
random,199321004
random,199186778
random,199759400
random,200303044
random,199654208
random,202329318
random,200274342
random,199801486
random,200580882
random,202158494
random,201884820
random,199247970
random,200387416
random,199366824
random,203833764
random,199656520
random,200551458
random,200384298
random,197286282
random,198057148
random,198839824
random,194409142
random,193843058
random,199202348
random,199644438
random,196638216
random,189349492
random,194873910
random,191234912
random,189539362
random,191836760
random,192914086
random,195710974
random,191868122
random,191685832
random,190607648
random,191898228
random,192143346
random,196896338
random,193328610
random,189172236
random,195607162
random,192953610
random,193571244
random,191807356
random,189940004
random,198791276
random,190351042
random,191909064
random,190053934
random,193340988
random,193037878
random,190928008
random,193343718
random,193502464
random,190464686
random,192270336
random,195817446
random,192144448
random,195643016
random,190475282
random,189915068
random,193215388
random,194056056
random,191676946
random,189844464
random,190903906
random,191709540
random,190557882
random,195537992
random,192234342
random,190155552
random,193952194
random,191148840
random,189544290
random,193347560
random,191679466
random,191679914
random,193028390
random,194325628
random,194460286
random,192019718
random,189308382
random,191952682
random,192838362
random,190615048
random,192459170
random,198158786
random,192146496
random,191577508
random,189316460
random,192836324
random,190666000
random,193700818
random,191632978
random,193612340
random,191661028
random,193934024
random,192996808
random,193246368
random,193104694
random,191766330
random,193154484
random,191589678
random,193240570
random,191444040
random,195853086
random,195038496
random,195855910
random,193037070
random,192092938
random,191426446
random,196128164
random,194264404
random,193181776
random,191981528
random,193768832
random,198940204
random,191355442
random,193819908
random,190627512
random,192655226
random,192457988
random,190495776
random,193100176
random,193686196
random,197346982
random,192795656
random,190424156
random,191594322
random,190766140
random,193181422
random,197256194
random,193955832
random,199329810
random,194388376
random,194547756
random,192979424
random,197739444
random,190675262
random,190611162
random,197463844
random,196546804
random,193341546
random,190114482
random,197013768
random,192571730
random,191611208
random,198753142
random,192469678
random,197172254
random,193497650
random,193993190
random,194244148
random,190841938
random,191604626
random,194301768
random,190471774
random,194738708
random,198426778
random,190905196
random,194111688
random,196744558
random,194570840
random,193358554
random,190105260
random,188996668
random,194637150
random,196997378
random,190736428
random,192567348
random,195766042
random,189076474
random,193901458
random,192181024
random,192513988
random,192127724
random,193031346
random,194285402
random,193793602
random,191765314
random,195590080
random,193194906
random,193738622
random,193523942
random,190962908
random,191729148
random,194185806
random,195513230
random,191618890
random,191622944
random,191823122
random,193448218
random,193276340
random,195470750
random,191441930
random,191286032
random,192643680
random,196277526
random,195956838
random,193691412
random,192338156
random,194739600
random,192533476
random,190548204
random,193246426
random,190965198
random,195832652
random,191618632
random,191059518
random,191730272
random,196634636
random,191404896
random,192395496
random,192019376
random,194982368
random,192752334
random,198515712
random,194165738
random,192626086
random,199059232
random,194346542
random,192466304
random,193067780
random,193593790
random,190117928
random,196623382
random,192222682
random,195971424
random,192925366
random,196211176
random,194545394
random,194298270
random,193508212
random,192221386
random,196721896
random,195354490
random,193541538
random,189909732
random,190523390
random,194715506
random,194870726
random,192210136
random,192242832
random,193633834
random,196518904
random,192863006
random,190488806
random,196728242
random,193341780
random,192384170
random,193123900
random,195050684
random,196940698
random,193754948
random,192787944
random,192140482
random,191362918
random,194059454
random,193775266
random,189825920
random,191904206
random,195389040
random,193469288
random,194703626
random,195554512
random,195365720
random,194629206
random,190717864
random,195723306
random,192464690
random,193130440
random,192578456
random,193672488
random,192441486
random,192077666
random,192361344
random,192915186
random,193603946
random,195868600
random,192584984
random,194722432
random,194409734
random,194290578
random,189520678
random,191975626
random,193167886
random,192813404
random,192290030
random,192509414
random,194197942
random,193023352
random,192359104
random,196449448
random,197148424
random,198344212
random,195757694
random,193001294
random,195157136
random,196867556
random,194675446
random,196484912
random,197963482
random,198712798
random,201119108
random,195784938
random,198442354
random,199252984
random,201100530
random,200664766
random,201678588
random,197683382
random,197403398
random,199531056
random,199166670
random,196888668
random,197623472
random,198514228
random,199847316
random,197217336
random,199907434
random,199625898
random,200815928
random,197033266
random,195212112
random,199094850
random,200622338
random,199969210
random,199863152
random,199751356
random,201057292
random,199926772
random,199341692
random,197498342
random,195131296
random,198755476
random,198560626
random,199732984
random,198748994
random,199284674
random,199677792
random,198477056
random,198977918
random,198851128
random,198965918
random,199274774
random,199230970
random,198499872
random,198772518
random,199639668
random,198730008
random,198845902
random,199445632
random,198745262
random,200832576
random,201200064
random,199141388
random,198510030
random,200138398
random,198396840
random,201085416
random,200088376
random,199658060
random,201361224
random,203352196
random,200059348
random,198002836
random,200265154
random,200196042
random,199389148
random,195577634
random,196456028
random,198616478
random,202957818
random,193478218
random,195347136
random,196231086
random,193284758
random,193460120
random,193155510
random,194236428
random,194521540
random,189763586
random,196597156
random,192313704
random,192460284
random,194644358
random,190690358
random,193945642
random,193753176
random,195369152
random,190860892
random,190484006
random,192311434
random,192287774
random,190005898
random,192382224
random,194260282
random,193225706
random,189730634
random,193767754
random,194413464
random,192773200
random,197441160
random,194069540
random,198647648
random,192438606
random,191327402
random,194264980
random,195384298
random,193976034
random,195430324
random,193612064
random,194766440
random,194750354
random,194334468
random,196721562
random,193304918
random,192695452
random,195152432
random,193623746
random,195293840
random,193579062
random,197083224
random,196014162
random,194766722
random,196255732
random,191212082
random,195676386
random,194152240
random,191719588
random,194729544
random,193638996
random,193918210
random,193470764
random,193233440
random,195542104
random,193098558
random,194425000
random,194259472
random,193198850
random,197026358
random,196547116
random,191458122
random,193855946
random,195477100
random,191228080
random,198428010
random,193032336
random,195589386
random,191630782
random,194846154
random,190702054
random,194736158
random,195241276
random,192532034
random,192847568
random,193386254
random,190796558
random,190113606
random,194377040
random,194362996
random,192306192
random,194213420
random,195581142
random,192736528
random,196667190
random,192563950
random,194942454
random,195496614
random,192921446
random,193951348
random,192159846
random,192628842
random,196197386
random,191895774
random,198764550
random,193013118
random,191102432
random,197377234
random,194894192
random,191675120
random,192792452
random,196550822
random,192471882
random,193296764
random,193190886
random,191012468
random,196832634
random,195370182
random,198187858
random,192177634
random,191950256
random,194016042
random,194100820
random,189963902
random,190635876
random,192162050
random,194410746
random,195456544
random,193816082
random,194253504
random,196799666
random,197130380
random,192445536
random,196418130
random,193773992
random,200206846
random,192292292
random,195061902
random,197740394
random,194036542
random,191895432
random,194782626
random,193067822
random,192489790
random,194632834
random,194061290
random,195333926
random,194351262
random,193576422
random,195423510
random,197120700
random,195810372
random,193716086
random,192846088
random,196475756
random,195815522
random,194083282
random,195355882
random,192148240
random,192011890
random,194062724
random,197543788
random,195693182
random,191355992
random,194038810
random,195333874
random,193176674
random,193446020
random,193976084
random,195314140
random,192994806
random,193823998
random,193711268
random,192943138
random,192729032
random,193454630
random,190813568
random,191797024
random,192594638
random,193390630
random,194727986
random,194115500
random,193994708
random,192060660
random,192732830
random,192893476
random,193305170
random,193884308
random,197556886
random,195051458
random,194636544
random,192472370
random,193759956
random,194132872
random,195190238
random,192846052
random,191354398
random,193141898
random,192780438
random,192764336
random,195596878
random,192854582
random,193106676
random,193629074
random,196723444
random,196098288
random,194639444
random,196512514
random,194020346
random,196709932
random,193182476
random,196176144
random,193776396
random,195129262
random,194152084
random,192237434
random,193173034
random,196766652
random,193676806
random,193695414
random,195908928
random,192300654
random,194885040
random,197000850
random,193550058
random,194821652
random,196673072
random,194813592
random,196860948
random,196122448
random,193581698
random,194838734
random,195787958
random,194855508
random,197920090
random,193859088
random,192332782
random,193865792
random,200524272
random,194918306
random,193324184
random,193513370
random,196002782
random,194965020
random,193402704
random,196765322
random,197422530
random,193877576
random,196007494
random,193994672
random,195112140
random,194327744
random,198342206
random,199401046
random,198404970
random,199248080
random,199455506
random,199996848
random,195528254
random,196385860
random,198670478
random,197907136
random,197914298
random,194265176
random,199419808
random,200096922
random,199150386
random,198553084
random,195915936
random,199991430
random,197726744
random,198805034
random,201945576
random,197511062
random,196573174
random,199751086
random,199623978
random,196192542
random,196532688
random,200976848
random,198781794
random,195821124
random,198183354
random,197961432
random,200310380
random,192870652
random,195764716
random,198869630
random,200010804
random,200528380
random,199401944
random,198810758
random,199290966
random,198964040
random,203053344
random,198583678
random,199687750
random,199473460
random,200699648
random,198602852
random,196335176
random,201185218
random,198296032
random,198719338
random,203783862
random,198094680
random,203019252
random,198547460
random,199454102
random,198499772
random,198888366
random,203062720
random,199177918
random,198433816
random,200151552
random,199727358
random,198347908
random,199121198
random,201616194
random,199807032
random,205790322
random,198568622
random,200985864
random,199211052
random,200537750
random,199396146
random,201292096
random,201763746
random,198883964
random,198758346
random,202553438
random,197755524
random,200025332
random,196771292
random,197313826
random,195712822
random,193588880
random,192924678
random,193138644
random,189662762
random,191269880
random,193517656
random,191412276
random,193634978
random,190445106
random,189886664
random,192051836
random,190853970
random,191743902
random,192042828
random,194528284
random,191497286
random,195122954
random,194199712
random,192561674
random,190648218
random,193907376
random,191898416
random,194670448
random,192597840
random,191938040
random,194121864
random,190779288
random,190495904
random,196624516
random,193168236
random,192358886
random,191774340
random,198709394
random,192746292
random,193190066
random,192326502
random,188999862
random,196619164
random,195379560
random,194493200
random,191084390
random,194731550
random,193643472
random,193197778
random,192634594
random,194797922
random,191171130
random,191717370
random,196614760
random,195586946
random,190796410
random,197100114
random,194250670
random,197963692
random,199070744
random,196107718
random,190491238
random,190909090
random,195842308
random,197893680
random,195935516
random,195521902
random,192553708
random,195000940
random,195930920
random,193470432
random,193178568
random,194042822
random,196819624
random,193064218
random,193946692
random,198664962
random,194736386
random,193051906
random,194142600
random,194444564
random,196138102
random,192851812
random,192901022
random,194254648
random,192701114
random,194579226
random,192487162
random,198178028
random,192908372
random,195054600
random,194970160
random,194157226
random,192743408
random,195195774
random,193287422
random,191645356
random,194847240
random,195009296
random,198186946
random,193742234
random,217012596
random,194344338
random,190847250
random,193708508
random,197367376
random,193423502
random,195957062
random,197057844
random,194155470
random,190669542
random,191419098
random,195682014
random,196469312
random,191015282
random,194785614
random,195734788
random,194964386
random,196735024
random,191384360
random,195925900
random,194644182
random,192360316
random,191767656
random,194267624
random,195986752
random,192632560
random,192226060
random,193556644
random,195956604
random,196127950
random,195835358
random,192943768
random,194766764
random,197533868
random,195576188
random,194318712
random,192689848
random,193985984
random,193284364
random,196658064
random,191161402
random,192518840
random,197060060
random,194691360
random,195305906
random,195227550
random,196152204
random,194620964
random,195110466
random,196283584
random,194815746
random,195428120
random,193511984
random,193835726
random,194303546
random,194074494
random,198210886
random,198165696
random,193338452
random,198597326
random,190762828
random,194873920
random,194504070
random,194014298
random,197640264
random,194544750
random,191934572
random,196332698
random,194706340
random,197918676
random,195018160
random,194789606
random,192774096
random,195761708
random,195982522
random,194534044
random,196494354
random,190846346
random,192295326
random,192645970
random,190560362
random,192119970
random,191220286
random,195762796
random,196663914
random,190517374
random,197067414
random,189784996
random,193019742
random,198231340
random,190514480
random,192944940
random,191908966
random,198930966
random,192690414
random,192317188
random,194810004
random,194692132
random,194986592
random,198140798
random,191436656
random,194656134
random,196770480
random,195741074
random,195233140
random,194811652
random,195478314
random,198823248
random,195941034
random,196992304
random,197411148
random,197419306
random,198532974
random,196205804
random,194421134
random,197708126
random,190868146
random,191754526
random,192206758
random,192704216
random,193865118
random,191099286
random,193205064
random,195803428
random,192336850
random,194681938
random,195342686
random,194544058
random,196798630
random,194882970
random,194818374
random,197050838
random,192001292
random,193024556
random,193028694
random,196682574
random,191111506
random,191824660
random,193312228
random,193351144
random,198811982
random,196593098
random,196190684
random,196132514
random,193919160
random,197605728
random,197791266
random,193611820
random,195665548
random,195407146
random,195269844
random,197120458
random,194818972
random,197936362
random,201392178
random,196706994
random,197345950
random,194226414
random,198080340
random,196745558
random,195700142
random,195431662
random,196141080
random,194625916
random,197298318
random,195929438
random,196099240
random,195586112
random,196390702
random,195952016
random,199524654
random,195802312
random,199697784
random,196849758
random,196297488
random,196033886
random,197078232
random,195596614
random,199722394
random,198301130
random,196096442
random,199685370
random,202688036
random,195749724
random,194892936
random,197355604
random,199483236
random,199106670
random,200925194
random,199804882
random,200344602
random,203616674
random,201434736
random,205392714
random,200950446
random,199696384
random,199043176
random,199812858
random,200619218
random,202391530
random,202144562
random,201196500
random,201258464
random,200606354
random,196535662
random,202281054
random,201419448
random,197003912
random,197825544
random,199451004
random,199348164
random,200090794
random,198746058
random,200126508
random,200958212
random,198995074
random,197727370
random,198123216
random,199954192
random,199765472
random,201303746
random,198769268
random,199720334
random,198253374
random,200116016
random,199364802
random,199534638
random,199401890
random,199408932
random,201055792
random,201393870
random,197444080
random,198375190
random,227056912
random,199187718
random,199377904
random,199436984
random,200584304
random,198684686
random,199392908
random,201954432
random,200373794
random,202106086
random,199429068
random,199140366
random,200863126
random,199542074
random,198954882
random,198067710
random,197596852
random,198585124
random,198489540
random,198372382
random,199627792
random,199007068
random,198569114
random,197158144
random,197764224
random,202307822
random,199602990
random,199265418
random,196503610
random,198624848
random,196887566
random,192947422
random,192201510
random,194049298
random,195469112
random,193606854
random,195523766
random,196832856
random,195004392
random,197598012
random,197529804
random,194852032
random,196117740
random,196362568
random,196163024
random,194869044
random,197194440
random,197704174
random,197320444
random,196106722
random,194007426
random,195238448
random,194780274
random,196646768
random,198888446
random,194579944
random,196082862
random,195741130
random,194249902
random,196972184
random,191254296
random,193423756
random,191982210
random,197804422
random,195561050
random,194840968
random,195167692
random,194500800
random,195491736
random,196354112
random,195713858
random,193174892
random,195212166
random,194490364
random,193399314
random,195569630
random,192791642
random,195891884
random,197624972
random,195811794
random,196478576
random,194547124
random,196346728
random,195662168
random,195476296
random,194951846
random,196609842
random,196615180
random,196606010
random,196378168
random,220447710
random,196606994
random,197445996
random,199189454
random,193519458
random,195557132
random,197617158
random,196411532
random,195998248
random,194956290
random,193683366
random,193948490
random,198414522
random,194761474
random,198021318
random,197619246
random,196183348
random,196572832
random,196649382
random,194820992
random,195893060
random,197080428
random,197505546
random,198722598
random,194984776
random,195153876
random,196782890
random,194807158
random,194939024
random,196128996
random,194757708
random,195208556
random,190411532
random,194068502
random,196687908
random,194768440
random,196192720
random,194071852
random,195736202
random,195152336
random,195755784
random,194932046
random,196244284
random,196423856
random,193839524
random,197270320
random,196416714
random,196440644
random,195127314
random,195019546
random,196209704
random,196178878
random,194633248
random,195283876
random,194696712
random,194865050
random,198808158
random,195094948
random,196008996
random,199931548
random,196641556
random,198693056
random,198183320
random,197042360
random,196769190
random,194674384
random,195395412
random,196310550
random,194829162
random,196439692
random,195197822
random,195290752
random,194141900
random,192029492
random,193579458
random,196905034
random,198669264
random,195373474
random,194986984
random,200649226
random,194250220
random,202641486
random,196641310
random,196003036
random,199950764
random,196013910
random,194811814
random,194537790
random,200000132
random,195425010
random,195117210
random,194334288
random,197248176
random,200616662
random,195835638
random,196279432
random,196274240
random,194865084
random,196174958
random,196509806
random,195075322
random,195153108
random,195839446
random,195577396
random,198502368
random,193751458
random,191809066
random,192826858
random,191394446
random,191027076
random,192874644
random,195201580
random,193643264
random,193310566
random,195422348
random,190410868
random,193990096
random,190823946
random,193214818
random,193030540
random,191629280
random,195804068
random,191289864
random,192824990
random,192812216
random,193649314
random,193707120
random,194504962
random,193260086
random,190506620
random,195341582
random,192262746
random,191936780
random,193711508
random,190158844
random,192884442
random,193040432
random,191232544
random,192855922
random,194711066
random,193333904
random,192212250
random,192236810
random,192212452
random,193369290
random,192020926
random,193234608
random,189006014
random,191638070
random,193660842
random,193647630
random,196961598
random,191343662
random,191767534
random,194188984
random,197649740
random,197330416
random,191779762
random,198273878
random,192099548
random,193878218
random,194709162
random,193776074
random,194775828
random,192243114
random,194475458
random,196985942
random,191635094
random,192787778
random,196875918
random,196272780
random,195308976
random,196176838
random,193433186
random,193293012
random,193963924
random,194686982
random,195535162
random,193838194
random,193681352
random,195435794
random,196034316
random,196431840
random,194098800
random,192060472
random,193264850
random,194915266
random,196217150
random,194540988
random,197226136
random,195851176
random,199709896
random,196552118
random,197698988
random,194589098
random,198202710
random,201338316
random,199236294
random,195653948
random,199349932
random,196586358
random,197060824
random,201668986
random,198276692
random,198049392
random,199833710
random,197673046
random,197584992
random,198015470
random,198305268
random,196881134
random,198390084
random,202443162
random,195844866
random,195732896
random,198952244
random,198773746
random,203346732
random,199664536
random,199607464
random,201785710
random,198705842
random,199052866
random,198767098
random,197262864
random,198475154
random,200328768
random,199422716
random,199314110
random,202785626
random,199153826
random,199718824
random,201856002
random,200659706
random,200881122
random,199749250
random,199116678
random,206314450
random,202575058
random,199058064
random,201202142
random,200381910
random,200191388
random,199302052
random,202077726
random,200005560
random,198842100
random,201622394
random,198639608
random,199532852
random,199060814
random,198835178
random,199374672
random,194831592
random,198380166
random,199739300
random,198699112
random,198895146
random,198799730
random,197585428
random,199434354
random,195851942
random,196250166
random,195673442
random,196761474
random,199351212
random,197354294
random,192743292
random,195487868
random,194533562
random,193895304
random,190833482
random,192977974
random,191560964
random,192831228
random,194252366
random,193065624
random,193172814
random,195269470
random,190629998
random,193194834
random,195496904
random,191505954
random,190840306
random,192312332
random,193057568
random,194797890
random,196162186
random,192890472
random,193179728
random,193558760
random,192039198
random,193723606
random,192270106
random,190892760
random,189624768
random,190867716
random,194113632
random,192469988
random,193635512
random,191714944
random,193663294
random,192299140
random,188306286
random,187844398
random,193201670
random,189038978
random,192279678
random,194919236
random,194509408
random,194393354
random,194491488
random,188364534
random,194124686
random,193274872
random,192648352
random,192492972
random,190538838
random,191719108
random,192647126
random,190723242
random,194221998
random,193616882
random,189323936
random,192500756
random,192642606
random,197936718
random,192622236
random,190469184
random,192246850
random,190754600
random,190315990
random,190610558
random,195634926
random,193824030
random,194746684
random,201679166
random,193013376
random,198001402
random,194754688
random,193158514
random,198244702
random,194918388
random,195977634
random,192715062
random,194071304
random,194137706
random,195422450
random,194887804
random,193414106
random,196227472
random,190075806
random,193237598
random,191387312
random,196265038
random,191772636
random,195470900
random,194370064
random,193931226
random,194549308
random,194601212
random,195702402
random,194104726
random,192197586
random,196001776
random,193068258
random,193664320
random,195965136
random,195093020
random,193401788
random,195410076
random,194246546
random,193134198
random,194269460
random,194094586
random,193523350
random,193542896
random,195136456
random,197151622
random,194229890
random,195037308
random,195876406
random,194427726
random,194918258
random,192217440
random,195419362
random,193559724
random,193845946
random,193783430
random,193558690
random,192677338
random,193033918
random,192845908
random,196844772
random,193924032
random,192867578
random,195033888
random,192554988
random,195186890
random,194834386
random,193235686
random,193673478
random,192877344
random,195979404
random,193063308
random,193158308
random,193541488
random,191980080
random,195814970
random,193011432
random,192917458
random,195256864
random,195831544
random,193857314
random,196577494
random,198301770
random,192812678
random,193835062
random,195307634
random,195428308
random,196051446
random,195309290
random,199061574
random,195081988
random,193909924
random,192515712
random,193479696
random,196569876
random,189189944
random,193405972
random,196981762
random,192255694
random,193070526
random,191054560
random,197705662
random,194632664
random,196152490
random,191160180
random,195894164
random,194895242
random,192127462
random,193897600
random,191379270
random,193455654
random,193271548
random,194287298
random,194033814
random,192643480
random,201394390
random,194754572
random,195180130
random,193309798
random,195996598
random,192298522
random,191801374
random,194246432
random,193346226
random,195349126
random,193356612
random,194920588
random,193189268
random,202212766
random,194008584
random,191205386
random,191253110
random,195064330
random,195931188
random,193306376
random,198483296
random,193172862
random,197083746
