class,cycles
fixed,254221844
fixed,258454570
fixed,248014096
fixed,247671720
fixed,249201094
fixed,250778922
fixed,251378528
fixed,246164032
fixed,249380228
fixed,250500538
fixed,248777192
fixed,247988284
fixed,249826650
fixed,245972034
fixed,245561412
fixed,246190264
fixed,246562574
fixed,247633576
fixed,248762348
fixed,246913510
fixed,249152752
fixed,245221040
fixed,246705666
fixed,246902034
fixed,247069500
fixed,248807930
fixed,246208666
fixed,245212516
fixed,243535896
fixed,246317988
fixed,242882362
fixed,245714802
fixed,249047432
fixed,251590410
fixed,247967986
fixed,245676304
fixed,242142472
fixed,244237276
fixed,245830828
fixed,250617658
fixed,245389800
fixed,246797666
fixed,244185118
fixed,242751254
fixed,247921190
fixed,247812218
fixed,243631116
fixed,244684284
fixed,246230304
fixed,245045578
fixed,245861748
fixed,249039496
fixed,245526662
fixed,247795456
fixed,247691364
fixed,250054640
fixed,252208882
fixed,252869188
fixed,249281220
fixed,247298052
fixed,245585740
fixed,248296096
fixed,249329506
fixed,248759594
fixed,248340128
fixed,248626246
fixed,248580716
fixed,249424024
fixed,248703908
fixed,248051816
fixed,247665836
fixed,247729672
fixed,247274952
fixed,246013124
fixed,244727988
fixed,248719052
fixed,246989292
fixed,246984508
fixed,244911482
fixed,245066868
fixed,245726542
fixed,247416704
fixed,247509396
fixed,249505094
fixed,248615966
fixed,251119618
fixed,246893710
fixed,248928940
fixed,246882838
fixed,246987226
fixed,247240758
fixed,248554288
fixed,247908682
fixed,246377948
fixed,247181812
fixed,247739546
fixed,248846398
fixed,247819038
fixed,243897618
fixed,249039032
fixed,248352300
fixed,247715812
fixed,246167004
fixed,257363222
fixed,250387758
fixed,246416186
fixed,248715082
fixed,249746078
fixed,245184198
fixed,249005090
fixed,247840784
fixed,250053574
fixed,247433162
fixed,252994284
fixed,251326276
fixed,248297600
fixed,254346050
fixed,249876060
fixed,247363026
fixed,246588758
fixed,248554736
fixed,251171728
fixed,250035240
fixed,249214212
fixed,250226346
fixed,248426222
fixed,246977744
fixed,248771624
fixed,249219488
fixed,251965960
fixed,248819024
fixed,252216958
fixed,252198444
fixed,252017214
fixed,250165746
fixed,252098416
fixed,248840644
fixed,249152798
fixed,246854606
fixed,250180426
fixed,247107130
fixed,249469650
fixed,248462104
fixed,248050036
fixed,248855526
fixed,247452640
fixed,251155532
fixed,249819622
fixed,251166048
fixed,248687012
fixed,248281918
fixed,248828338
fixed,245272916
fixed,249611124
fixed,250713346
fixed,250802312
fixed,249564806
fixed,248023374
fixed,251654188
fixed,248757234
fixed,248959040
fixed,250808052
fixed,248930198
fixed,253163288
fixed,248719884
fixed,248925154
fixed,251526138
fixed,249471532
fixed,251369492
fixed,250654402
fixed,248345932
fixed,249558188
fixed,248982070
fixed,247675302
fixed,251901620
fixed,250339646
fixed,250515090
fixed,251641874
fixed,251888368
fixed,248261318
fixed,246061966
fixed,250727906
fixed,247463368
fixed,247814264
fixed,249181516
fixed,243013250
fixed,248238738
fixed,250564102
fixed,248194012
fixed,248041286
fixed,249069846
fixed,246254436
fixed,248415824
fixed,251449244
fixed,247262184
fixed,249727046
fixed,250458084
fixed,251739248
fixed,248211492
fixed,248389150
fixed,247762846
fixed,247711472
fixed,246669632
fixed,253176804
fixed,245333174
fixed,249020814
fixed,246964156
fixed,250246382
fixed,247517834
fixed,245571166
fixed,245065208
fixed,250017202
fixed,249047868
fixed,249495310
fixed,247364956
fixed,246854900
fixed,248723866
fixed,249906544
fixed,250103382
fixed,252604424
fixed,253215496
fixed,250238430
fixed,249948030
fixed,254376432
fixed,255864244
fixed,253098342
fixed,255165060
fixed,255232406
fixed,258030454
fixed,250150314
fixed,249478672
fixed,254310422
fixed,251568348
fixed,251199542
fixed,253241804
fixed,250853536
fixed,252388814
fixed,254288056
fixed,257127636
fixed,255360308
fixed,254165226
fixed,255691016
fixed,250743042
fixed,251751264
fixed,253365466
fixed,253097398
fixed,254821424
fixed,253351008
fixed,253737654
fixed,255633814
fixed,249703272
fixed,256146610
fixed,258395150
fixed,255253104
fixed,256879718
fixed,256192784
fixed,255405902
fixed,254855438
fixed,255659676
fixed,254091856
fixed,255986602
fixed,254589352
fixed,257078796
fixed,255640832
fixed,255567908
fixed,253515698
fixed,255880446
fixed,253077580
fixed,255628914
fixed,251215280
fixed,248461046
fixed,249268402
fixed,252818942
fixed,255498766
fixed,251412302
fixed,256347918
fixed,253423452
fixed,250911428
fixed,246694024
fixed,250139098
fixed,249768972
fixed,246799200
fixed,243092044
fixed,245414790
fixed,244084384
fixed,242593070
fixed,250111656
fixed,246710650
fixed,244807596
fixed,245110740
fixed,247050280
fixed,248081366
fixed,247197296
fixed,247242706
fixed,246853352
fixed,248601724
fixed,247035426
fixed,248536324
fixed,243358172
fixed,242452712
fixed,245013860
fixed,246583690
fixed,243901208
fixed,251454652
fixed,243655658
fixed,249169806
fixed,243737448
fixed,244817944
fixed,248934142
fixed,248244874
fixed,243610354
fixed,245175856
fixed,242849230
fixed,245457118
fixed,245400578
fixed,244666864
fixed,244169116
fixed,245092070
fixed,244434534
fixed,247250168
fixed,249018184
fixed,243683392
fixed,250585114
fixed,246795998
fixed,249166416
fixed,243016942
fixed,245338038
fixed,249707100
fixed,249471380
fixed,244763250
fixed,241580864
fixed,244599226
fixed,244948258
fixed,244946964
fixed,242218746
fixed,251065384
fixed,248824712
fixed,245362906
fixed,244059814
fixed,246034922
fixed,243052418
fixed,242469560
fixed,242609152
fixed,246328258
fixed,244299166
fixed,243049664
fixed,244968532
fixed,243560508
fixed,243811984
fixed,242034618
fixed,244542318
fixed,248497980
fixed,243555302
fixed,243463340
fixed,245032406
fixed,246565570
fixed,242124940
fixed,241588924
fixed,243391216
fixed,245290724
fixed,245960306
fixed,241490402
fixed,244790732
fixed,243921178
fixed,243049622
fixed,249714006
fixed,241430924
fixed,240871306
fixed,241534546
fixed,244524600
fixed,244709530
fixed,243226646
fixed,247994090
fixed,245043656
fixed,242170066
fixed,248553948
fixed,246004106
fixed,251742948
fixed,244683120
fixed,243654482
fixed,242576962
fixed,239058420
fixed,249381626
fixed,246927510
fixed,245431342
fixed,242984408
fixed,251776480
fixed,245773310
fixed,245556274
fixed,243027594
fixed,243518452
fixed,243913168
fixed,249680186
fixed,243654108
fixed,244264706
fixed,246134378
fixed,247013504
fixed,242869546
fixed,244260236
fixed,242209718
fixed,243985418
fixed,251703364
fixed,241605808
fixed,244191154
fixed,247368586
fixed,244580256
fixed,247405994
fixed,242764688
fixed,244570020
fixed,245310980
fixed,252078106
fixed,248313158
fixed,243689272
fixed,249510978
fixed,245180086
fixed,248346628
fixed,246234466
fixed,239467946
fixed,250510388
fixed,249515476
fixed,244448170
fixed,244676754
fixed,252403180
fixed,248389132
fixed,242292024
fixed,247863322
fixed,250485764
fixed,246950946
fixed,246849904
fixed,249073642
fixed,248108134
fixed,245067634
fixed,248481318
fixed,247299608
fixed,248192950
fixed,242545260
fixed,248774478
fixed,244423972
fixed,248062496
fixed,246667892
fixed,241755238
fixed,244449282
fixed,243677536
fixed,246153672
fixed,242625574
fixed,250180724
fixed,242517384
fixed,242803260
fixed,246083802
fixed,248124352
fixed,245904644
fixed,244887940
fixed,247250372
fixed,243204756
fixed,241066328
fixed,245168794
fixed,246037014
fixed,244556292
fixed,243590636
fixed,241318334
fixed,247736058
fixed,241614046
fixed,246421476
fixed,250754970
fixed,241246772
fixed,250865666
fixed,245677906
fixed,246324250
fixed,247674568
fixed,243335150
fixed,242850546
fixed,244550740
fixed,241116746
fixed,248335482
fixed,244333776
fixed,249923884
fixed,243679914
fixed,246621096
fixed,249492052
fixed,247423708
fixed,240365328
fixed,247865732
fixed,244088730
fixed,244653296
fixed,243621648
fixed,244941740
fixed,241119462
fixed,241769408
fixed,249929602
fixed,248057990
fixed,242274566
fixed,244405422
fixed,245820886
fixed,248221868
fixed,243085244
fixed,244570208
fixed,243467054
fixed,243519384
fixed,243586438
fixed,245112178
fixed,250576418
fixed,247230296
fixed,250359886
fixed,249234280
fixed,253524206
fixed,253545386
fixed,250261478
fixed,255434938
fixed,255040772
fixed,255274400
fixed,248170104
fixed,248219880
fixed,251941750
fixed,254676258
fixed,254249052
fixed,255045366
fixed,251433976
fixed,251287482
fixed,249128762
fixed,249891830
fixed,245697118
fixed,247340562
fixed,250164798
fixed,253588056
fixed,254020098
fixed,252348736
fixed,253884880
fixed,256224386
fixed,254378562
fixed,254696438
fixed,253497426
fixed,254502016
fixed,252879254
fixed,253667488
fixed,254001906
fixed,255107632
fixed,253054690
fixed,253676520
fixed,255231086
fixed,253036486
fixed,254969690
fixed,255440190
fixed,254629504
fixed,253463098
fixed,253183382
fixed,255020670
fixed,253413786
fixed,252797118
fixed,256705162
fixed,253200544
fixed,256025328
fixed,253572036
fixed,252383710
fixed,252844956
fixed,254235318
fixed,248935068
fixed,248303214
fixed,251454810
fixed,253420354
fixed,253560392
fixed,250697742
fixed,249699628
fixed,253637452
fixed,254251140
fixed,253951580
fixed,249020410
fixed,251524958
fixed,243675832
fixed,244601752
fixed,247283426
fixed,242265516
fixed,243150752
fixed,249872012
fixed,244316092
fixed,247197032
fixed,250574216
fixed,244149208
fixed,246770744
fixed,247978608
fixed,246507596
fixed,244019906
fixed,243800528
fixed,244887778
fixed,244206066
fixed,255240432
fixed,249680172
fixed,241036664
fixed,242619776
fixed,245960228
fixed,244881114
fixed,245369690
fixed,248727506
fixed,246148660
fixed,241966222
fixed,245658628
fixed,249621524
fixed,245657330
fixed,242142252
fixed,248255048
fixed,248823434
fixed,245591902
fixed,241983348
fixed,240293816
fixed,245671128
fixed,247936168
fixed,244643286
fixed,245002342
fixed,243003398
fixed,241365958
fixed,249232074
fixed,246306374
fixed,247894038
fixed,242548016
fixed,248167096
fixed,246413160
fixed,245678786
fixed,244786440
fixed,244659744
fixed,251077364
fixed,245972966
fixed,243645224
fixed,249114496
fixed,244817748
fixed,251845866
fixed,249297630
fixed,251526306
fixed,245476872
fixed,250080802
fixed,242810222
fixed,245044626
fixed,249696194
fixed,243996288
fixed,250097492
fixed,245294844
fixed,251821706
fixed,241253740
fixed,243278262
fixed,245245616
fixed,246680120
fixed,241936260
fixed,244642804
fixed,248793438
fixed,243770752
fixed,245098992
fixed,242197108
fixed,243174536
fixed,246138434
fixed,245845004
fixed,242338166
fixed,246310736
fixed,243601524
fixed,242202920
fixed,245383796
fixed,242220100
fixed,246973720
fixed,245342284
fixed,243481718
fixed,247304736
fixed,245695222
fixed,245067162
fixed,248882658
fixed,246598526
fixed,246103376
fixed,243529692
fixed,242998060
fixed,244038740
fixed,243658906
fixed,246801090
fixed,241705882
fixed,245597620
fixed,250113502
fixed,245299202
fixed,241624246
fixed,244934394
fixed,245903680
fixed,243955726
fixed,240090698
fixed,242135552
fixed,247056146
fixed,241616572
fixed,244850632
fixed,243948692
fixed,243974596
fixed,248410064
fixed,244717020
fixed,248569512
fixed,244032230
fixed,244297224
fixed,242178516
fixed,249363514
fixed,247901968
fixed,245785278
fixed,247059932
fixed,249198950
fixed,244269040
fixed,251557058
fixed,244177360
fixed,249835872
fixed,244113982
fixed,246304844
fixed,245109712
fixed,243081054
fixed,248244096
fixed,246513614
fixed,248770810
fixed,245160286
fixed,243213764
fixed,243019902
fixed,241920204
fixed,248289364
fixed,244898248
fixed,244415934
fixed,242138594
fixed,255106790
fixed,245413660
fixed,248531058
fixed,244033686
fixed,246287200
fixed,243917746
fixed,247056310
fixed,244054008
fixed,243998052
fixed,245368758
fixed,242252742
fixed,246398284
fixed,245062380
fixed,243867968
fixed,241629006
fixed,246400968
fixed,250807594
fixed,244869348
fixed,250292594
fixed,243668424
fixed,248181104
fixed,245148796
fixed,242228566
fixed,248887854
fixed,249388428
fixed,243711110
fixed,245741630
fixed,244519294
fixed,245180300
fixed,241691972
fixed,246995322
fixed,244839588
fixed,242587896
fixed,246818706
fixed,244119254
fixed,248905510
fixed,247816364
fixed,248618686
fixed,242619776
fixed,247055696
fixed,250825472
fixed,247302980
fixed,247117982
fixed,246856576
fixed,244839276
fixed,249524060
fixed,249229348
fixed,248706484
fixed,251573024
fixed,244512330
fixed,249862656
fixed,249195330
fixed,244809608
fixed,245531274
fixed,247789438
fixed,247690256
fixed,246247262
fixed,249249302
fixed,246471416
fixed,246214434
fixed,245571772
fixed,249753630
fixed,244444174
fixed,248202780
fixed,246884168
fixed,249929052
fixed,247375542
fixed,248002198
fixed,249250314
fixed,250574584
fixed,244099250
fixed,249827904
fixed,242135754
fixed,245635542
fixed,242283462
fixed,248035872
fixed,246009424
fixed,250678276
fixed,251484894
fixed,250138412
fixed,251481780
fixed,254440496
fixed,250644672
fixed,254527520
fixed,252571038
fixed,256951110
fixed,245442294
fixed,247896442
fixed,248786870
fixed,249355404
fixed,253664016
fixed,245907876
fixed,250752854
fixed,247294906
fixed,251287324
fixed,248606280
fixed,253134568
fixed,252942794
fixed,250160698
fixed,248338468
fixed,256710782
fixed,253884394
fixed,254116822
fixed,253896966
fixed,250360702
fixed,255581526
fixed,257079682
fixed,254557442
fixed,253139288
fixed,252312286
fixed,253860566
fixed,252593276
fixed,253292754
fixed,253388526
fixed,256611430
fixed,253388368
fixed,254415250
fixed,256623236
fixed,261982190
fixed,255233876
fixed,254047216
fixed,254025540
fixed,251601368
fixed,254060774
fixed,253937644
fixed,253879598
fixed,250599794
fixed,248348276
fixed,287548934
fixed,311789620
fixed,247245286
fixed,247800926
fixed,243275066
fixed,245100436
fixed,248946928
fixed,247461498
fixed,247278704
fixed,245619242
fixed,255758652
fixed,245962088
fixed,252177842
fixed,248615426
fixed,248554632
fixed,240989166
fixed,243896476
fixed,250857008
fixed,247980622
fixed,247129668
fixed,245268164
fixed,241810212
fixed,245189378
fixed,244568336
fixed,242884918
fixed,242028678
fixed,243343510
fixed,244991434
fixed,250809872
fixed,241433234
fixed,246901134
fixed,243166250
fixed,244800934
fixed,246173830
fixed,248417442
fixed,247690110
fixed,246543820
fixed,246342958
fixed,250081022
fixed,246156964
fixed,244165094
fixed,247243478
fixed,245557738
fixed,241060748
fixed,244975900
fixed,249601520
fixed,244010502
fixed,246869132
fixed,247783702
fixed,243672560
fixed,246547772
fixed,245723888
fixed,248467892
fixed,244851326
fixed,244990196
fixed,245498754
fixed,252409754
fixed,250435102
fixed,243347270
fixed,248247444
fixed,246062880
fixed,245669760
fixed,246773400
fixed,248431114
fixed,247487884
fixed,249414770
fixed,245361604
fixed,242990350
fixed,243901940
fixed,243746948
fixed,242009566
fixed,245541326
fixed,242532156
fixed,240348168
fixed,241526534
fixed,245973698
fixed,245135172
fixed,241803270
fixed,249018380
fixed,245700040
fixed,242637354
fixed,245634966
fixed,244276606
fixed,249787492
fixed,243800332
fixed,248028150
fixed,246527804
fixed,248637666
fixed,246608410
fixed,246603798
fixed,242967950
fixed,243271414
fixed,246973224
fixed,244345796
fixed,245108356
fixed,246956144
fixed,246813310
fixed,243947794
fixed,248710660
fixed,248250120
fixed,250696652
fixed,247869502
fixed,246593062
fixed,247845440
fixed,248154418
fixed,242025270
fixed,241413474
fixed,242724364
fixed,244527894
fixed,244470136
fixed,250250582
fixed,248736146
fixed,245575364
fixed,250988214
fixed,242380706
fixed,242920560
fixed,244697242
fixed,250219540
fixed,242803192
fixed,243997116
fixed,245824620
fixed,246170314
fixed,243893324
fixed,243472562
fixed,246341632
fixed,247815628
fixed,245509760
fixed,247220592
fixed,247018504
fixed,246735794
fixed,245077396
fixed,245692594
fixed,251455738
fixed,242203502
fixed,245218596
fixed,246821020
fixed,247389772
fixed,251673640
fixed,243212386
fixed,251723482
fixed,244845812
fixed,239598788
fixed,247522640
fixed,248753972
fixed,246030306
fixed,248064152
fixed,246203690
fixed,244764838
fixed,252484980
fixed,245806536
fixed,243146762
fixed,243784434
fixed,240313522
fixed,249885750
fixed,240604678
fixed,243319768
fixed,252411956
fixed,242101180
fixed,249083826
fixed,243848048
fixed,248643666
fixed,245615104
fixed,245609712
fixed,241684426
fixed,248088012
fixed,244377814
fixed,244925636
fixed,248573854
fixed,245193612
fixed,243765894
fixed,245772092
fixed,247718788
fixed,250613624
fixed,243819532
fixed,243982894
fixed,247327278
fixed,246601660
fixed,244758630
fixed,249815450
fixed,249426056
fixed,242606890
fixed,247423720
fixed,248891878
fixed,247869432
fixed,245851278
fixed,246028884
fixed,247191280
fixed,243716408
fixed,245900934
fixed,248948408
fixed,245047038
fixed,241891912
fixed,247082792
fixed,245016492
fixed,243813602
fixed,247524706
fixed,244465088
fixed,247423296
fixed,244285792
fixed,247531162
fixed,245202488
fixed,247219478
fixed,247945550
fixed,245044988
fixed,244986480
fixed,247375048
fixed,246124440
fixed,244840068
fixed,251336938
fixed,251724312
fixed,249157734
fixed,246063548
fixed,245833736
fixed,248157106
fixed,244818094
fixed,247553264
fixed,243138290
fixed,246138044
fixed,243679688
fixed,246029964
fixed,251972812
fixed,246312124
fixed,248525722
fixed,252765424
fixed,249085784
fixed,251164694
fixed,255886244
fixed,254628768
fixed,250271672
fixed,248884314
fixed,257618498
fixed,249762106
fixed,256068096
fixed,255878336
fixed,257251032
fixed,255874446
fixed,250000248
fixed,253186814
fixed,256558556
fixed,248651458
fixed,249586190
fixed,256894618
fixed,255804960
fixed,255944602
fixed,248376290
fixed,249809152
fixed,253132856
fixed,255474822
fixed,255392438
fixed,253308680
fixed,255384134
fixed,253959902
fixed,254741932
fixed,253396176
fixed,254652896
fixed,252622320
fixed,254505040
fixed,256231520
fixed,254072680
fixed,253443888
fixed,254607316
fixed,255848194
fixed,253848778
fixed,257612396
fixed,255622696
fixed,255379836
fixed,259302942
fixed,255792154
fixed,254540608
fixed,258479500
fixed,256042416
fixed,254589844
fixed,258046854
fixed,255005528
fixed,256488236
fixed,254594514
fixed,256166154
fixed,247988422
fixed,257295930
fixed,251092088
fixed,247144944
fixed,250701976
fixed,246509732
fixed,246081440
fixed,243015844
fixed,247746630
fixed,248086744
fixed,245945094
fixed,245234160
fixed,246882898
fixed,249240224
fixed,249433746
fixed,245449880
fixed,243926236
fixed,245304506
fixed,248648494
fixed,245965214
fixed,241834226
fixed,243623554
fixed,247079318
fixed,243913368
fixed,247722662
fixed,242205186
fixed,249678992
fixed,244081882
fixed,242007796
fixed,245096548
fixed,242857816
fixed,241066304
fixed,247009680
fixed,242382034
fixed,243221254
fixed,245715858
fixed,243629040
fixed,249338656
fixed,246256300
fixed,242325766
fixed,244008180
fixed,242384696
fixed,252581200
fixed,246200928
fixed,245632162
fixed,246630062
fixed,249469348
fixed,245510162
fixed,243702880
fixed,244612032
fixed,243771366
fixed,246329196
fixed,254263988
fixed,245005638
fixed,243413760
fixed,245575188
fixed,244400806
fixed,244077466
fixed,243138270
fixed,245241110
fixed,245123804
fixed,249107590
fixed,245716822
fixed,248726764
fixed,246006804
fixed,243825440
fixed,244761918
fixed,249054702
fixed,247334878
fixed,242844084
fixed,242393004
fixed,246640848
fixed,245155282
fixed,240546718
fixed,241794846
fixed,246173240
fixed,245707978
fixed,240747014
fixed,246454516
fixed,243382648
fixed,249082048
fixed,246869944
fixed,242545656
fixed,246357660
fixed,245806984
fixed,245294402
fixed,244456826
fixed,250682484
fixed,248665210
fixed,244097152
fixed,242661224
fixed,242609036
fixed,241197074
fixed,240122784
fixed,250690746
fixed,244798450
fixed,244791132
fixed,243871820
fixed,244450454
fixed,246730792
fixed,246279056
fixed,244229512
fixed,244861152
fixed,241877104
fixed,242990422
fixed,245060688
fixed,244269354
fixed,246711270
fixed,246166156
fixed,244799416
fixed,247542576
fixed,244283792
fixed,245027184
fixed,244706290
fixed,244892298
fixed,244480064
fixed,247599836
fixed,244308562
fixed,243177710
fixed,240481308
fixed,246551804
fixed,240194016
fixed,244321016
fixed,243531718
fixed,244159596
fixed,245656406
fixed,244456872
fixed,244321788
fixed,245305226
fixed,247223498
fixed,249965994
fixed,243582666
fixed,244503502
fixed,240038182
fixed,242543040
fixed,247456202
fixed,250214198
fixed,242974870
fixed,245257020
fixed,243450394
fixed,244134500
fixed,251703526
fixed,244065644
fixed,248189036
fixed,244970594
fixed,251596738
fixed,242583454
fixed,242733238
fixed,249078576
fixed,246318652
fixed,242825602
fixed,249041054
fixed,247980014
fixed,246930568
fixed,248652132
fixed,249043230
fixed,245515046
fixed,241462848
fixed,248394648
fixed,245019498
fixed,244070340
fixed,246584894
fixed,245456576
fixed,242351548
fixed,247742720
fixed,247915768
fixed,244369166
fixed,241221096
fixed,245357308
fixed,243930094
fixed,251056736
fixed,245452240
fixed,243779646
fixed,241490832
fixed,249954982
fixed,246687972
fixed,245148694
fixed,249861124
fixed,250593640
fixed,249667166
fixed,242909688
fixed,251137028
fixed,246882444
fixed,246155184
fixed,249375988
fixed,246237688
fixed,244459188
fixed,247617480
fixed,246721752
fixed,245801452
fixed,244397542
fixed,244692718
fixed,248939362
fixed,247236980
fixed,241111334
fixed,244606734
fixed,246372102
fixed,249664216
fixed,249013236
fixed,248755090
fixed,249698610
fixed,242144992
fixed,250666404
fixed,244649818
fixed,246690372
fixed,251373592
fixed,244781676
fixed,246021536
fixed,245073230
fixed,243986142
fixed,252002492
fixed,240841958
fixed,238849326
fixed,249680720
fixed,246485146
fixed,242843056
fixed,242099520
fixed,246110914
fixed,247241602
fixed,240442190
fixed,245301340
fixed,241929922
fixed,243279722
fixed,241260804
fixed,248059108
fixed,244111432
fixed,244034660
fixed,248160334
fixed,243882116
fixed,244769010
fixed,247759800
fixed,248589334
fixed,250721760
fixed,247108648
fixed,251298310
fixed,248419386
fixed,254315752
fixed,258170010
fixed,257499168
fixed,256660704
fixed,251433190
fixed,254144026
fixed,246875442
fixed,252933944
fixed,250223416
fixed,249867552
fixed,251250546
fixed,253196350
fixed,254645192
fixed,255543650
fixed,252302446
fixed,252498962
fixed,250252494
fixed,254330716
fixed,253687798
fixed,248733130
fixed,251033978
fixed,248716604
fixed,250265630
fixed,253267354
fixed,253448552
fixed,256122686
fixed,254098098
fixed,253417866
fixed,256348098
fixed,246189888
fixed,253141786
fixed,253903102
fixed,255080484
fixed,253899210
fixed,257935966
fixed,252672538
fixed,256156530
fixed,252403962
fixed,256439894
fixed,252088816
fixed,252488252
fixed,253911672
fixed,253182044
fixed,254003774
fixed,256340846
fixed,257653718
fixed,257491348
fixed,254126400
fixed,253435272
fixed,256542262
fixed,253692818
fixed,260693770
fixed,252461186
fixed,252589304
fixed,244966866
fixed,246085438
fixed,248916910
fixed,248394188
fixed,247165800
fixed,243039902
fixed,245638462
fixed,241631268
fixed,244704466
fixed,245068842
fixed,240828808
fixed,243485280
fixed,244668978
fixed,248388304
fixed,244769558
fixed,245349066
fixed,245679834
fixed,246539900
fixed,248968292
fixed,246573504
fixed,247862730
fixed,252253022
fixed,246517212
fixed,244240388
fixed,245303910
fixed,248816034
fixed,245322528
fixed,245457830
fixed,248100830
fixed,245863780
fixed,241250014
fixed,248276126
fixed,242927096
fixed,255390532
fixed,247761010
fixed,243092704
fixed,247772996
fixed,242269956
fixed,247358318
fixed,243723208
fixed,242458720
fixed,246166240
fixed,247142000
fixed,243117140
fixed,243075534
fixed,245984176
fixed,242417312
fixed,244028184
fixed,246965826
fixed,245188900
fixed,245983816
fixed,241843272
fixed,243550582
fixed,249988042
fixed,243840682
fixed,244107230
fixed,245770514
fixed,244103442
fixed,244865200
fixed,243381714
fixed,249902326
fixed,244714816
fixed,243964698
fixed,245037726
fixed,253571644
fixed,242772358
fixed,240897066
fixed,250680436
fixed,245915490
fixed,242400816
fixed,244403276
fixed,249595974
fixed,245733304
fixed,245865100
fixed,248283660
fixed,241723576
fixed,243194062
fixed,243058452
fixed,238205778
fixed,251347994
fixed,243149742
fixed,243730336
fixed,245543322
fixed,243095268
fixed,241702438
fixed,249670882
fixed,248463746
fixed,245632810
fixed,243019030
fixed,241087186
fixed,246705436
fixed,247944312
fixed,237634768
fixed,246352494
fixed,246885516
fixed,247761966
fixed,245292268
fixed,242428972
fixed,242229012
fixed,244049514
fixed,250787748
fixed,248061760
fixed,244673810
fixed,245541838
fixed,243036994
fixed,244593100
fixed,246391910
fixed,242965014
fixed,249168224
fixed,246300480
fixed,246376796
fixed,242585436
fixed,242433392
fixed,250475276
fixed,248554538
fixed,248006902
fixed,246506866
fixed,248838466
fixed,243508110
fixed,244868410
fixed,245557718
fixed,243124452
fixed,243782348
fixed,245995298
fixed,246870466
fixed,248879080
fixed,243712796
fixed,248057822
fixed,244173986
fixed,242741462
fixed,240508476
fixed,246007378
fixed,245210682
fixed,245601668
fixed,242781190
fixed,243694214
fixed,244551392
fixed,244567108
fixed,244313374
fixed,243976742
fixed,243957064
fixed,245053998
fixed,243770896
fixed,248480662
fixed,245398178
fixed,241694902
fixed,244554620
fixed,240170062
fixed,245645536
fixed,243192948
fixed,246382520
fixed,241875220
fixed,244546716
fixed,241851096
fixed,243786026
fixed,243052098
fixed,247414834
fixed,246168356
fixed,244759672
fixed,249986282
fixed,246733820
fixed,249340646
fixed,248360808
fixed,246556542
fixed,246622074
fixed,247247998
fixed,247480428
fixed,246869212
fixed,250996208
fixed,246523788
fixed,250248066
fixed,247807834
fixed,247379084
fixed,245463428
fixed,243794072
fixed,244032952
fixed,246162900
fixed,245174414
fixed,251043334
fixed,246010200
fixed,244664916
fixed,252660662
fixed,248527606
fixed,246376774
fixed,248731586
fixed,248417610
fixed,247409132
fixed,246148734
fixed,246732596
fixed,251180266
fixed,247480014
fixed,244708546
fixed,245525552
fixed,249961650
fixed,247973802
fixed,248106006
fixed,247018280
fixed,243719604
fixed,249018406
fixed,248035386
fixed,247700332
fixed,246306852
fixed,246814504
fixed,246890786
fixed,245482438
fixed,244734590
fixed,241735078
fixed,249867706
fixed,245739800
fixed,248368590
fixed,247326852
fixed,245711676
fixed,242587638
fixed,245020620
fixed,246182714
fixed,246584152
fixed,252445720
fixed,251151894
fixed,250328634
fixed,252157846
fixed,251578238
fixed,251206734
fixed,250221552
fixed,252803720
fixed,253502308
fixed,251402112
fixed,253197874
fixed,253214498
fixed,253288250
fixed,253510858
fixed,248885556
fixed,254189702
fixed,251836600
fixed,251700198
fixed,253335562
fixed,255503470
fixed,256778022
fixed,251394176
fixed,251645242
fixed,252510358
fixed,255735908
fixed,256663358
fixed,250694706
fixed,251773846
fixed,256284778
fixed,257327178
fixed,254351982
fixed,254902472
fixed,254438322
fixed,255754794
fixed,255471096
fixed,257630804
fixed,253888004
fixed,251109826
fixed,254865942
fixed,258135132
fixed,254186330
fixed,258453948
fixed,298930566
fixed,255305132
fixed,255189964
fixed,253178760
fixed,257830020
fixed,252829986
fixed,255661980
fixed,255393938
fixed,253008326
fixed,257022882
fixed,255191798
fixed,254846934
fixed,254153238
fixed,253125686
fixed,254085336
fixed,254740148
fixed,252870132
fixed,252938878
fixed,251421572
fixed,253641862
fixed,250528652
fixed,245353202
fixed,249439836
fixed,250188186
fixed,252050370
fixed,245412012
fixed,247390322
fixed,244077186
fixed,247063532
fixed,247709688
fixed,243888934
fixed,250461630
fixed,248535910
fixed,248955512
fixed,248572464
fixed,246372480
fixed,249052208
fixed,249864496
fixed,248425166
fixed,250566874
fixed,248906912
fixed,251235336
fixed,249202140
fixed,249806408
fixed,252214296
fixed,248694158
fixed,251154812
fixed,248799398
fixed,248247674
fixed,249171746
fixed,249408124
fixed,247679028
fixed,249379776
fixed,247785830
fixed,248519744
fixed,246739784
fixed,248921638
fixed,249415052
fixed,250333090
fixed,249322498
fixed,244888104
fixed,246530520
fixed,246765966
fixed,245752778
fixed,248095226
fixed,249228158
fixed,247891032
fixed,249205712
fixed,248726576
fixed,248822414
fixed,248675152
fixed,248747050
fixed,249279704
fixed,247615636
fixed,246781656
fixed,245959560
fixed,245898278
fixed,249794442
fixed,247898968
fixed,249336084
fixed,246190448
fixed,249584922
fixed,249579318
fixed,248030120
fixed,248096740
fixed,249505242
fixed,249800974
fixed,251226434
fixed,249093380
fixed,250497700
fixed,250365026
fixed,251005004
fixed,251634034
fixed,248489262
fixed,247060278
fixed,248943100
fixed,249519276
fixed,245794666
fixed,248341806
fixed,247916946
fixed,248609794
fixed,248368270
fixed,246263402
fixed,245672308
fixed,249870110
fixed,249214536
fixed,250383760
fixed,246531136
fixed,247213356
fixed,248053322
fixed,249072358
fixed,247112364
fixed,249842974
fixed,248471458
fixed,248762020
fixed,249424056
fixed,251239682
fixed,250540630
fixed,249915776
fixed,251950910
fixed,252007178
fixed,250500696
fixed,251918282
fixed,248647746
fixed,249907780
fixed,250821010
fixed,251239252
fixed,251161420
fixed,251796602
fixed,250207562
fixed,250983756
fixed,250851214
fixed,251013112
fixed,251527252
fixed,250664744
fixed,249510084
fixed,250633410
fixed,250890964
fixed,251997356
fixed,253306532
fixed,249538762
fixed,249298360
fixed,252880198
fixed,250877318
fixed,251415594
fixed,252475308
fixed,251311240
fixed,251230710
fixed,249601962
fixed,251946158
fixed,251565336
fixed,252036172
fixed,252989496
fixed,251397874
fixed,249803946
fixed,252388602
fixed,251842872
fixed,251904208
fixed,252101400
fixed,251008360
fixed,252447026
fixed,253246108
fixed,252466610
fixed,253553774
fixed,251241734
fixed,251018004
fixed,250283960
fixed,251760438
fixed,251757726
fixed,252810064
fixed,252051562
fixed,254602304
fixed,251113090
fixed,246703880
fixed,253451740
fixed,247494232
fixed,250810676
fixed,254199038
fixed,247347298
fixed,254597950
fixed,250757038
fixed,249809634
fixed,249197848
fixed,251079942
fixed,251528944
fixed,249877028
fixed,251817646
fixed,250487534
fixed,248356968
fixed,251816938
fixed,248789988
fixed,250007454
fixed,248745282
fixed,252487738
fixed,246932278
fixed,251653626
fixed,252981088
fixed,250127678
fixed,251966216
fixed,251272768
fixed,245117866
fixed,251436866
fixed,251773278
fixed,251467034
fixed,251031712
fixed,250713252
fixed,262192758
fixed,257395900
fixed,251774632
fixed,252028812
fixed,253290670
fixed,252777530
fixed,250394598
fixed,249533014
fixed,248566308
fixed,252823396
fixed,251459278
fixed,250787234
fixed,250590410
fixed,251544344
fixed,249729722
fixed,258996464
fixed,255464064
fixed,251407402
fixed,253475856
fixed,250108852
fixed,250518228
fixed,251871978
fixed,252313142
fixed,249604408
fixed,252829570
fixed,251185328
fixed,251851588
fixed,249463574
fixed,246676972
fixed,251781864
fixed,250013228
fixed,253998834
fixed,250403258
fixed,253563478
fixed,251371754
fixed,251059916
fixed,251419976
fixed,250485952
fixed,250954742
fixed,253212298
fixed,258368370
fixed,253713782
fixed,255135502
fixed,256416700
fixed,255012668
fixed,251262924
fixed,252077558
fixed,252133612
fixed,253484094
fixed,253030080
fixed,251301896
fixed,257473662
fixed,256844644
fixed,249464134
fixed,253676470
fixed,260658798
fixed,250350552
fixed,257651076
fixed,258548276
fixed,252508966
fixed,250269888
fixed,256469730
fixed,256344626
fixed,255350256
fixed,256996726
fixed,254874258
fixed,256482624
fixed,255351074
fixed,257741952
fixed,255177032
fixed,257685686
fixed,251313152
fixed,250641068
fixed,255046706
fixed,258425766
fixed,253673486
fixed,256972442
fixed,254270704
fixed,253577494
fixed,257469144
fixed,254938320
fixed,254223200
fixed,254390248
fixed,253215186
fixed,252933026
fixed,253294186
fixed,252485754
fixed,254701758
fixed,254430136
fixed,254491424
fixed,254243054
fixed,254227860
fixed,253921488
fixed,253924214
fixed,254443536
fixed,252454630
fixed,253628320
fixed,252216676
fixed,250242084
fixed,251727166
fixed,254662384
fixed,253327182
fixed,249609988
fixed,251174370
fixed,250530664
fixed,252129000
fixed,252030318
fixed,251135588
fixed,250478838
fixed,250060410
fixed,245583400
fixed,244231926
fixed,246018364
fixed,249227026
fixed,248014992
fixed,246701086
fixed,248456060
fixed,247008744
fixed,248426644
fixed,247308592
fixed,249568354
fixed,252551490
fixed,248449160
fixed,252148690
fixed,245617060
fixed,248212654
fixed,244482936
fixed,248925616
fixed,246706336
fixed,247640528
fixed,248141108
fixed,245681664
fixed,247487552
fixed,247343570
fixed,249767120
fixed,251714634
fixed,245118834
fixed,248561130
fixed,245387098
fixed,249117818
fixed,247034508
fixed,246283508
fixed,246507664
fixed,244837348
fixed,250788044
fixed,248987418
fixed,247127646
fixed,244621512
fixed,246306292
fixed,245274148
fixed,247352498
fixed,244540990
fixed,248304344
fixed,247453510
fixed,252247714
fixed,249573258
fixed,246107700
fixed,250452680
fixed,248111372
fixed,248939094
fixed,249835312
fixed,249330270
fixed,245559782
fixed,244580498
fixed,248167092
fixed,249015504
fixed,245847104
fixed,250993628
fixed,249172698
fixed,245248184
fixed,250123736
fixed,244010010
fixed,245348016
fixed,245778802
fixed,250895050
fixed,247604158
fixed,247166292
fixed,247781158
fixed,247188222
fixed,248095034
fixed,247237516
fixed,244248218
fixed,246379552
fixed,245228028
fixed,247234600
fixed,249307442
fixed,247902782
fixed,247373774
fixed,246097188
fixed,243466962
fixed,250806748
fixed,246113234
fixed,246975834
fixed,246826040
fixed,248486914
fixed,248088830
fixed,248909724
fixed,247976800
fixed,251878042
fixed,247213498
fixed,252072254
fixed,246793978
fixed,249557916
fixed,251066694
fixed,245790598
fixed,245938506
fixed,249095490
fixed,250552930
fixed,246855230
fixed,249275136
fixed,248586332
fixed,248109794
fixed,245981244
fixed,248037800
fixed,247899030
fixed,245664712
fixed,247394144
fixed,251914592
fixed,245103422
fixed,246348750
fixed,248063254
fixed,250224340
fixed,248236076
fixed,250860622
fixed,247965800
fixed,247130408
fixed,248147712
fixed,245382358
fixed,246444694
fixed,251647084
fixed,248340284
fixed,247837868
fixed,247175724
fixed,245607904
fixed,251901106
fixed,246482602
fixed,243910064
fixed,245334570
fixed,251228758
fixed,248751456
fixed,245182206
fixed,245222130
fixed,248005596
fixed,245666064
fixed,246271706
fixed,244795920
fixed,248449378
fixed,247330398
fixed,254329912
fixed,249550764
fixed,248850016
fixed,245991228
fixed,248242742
fixed,245543784
fixed,249896314
fixed,249749732
fixed,248106774
fixed,249675490
fixed,252596404
fixed,249987952
fixed,244689444
fixed,245693734
fixed,245874416
fixed,244501842
fixed,250856726
fixed,245804228
fixed,249532632
fixed,247990840
fixed,248852090
fixed,247159226
fixed,249044248
fixed,246542230
fixed,248784470
fixed,246163398
fixed,250552782
fixed,248630106
fixed,248652140
fixed,249781738
fixed,247596754
fixed,250225596
fixed,247362254
fixed,248851908
fixed,253650614
fixed,248156044
fixed,250304644
fixed,243741406
fixed,247688416
fixed,250122446
fixed,248618220
fixed,246503124
fixed,246653486
fixed,245654102
fixed,247342920
fixed,250242316
fixed,250472012
fixed,249229224
fixed,249909132
fixed,252458990
fixed,250059336
fixed,247816746
fixed,249664962
fixed,249261788
fixed,248445534
fixed,248409342
fixed,250981232
fixed,248411830
fixed,248970736
fixed,250842894
fixed,246001952
fixed,246939270
fixed,245379504
fixed,249099754
fixed,251061096
fixed,250259656
fixed,249969830
fixed,253070916
fixed,252243006
fixed,253260372
fixed,253794110
fixed,257228732
fixed,250368240
fixed,253669580
fixed,252107342
fixed,248719614
fixed,253146926
fixed,253373098
fixed,250414390
fixed,248526780
fixed,252378460
fixed,249876508
fixed,252291732
fixed,259072516
fixed,257498214
fixed,252615224
fixed,252938046
fixed,252663800
fixed,255253002
fixed,258631018
fixed,255769486
fixed,258010530
fixed,256761958
fixed,256466244
fixed,255140306
fixed,253370448
fixed,257158166
fixed,255379800
fixed,256245134
fixed,256281886
fixed,255183770
fixed,254887966
fixed,254598228
fixed,255610450
fixed,255032876
fixed,253163514
fixed,253453602
fixed,253112220
fixed,253280546
fixed,252582772
fixed,255100642
fixed,253198646
fixed,258170458
fixed,253658828
fixed,252778792
fixed,257029416
fixed,255091540
fixed,256610846
fixed,253041556
fixed,258614090
fixed,250087254
fixed,253999902
fixed,252588618
fixed,252879420
fixed,255552266
fixed,251855134
fixed,257357616
fixed,253680030
fixed,249301278
fixed,250001184
fixed,252379182
fixed,245410266
fixed,249114910
fixed,247813408
fixed,246297610
fixed,248673658
fixed,254193220
fixed,247664794
fixed,251672610
fixed,251885560
fixed,250883624
fixed,247259684
fixed,249223426
fixed,245940638
fixed,250640190
fixed,248519814
fixed,255232988
fixed,248541996
fixed,252491298
fixed,247718118
fixed,248643728
fixed,246774448
fixed,251004456
fixed,250673356
fixed,250078474
fixed,248885156
fixed,249892416
fixed,248949102
fixed,246166404
fixed,246878788
fixed,245394106
fixed,245186324
fixed,252204134
fixed,250985894
fixed,253489346
fixed,248920206
fixed,247404202
fixed,247903720
fixed,244019084
fixed,253299236
fixed,250614698
fixed,250855428
fixed,251086000
fixed,251407436
fixed,253521740
fixed,249927102
fixed,246582448
fixed,249715772
fixed,249453324
fixed,249833168
fixed,248201534
fixed,245247210
fixed,249240112
fixed,248460096
fixed,248174294
fixed,244348530
fixed,250474056
fixed,250437190
fixed,249343996
fixed,248805782
fixed,248084996
fixed,248780570
fixed,249736788
fixed,248960616
fixed,249853918
fixed,249304896
fixed,247643900
fixed,245072612
fixed,248748948
fixed,246544010
fixed,249953642
fixed,245796544
fixed,252934900
fixed,250514748
fixed,247835690
fixed,247561630
fixed,247497860
fixed,246693458
fixed,252817832
fixed,249784342
fixed,246798074
fixed,245725468
fixed,250807020
fixed,246949340
fixed,239330172
fixed,245811272
fixed,244609020
fixed,248806612
fixed,248543478
fixed,242455178
fixed,245026840
fixed,248026132
fixed,244868664
fixed,252904834
fixed,249708064
fixed,242354760
fixed,247251390
fixed,246622316
fixed,245717788
fixed,250201778
fixed,244767546
fixed,245937442
fixed,247289726
fixed,244281646
fixed,249817652
fixed,243591848
fixed,245739086
fixed,249308246
fixed,250100138
fixed,248422378
fixed,250793286
fixed,245936176
fixed,247473464
fixed,247357398
fixed,250019570
fixed,247122008
fixed,245177914
fixed,246380254
fixed,245386914
fixed,244402040
fixed,243630696
fixed,248701414
fixed,248368216
fixed,249109174
fixed,245221268
fixed,247116504
fixed,248441014
fixed,245858052
fixed,247198636
fixed,245821624
fixed,245531326
fixed,247408540
fixed,251772514
fixed,247947456
fixed,248082856
fixed,250215802
fixed,247531790
fixed,250059784
fixed,248850034
fixed,244230766
fixed,245918794
fixed,247125296
fixed,246143566
fixed,243566410
fixed,246381470
fixed,243347248
fixed,250085342
fixed,247527914
fixed,246610864
fixed,251193992
fixed,245900192
fixed,247416144
fixed,248254058
fixed,245273728
fixed,246526032
fixed,247555430
fixed,249613984
fixed,248749632
fixed,246492598
fixed,247676908
fixed,247187988
fixed,245016724
fixed,249228590
fixed,245820616
fixed,243298266
fixed,249789588
fixed,239537362
fixed,240002406
fixed,245805864
fixed,240666386
fixed,241936620
fixed,242247392
fixed,245853438
fixed,245032222
fixed,242873942
fixed,242530376
fixed,244106230
fixed,248403338
fixed,246180258
fixed,246611996
fixed,247632434
fixed,251755322
fixed,245021214
fixed,244717890
fixed,245008882
fixed,245584556
fixed,248576906
fixed,252337340
fixed,246474654
fixed,249019750
fixed,243540914
fixed,249891012
fixed,250303082
fixed,246623296
fixed,251342088
fixed,249164492
fixed,249626068
fixed,249043174
fixed,248874856
fixed,245160116
fixed,247124476
fixed,246429276
fixed,245011676
fixed,248643616
fixed,247489760
fixed,250066550
fixed,248802270
fixed,249420020
fixed,251501694
fixed,250455504
fixed,257256088
fixed,253483736
fixed,256162168
fixed,251986404
fixed,252882946
fixed,253577170
fixed,252897258
fixed,252603288
fixed,252790984
fixed,256572260
fixed,251266000
fixed,251466134
fixed,252660750
fixed,253485880
fixed,255375420
fixed,257402412
fixed,251745100
fixed,252666024
fixed,252572814
fixed,255836820
fixed,253681494
fixed,251643278
fixed,254346348
fixed,253717084
fixed,254719554
fixed,253749850
fixed,258005344
fixed,252275630
fixed,254125694
fixed,253470766
fixed,253219656
fixed,257483174
fixed,255217058
fixed,255037414
fixed,255192008
fixed,256194744
fixed,255289282
fixed,255264150
fixed,256013126
fixed,254971750
fixed,254010134
fixed,254645036
fixed,255676914
fixed,255219220
fixed,254884804
fixed,255495246
fixed,256247912
fixed,253325306
fixed,254598260
fixed,251077836
fixed,252876136
fixed,252769946
fixed,252646444
fixed,253680018
fixed,249645536
fixed,247793826
fixed,248416218
fixed,243962442
fixed,243540350
fixed,248715748
fixed,248127330
fixed,249866052
fixed,247042542
fixed,248528010
fixed,248594312
fixed,249249510
fixed,247815788
fixed,251946582
fixed,249787446
fixed,252547902
fixed,249336400
fixed,248666738
fixed,249491722
fixed,252801370
fixed,249119022
fixed,251783316
fixed,250131504
fixed,254027108
fixed,249555452
fixed,250745036
fixed,251368500
fixed,250277502
fixed,250619310
fixed,249915064
fixed,251293722
fixed,246471298
fixed,252641376
fixed,250469218
fixed,250205122
fixed,250644784
fixed,249399222
fixed,249115386
fixed,255963808
fixed,248733630
fixed,254082790
fixed,248246068
fixed,248146812
fixed,250402658
fixed,251703890
fixed,251184982
fixed,249514294
fixed,250474180
fixed,250022698
fixed,250049012
fixed,246671846
fixed,248908482
fixed,249048110
fixed,247407760
fixed,250510818
fixed,249371976
fixed,247286318
fixed,247801796
fixed,248911440
fixed,249297460
fixed,251055294
fixed,246753618
fixed,248988972
fixed,252718378
fixed,249632976
fixed,249917122
fixed,251213280
fixed,249467496
fixed,253418176
fixed,251892218
fixed,248972408
fixed,248301658
fixed,248962664
fixed,246495232
fixed,250266140
fixed,255515644
fixed,249627212
fixed,248807326
fixed,251667418
fixed,248007534
fixed,249959806
fixed,251524010
fixed,247490468
fixed,248772208
fixed,249693566
fixed,248611202
fixed,247787574
fixed,250940578
fixed,250631372
fixed,248205552
fixed,250111400
fixed,248359974
fixed,247858038
fixed,248907174
fixed,251015660
fixed,249604112
fixed,247825878
fixed,250965624
fixed,251172250
fixed,248638276
fixed,249363398
fixed,250021980
fixed,249960488
fixed,249025126
fixed,250548090
fixed,251607098
fixed,251465914
fixed,252219690
fixed,248308154
fixed,250652360
fixed,247788190
fixed,248569250
fixed,251390522
fixed,252495448
fixed,250722290
fixed,249790634
fixed,251517398
fixed,248617416
fixed,249894502
fixed,252043944
fixed,249530984
fixed,247079910
fixed,250654022
fixed,249405192
fixed,250646656
fixed,249866096
fixed,251267428
fixed,248861286
fixed,249297720
fixed,248519572
fixed,249338726
fixed,248984784
fixed,249524880
fixed,253473962
fixed,245814472
fixed,246353868
fixed,248504500
fixed,247798582
fixed,248886500
fixed,251986482
fixed,252392452
fixed,252005636
fixed,248043808
fixed,250018434
fixed,254148930
fixed,251441622
fixed,247750294
fixed,253928832
fixed,248574264
fixed,248740172
fixed,246367018
fixed,247244404
fixed,248451134
fixed,249050142
fixed,247511044
fixed,253609676
fixed,251346988
fixed,246703194
fixed,249544236
fixed,248882254
fixed,253968358
fixed,251320166
fixed,249931378
fixed,248099466
fixed,247655270
fixed,250446598
fixed,252638222
fixed,245745536
fixed,248417248
fixed,250736450
fixed,249231396
fixed,248362240
fixed,252200624
fixed,246282684
fixed,246176064
fixed,248009042
fixed,248266780
fixed,250481992
fixed,245922518
fixed,252353766
fixed,250847790
fixed,248169292
fixed,250256538
fixed,250822874
fixed,254878814
fixed,249762088
fixed,249031358
fixed,253308026
fixed,253399700
fixed,248112468
fixed,249190384
fixed,256225974
fixed,248134136
fixed,252090406
fixed,249767706
fixed,250722176
fixed,252018786
fixed,250762302
fixed,250469834
fixed,251174922
fixed,250002824
fixed,250888116
fixed,252079650
fixed,251791162
fixed,248576078
fixed,248959464
fixed,247751872
fixed,253669792
fixed,251105544
fixed,253767206
fixed,251389512
fixed,251911120
fixed,251703366
fixed,252158404
fixed,251659230
fixed,249832666
fixed,252240686
fixed,254271600
fixed,247943632
fixed,247602226
fixed,250445188
fixed,250195130
fixed,251641666
fixed,248214750
fixed,249718780
fixed,247240180
fixed,249266140
fixed,252258518
fixed,254210998
fixed,251760184
fixed,251525236
fixed,255363946
fixed,258321368
fixed,259390700
fixed,250313906
fixed,255679318
fixed,254151712
fixed,253538046
fixed,257332104
fixed,253459092
fixed,254935626
fixed,259355228
fixed,260533818
fixed,254806454
fixed,254610600
fixed,256470774
fixed,254354384
fixed,254508390
fixed,253727326
fixed,259362994
fixed,249747652
fixed,256778184
fixed,257167424
fixed,256871452
fixed,259993830
fixed,255043990
fixed,256635666
fixed,253652256
fixed,256771816
fixed,256026680
fixed,257680266
fixed,255132536
fixed,257218126
fixed,256744682
fixed,256783424
fixed,258059328
fixed,256024082
fixed,254626124
fixed,255112824
fixed,255722644
fixed,254128050
fixed,254355810
fixed,256283982
fixed,251631880
fixed,254046654
fixed,258189986
fixed,255249312
fixed,252008490
fixed,255218856
fixed,256269600
fixed,253364948
fixed,249879592
fixed,248106660
fixed,252428140
fixed,253028294
fixed,249659452
fixed,249076150
fixed,251053676
fixed,249281664
fixed,251805354
fixed,250949988
fixed,248724134
fixed,249582608
fixed,248492968
fixed,249420058
fixed,249914920
fixed,250204170
fixed,247955042
fixed,250277142
fixed,250071318
fixed,250330966
fixed,247847094
fixed,248074738
fixed,254981144
fixed,247967620
fixed,243928192
fixed,246377350
fixed,252745204
fixed,248658490
fixed,251733662
fixed,250962910
fixed,250227904
fixed,249382792
fixed,252304974
fixed,251001334
fixed,251404956
fixed,249691376
fixed,251506638
fixed,251163806
fixed,250513808
fixed,248231660
fixed,248013952
fixed,249427710
fixed,248259302
fixed,249605548
fixed,250874796
fixed,246467442
fixed,243851794
fixed,247800236
fixed,248213030
fixed,249852094
fixed,248574160
fixed,249322562
fixed,250196100
fixed,249979380
fixed,250182070
fixed,249956082
fixed,248424336
fixed,247741262
fixed,252158560
fixed,250359814
fixed,249728196
fixed,250027356
fixed,250222360
fixed,248697372
fixed,250701132
fixed,250731718
fixed,251128508
fixed,251155708
fixed,248136610
fixed,249102266
fixed,251115568
fixed,250922646
fixed,250721690
fixed,250289280
fixed,253624084
fixed,250508436
fixed,249871382
fixed,249897228
fixed,250832276
fixed,251525756
fixed,253785910
fixed,250211824
fixed,250965702
fixed,252489918
fixed,250971706
fixed,250737096
fixed,249709844
fixed,247948476
fixed,248272546
fixed,253481570
fixed,249433270
fixed,251682150
fixed,250639752
fixed,250511462
fixed,249187442
fixed,253581878
fixed,249043976
fixed,251394182
fixed,245954552
fixed,247705422
fixed,247812970
fixed,249582438
fixed,245197450
fixed,247167452
fixed,249942248
fixed,250083436
fixed,249564546
fixed,251590608
fixed,252334500
fixed,250730338
fixed,248947966
fixed,256779534
fixed,250278600
fixed,251316362
fixed,256127670
fixed,248652202
fixed,249735458
fixed,249716086
fixed,250943148
fixed,252483700
fixed,252062626
fixed,247153110
fixed,248179894
fixed,249119892
fixed,249773038
fixed,250826244
fixed,249507966
fixed,252323940
fixed,250159622
fixed,252190896
fixed,250714108
fixed,249096042
fixed,252956538
fixed,248787690
fixed,248675546
fixed,250387508
fixed,249305864
fixed,250967684
fixed,252986590
fixed,249761098
fixed,249032900
fixed,248277090
fixed,248935786
fixed,251535550
fixed,248765124
fixed,248403950
fixed,252160152
fixed,247740338
fixed,246674822
fixed,252448784
fixed,244730590
fixed,248507048
fixed,245209916
fixed,245228810
fixed,252390876
fixed,251221176
fixed,246346050
fixed,247610418
fixed,247586330
fixed,245634506
fixed,248082168
fixed,251438886
fixed,249090424
fixed,249933138
fixed,248998054
fixed,246741280
fixed,251077520
fixed,250358688
fixed,253587360
fixed,248910996
fixed,249997420
fixed,249628894
fixed,250828514
fixed,247877608
fixed,246012206
fixed,250347436
fixed,246791414
fixed,246333352
fixed,252853514
fixed,243473174
fixed,244813740
fixed,248489400
fixed,252821272
fixed,246745872
fixed,249135674
fixed,247996034
fixed,251845544
fixed,249681126
fixed,247210652
fixed,248244278
fixed,247292618
fixed,248315718
fixed,246388176
fixed,247779584
fixed,245811464
fixed,252400130
fixed,247971680
fixed,248219050
fixed,249014592
fixed,247319636
fixed,249431906
fixed,251937574
fixed,247567662
fixed,247440940
fixed,252964610
fixed,248575682
fixed,248631142
fixed,249707502
fixed,254926526
fixed,251679648
fixed,254052388
fixed,250984422
fixed,252979946
fixed,253884288
fixed,252550730
fixed,255972434
fixed,252458992
fixed,252294056
fixed,254266708
fixed,257282178
fixed,256638022
fixed,258743518
fixed,261418160
fixed,252813548
fixed,256253330
fixed,252667342
fixed,256135590
fixed,257607686
fixed,256057214
fixed,251662794
fixed,256117476
fixed,251949508
fixed,250826130
fixed,255054408
fixed,254864588
fixed,256964160
fixed,261806850
fixed,251390238
fixed,251113362
fixed,255837392
fixed,256210240
fixed,257578700
fixed,256556698
fixed,253164908
fixed,258566358
fixed,253461618
fixed,254090050
fixed,250637132
fixed,254625180
fixed,254849576
fixed,254246174
fixed,253927174
fixed,255502240
fixed,252958392
fixed,253595298
fixed,252512106
fixed,252791852
fixed,253911928
fixed,255147584
fixed,254990584
fixed,254127912
fixed,253482798
fixed,254522638
fixed,253499096
fixed,257192532
fixed,254542096
fixed,253176484
fixed,255404734
fixed,253043212
fixed,254752748
fixed,256361852
fixed,251106504
fixed,254349948
fixed,249586404
fixed,256008912
fixed,251746626
fixed,252820036
fixed,249208570
fixed,253286724
fixed,246106164
fixed,249088232
fixed,248884408
fixed,249732942
fixed,251917468
fixed,247687730
fixed,250185608
fixed,250051618
fixed,251292842
fixed,254142104
fixed,251687894
fixed,250800968
fixed,250152648
fixed,254286662
fixed,251406104
fixed,250941358
fixed,248629448
fixed,252360598
fixed,247153940
fixed,246251266
fixed,246211686
fixed,247144142
fixed,247060186
fixed,246849530
fixed,248606730
fixed,245448260
fixed,249706908
fixed,246694720
fixed,246389450
fixed,247919992
fixed,249868590
fixed,251424404
fixed,247616548
fixed,245897322
fixed,248082710
fixed,248769590
fixed,252614560
fixed,253483816
fixed,244543012
fixed,247863290
fixed,248762696
fixed,248582560
fixed,249623378
fixed,246661702
fixed,248103768
fixed,245998548
fixed,251036190
fixed,249249058
fixed,245038034
fixed,252183912
fixed,249204134
fixed,247602822
fixed,248267180
fixed,249103174
fixed,247221034
fixed,249267180
fixed,251641474
fixed,248094950
fixed,247601558
fixed,250825256
fixed,252237256
fixed,247966298
fixed,248411394
fixed,243351114
fixed,249995808
fixed,247631066
fixed,252406176
fixed,249954042
fixed,249299134
fixed,249306956
fixed,249243132
fixed,251525288
fixed,252388490
fixed,249556460
fixed,250757142
fixed,247936676
fixed,252698152
fixed,249115978
fixed,252117052
fixed,247976424
fixed,247089466
fixed,250402640
fixed,245515140
fixed,247364484
fixed,246349832
fixed,248426424
fixed,245229938
fixed,248336500
fixed,247996312
fixed,247239112
fixed,249262854
fixed,249433666
fixed,243137770
fixed,247406800
fixed,246479938
fixed,249127222
fixed,242743858
fixed,252960984
fixed,248317356
fixed,245627432
fixed,247118090
fixed,250003230
fixed,246240288
fixed,245199262
fixed,245310134
fixed,248330000
fixed,247824158
fixed,246481248
fixed,243814688
fixed,243244188
fixed,243883368
fixed,245398610
fixed,246116902
fixed,249490456
fixed,244732934
fixed,246219582
fixed,244958300
fixed,248866532
fixed,244320966
fixed,249837720
fixed,246942984
fixed,247243040
fixed,245750998
fixed,252941282
fixed,249579490
fixed,243689812
fixed,244866042
fixed,244593586
fixed,251885510
fixed,245680344
fixed,241800714
fixed,241555808
fixed,253500188
fixed,246768186
fixed,247136540
fixed,248080472
fixed,246318046
fixed,250936002
fixed,243133532
fixed,247895984
fixed,246550264
fixed,244947358
fixed,246729762
fixed,247472988
fixed,247779048
fixed,244984572
fixed,246095492
fixed,247697984
fixed,244709034
fixed,243540836
fixed,244157376
fixed,243056502
fixed,242709838
fixed,246128552
fixed,244596522
fixed,245856052
fixed,247294278
fixed,245342124
fixed,246270632
fixed,245344674
fixed,243668242
fixed,243388192
fixed,246798440
fixed,245324314
fixed,246296264
fixed,244116556
fixed,246760982
fixed,245811008
fixed,246492062
fixed,244555696
fixed,245111244
fixed,245262690
fixed,251602530
fixed,246045006
fixed,249167738
fixed,249712546
fixed,243693764
fixed,246060138
fixed,246563778
fixed,244174920
fixed,245991388
fixed,246534746
fixed,247090590
fixed,242242782
fixed,243495806
fixed,247131196
fixed,247764286
fixed,246932832
fixed,248733100
fixed,252263754
fixed,246490636
fixed,247070566
fixed,246380210
fixed,243787152
fixed,241000042
fixed,242181450
fixed,252425524
fixed,247503272
fixed,244831792
fixed,246391226
fixed,246363542
fixed,244529758
fixed,247097520
fixed,246356128
fixed,245340958
fixed,250528110
fixed,251538190
fixed,249723450
fixed,253501098
fixed,251272720
fixed,255903342
fixed,254905468
fixed,249289972
fixed,252606378
fixed,256635938
fixed,253358412
fixed,253497578
fixed,251807110
fixed,252728592
fixed,255203444
fixed,249841488
fixed,253251554
fixed,251841028
fixed,255482144
fixed,251306240
fixed,248946782
fixed,251208740
fixed,252337880
fixed,254284852
fixed,255296914
fixed,246217274
fixed,249624798
fixed,246414434
fixed,252802646
fixed,253013992
fixed,253765978
fixed,253793558
fixed,253963020
fixed,256458204
fixed,252826218
fixed,252309240
fixed,252956134
fixed,255870450
fixed,254241160
fixed,253969846
fixed,253388246
fixed,252295960
fixed,252587574
fixed,252661022
fixed,253641810
fixed,256380276
fixed,256013292
fixed,254867000
fixed,256010514
fixed,253241036
fixed,255339888
fixed,252690260
fixed,252324792
fixed,252033774
fixed,247629566
fixed,250960540
fixed,253009230
fixed,253091646
fixed,253246964
fixed,252568404
fixed,253973612
fixed,252014724
fixed,249338776
fixed,247887708
fixed,241914588
fixed,248074486
fixed,243881820
fixed,244148672
fixed,245434384
fixed,242491352
fixed,246590300
fixed,248261274
fixed,247448482
fixed,245311128
fixed,245565100
fixed,246295466
fixed,246816224
fixed,247721488
fixed,247277264
fixed,245659632
fixed,242915640
fixed,244981132
fixed,249063934
fixed,246910508
fixed,246328004
fixed,246378192
fixed,243148340
fixed,244872028
fixed,249610880
fixed,247113384
fixed,247039590
fixed,247106912
fixed,246480284
fixed,244562038
fixed,243021328
fixed,241393054
fixed,245907894
fixed,250975356
fixed,246113160
fixed,247433762
fixed,250389450
fixed,242843416
fixed,243357228
fixed,249185520
fixed,251231922
fixed,244984870
fixed,243101424
fixed,244731514
fixed,245406796
fixed,240491150
fixed,245915060
fixed,244984082
fixed,242209848
fixed,247912672
fixed,248135736
fixed,244008572
fixed,242704836
fixed,246624860
fixed,242600736
fixed,245200248
fixed,245359712
fixed,244529636
fixed,245831340
fixed,247795522
fixed,244913004
fixed,244001576
fixed,247420554
fixed,247302454
fixed,245993258
fixed,246055858
fixed,248069180
fixed,246114232
fixed,243836522
fixed,246944200
fixed,243958484
fixed,244542594
fixed,247770194
fixed,247734228
fixed,248459864
fixed,244573928
fixed,247631006
fixed,247814342
fixed,249286322
fixed,245907922
fixed,246155162
fixed,243085534
fixed,248380644
fixed,246787758
fixed,249299516
fixed,245101314
fixed,246199840
fixed,248928036
fixed,248347906
fixed,244561368
fixed,250456778
fixed,243013026
fixed,243007380
fixed,249736152
fixed,243173532
fixed,246553006
fixed,244812928
fixed,245410250
fixed,247879810
fixed,246487550
fixed,247832234
fixed,245442138
fixed,244799782
fixed,246193730
fixed,242183728
fixed,246546772
fixed,241780204
fixed,247650038
fixed,244509592
fixed,239281514
fixed,242726358
fixed,250366186
fixed,246802242
fixed,246317882
fixed,245968566
fixed,243206742
fixed,245643504
fixed,245706360
fixed,250783896
fixed,247889738
fixed,250617398
fixed,249082570
fixed,248126294
fixed,245862132
fixed,247915602
fixed,245365338
fixed,245483722
fixed,251923544
fixed,248392872
fixed,245486246
fixed,248269488
fixed,246228584
fixed,247463482
fixed,246920104
fixed,250222088
fixed,247626918
fixed,242732784
fixed,245414450
fixed,254668958
fixed,247076924
fixed,244929964
fixed,245813540
fixed,244680732
fixed,244480744
fixed,247051144
fixed,244046094
fixed,244268356
fixed,247802558
fixed,248344592
fixed,245065084
fixed,242097960
fixed,246572120
fixed,249497978
fixed,254028504
fixed,247890898
fixed,250599984
fixed,246665992
fixed,251774218
fixed,247391638
fixed,244935230
fixed,247484016
fixed,249370052
fixed,248792908
fixed,249607978
fixed,252875440
fixed,248898546
fixed,250730662
fixed,245140434
fixed,245172622
fixed,246291418
fixed,248216262
fixed,253948074
fixed,250863758
fixed,245840590
fixed,246538166
fixed,248105786
fixed,247772662
fixed,250608244
fixed,246638170
fixed,248027818
fixed,247926854
fixed,246168158
fixed,247119578
fixed,252904574
fixed,245235588
fixed,249193910
fixed,252045598
fixed,247179068
fixed,244815568
fixed,248880728
fixed,247040132
fixed,256651612
fixed,246164606
fixed,248247100
fixed,251774600
fixed,248490240
fixed,252748206
fixed,247673756
fixed,253092872
fixed,249276290
fixed,246837724
fixed,247538154
fixed,251624074
fixed,247228074
fixed,250272768
fixed,249584630
fixed,249715976
fixed,251102140
fixed,247485688
fixed,249393170
fixed,250913234
fixed,249028082
fixed,245298494
fixed,249891824
fixed,250347834
fixed,252063084
fixed,251463832
fixed,251574952
fixed,253484138
fixed,253118232
fixed,249278410
fixed,251616808
fixed,252272930
fixed,250666640
fixed,252859582
fixed,250248862
fixed,252216532
fixed,255196122
fixed,252173012
fixed,250321258
fixed,254512776
fixed,252529724
fixed,256043544
fixed,254816434
fixed,253209520
fixed,254550024
fixed,254780172
fixed,251759670
fixed,254701958
fixed,254552686
fixed,253813546
fixed,255202170
fixed,253763838
fixed,255402202
fixed,253858540
fixed,251964726
fixed,253713042
fixed,255315970
fixed,252984458
fixed,254153694
fixed,255359418
fixed,253358550
fixed,254296718
fixed,254404720
fixed,254790912
fixed,254604498
fixed,255683450
fixed,255346188
fixed,257691588
fixed,253438426
fixed,253336138
fixed,253908880
fixed,253823118
fixed,254678146
fixed,254866966
fixed,251690656
fixed,252528974
fixed,253468582
fixed,256855582
fixed,254911020
fixed,252220820
fixed,247827300
fixed,249226214
fixed,249106300
fixed,247528334
fixed,249254654
fixed,248002586
fixed,248309748
fixed,248083022
fixed,248354596
fixed,249138286
fixed,248965904
fixed,251042424
fixed,249184918
fixed,251000482
fixed,249873332
fixed,251554266
fixed,250194038
fixed,248398590
fixed,248162326
fixed,250415008
fixed,249934684
fixed,254727406
fixed,248746796
fixed,249328002
fixed,248912878
fixed,249366558
fixed,249356110
fixed,249598106
fixed,248982132
fixed,250171186
fixed,249179468
fixed,252873428
fixed,252063550
fixed,249408824
fixed,246574558
fixed,248120300
fixed,247709654
fixed,244982188
fixed,250389240
fixed,247947914
fixed,248399842
fixed,248603104
fixed,248189314
fixed,248765656
fixed,252745716
fixed,246884114
fixed,248436566
fixed,249029948
fixed,249099498
fixed,252346206
fixed,250673686
fixed,249402498
fixed,251103534
fixed,249108184
fixed,248658624
fixed,249014738
fixed,251438106
fixed,249031930
fixed,249477036
fixed,248624832
fixed,252509404
fixed,248107342
fixed,248243512
fixed,253558818
fixed,249052628
fixed,249928032
fixed,251535782
fixed,249589524
fixed,248170272
fixed,247679336
fixed,251974862
fixed,247188372
fixed,250235678
fixed,249503190
fixed,253273474
fixed,245927494
fixed,250383514
fixed,251210460
fixed,249602838
fixed,247341614
fixed,245553286
fixed,246299426
fixed,249161810
fixed,248660430
fixed,246939804
fixed,247626024
fixed,249258140
fixed,246109466
fixed,247433418
fixed,248281652
fixed,250380918
fixed,253777440
fixed,250850082
fixed,249043016
fixed,248772562
fixed,251589864
fixed,253717794
fixed,251051998
fixed,247467692
fixed,250049588
fixed,249851998
fixed,250465218
fixed,249404058
fixed,254686388
fixed,246115808
fixed,244393514
fixed,247335146
fixed,249788554
fixed,247632282
fixed,244730132
fixed,246690444
fixed,246522834
fixed,246220744
fixed,250004252
fixed,247215608
fixed,247829688
fixed,248700480
fixed,249697362
fixed,243458848
fixed,249453160
fixed,248478078
fixed,248174336
fixed,247628194
fixed,248461200
fixed,248070758
fixed,246924658
fixed,249705940
fixed,250884084
fixed,250423322
fixed,244605126
fixed,248285750
fixed,248469570
fixed,241745766
fixed,248894956
fixed,246735148
fixed,247841040
fixed,245626122
fixed,246654808
fixed,250601982
fixed,246511046
fixed,248036294
fixed,245787038
fixed,248787084
fixed,248590312
fixed,248211314
fixed,248194664
fixed,246081864
fixed,247208404
fixed,242704264
fixed,247399560
fixed,244068014
fixed,246970414
fixed,246584016
fixed,247558664
fixed,245425972
fixed,247208726
fixed,248582530
fixed,245873726
fixed,248714250
fixed,248555650
fixed,244721446
fixed,247893408
fixed,246577378
fixed,245458838
fixed,246590786
fixed,248609912
fixed,242116798
fixed,247468500
fixed,249436570
fixed,248439066
fixed,246944688
fixed,247406168
fixed,246615326
fixed,245809874
fixed,243132934
fixed,247097398
fixed,244710396
fixed,248467658
fixed,245966204
fixed,248866724
fixed,249529838
fixed,246530148
fixed,246386622
fixed,245313166
fixed,246930512
fixed,245320652
fixed,247163986
fixed,246968986
fixed,246737486
fixed,247535476
fixed,245924608
fixed,252591888
fixed,247033356
fixed,250869926
fixed,248122580
fixed,245592386
fixed,246229632
fixed,249618736
fixed,248411886
fixed,247507396
fixed,247088590
fixed,246145652
fixed,248326162
fixed,243367250
fixed,246102940
fixed,246234158
fixed,246225752
fixed,247303068
fixed,245833936
fixed,249111084
fixed,243855144
fixed,249724842
fixed,244344406
fixed,247560440
fixed,245448196
fixed,244522916
fixed,246815236
fixed,244506780
fixed,250908860
fixed,250959328
fixed,251182430
fixed,250907736
fixed,249570300
fixed,251968004
fixed,254068346
fixed,250946008
fixed,249822400
fixed,255217508
fixed,250462472
fixed,251891494
fixed,252662476
fixed,250734024
fixed,253304430
fixed,253567400
fixed,251955138
fixed,253730050
fixed,257771122
fixed,252255644
fixed,253284386
fixed,252301728
fixed,251656602
fixed,254263898
fixed,254878266
fixed,254048324
fixed,253923550
fixed,251341536
fixed,253392062
fixed,254608214
fixed,254148750
fixed,254596360
fixed,258338220
fixed,253546868
fixed,254585974
fixed,253404616
fixed,252147118
fixed,251173942
fixed,256079968
fixed,252583348
fixed,252515602
fixed,252499518
fixed,253039126
fixed,254446948
fixed,255461530
fixed,252488614
fixed,252284428
fixed,254227446
fixed,262475052
fixed,253488582
fixed,252583060
fixed,252915638
fixed,252904956
fixed,252853954
fixed,253276616
fixed,254515662
fixed,253590836
fixed,251815054
fixed,253696444
fixed,254833342
fixed,252533580
fixed,251539918
fixed,249418952
fixed,252604830
fixed,252724058
fixed,253145362
fixed,252867084
fixed,250094652
fixed,255011792
fixed,253464114
fixed,253698232
fixed,247467512
fixed,250293170
fixed,249329788
fixed,247448502
fixed,243481022
fixed,249515984
fixed,248408484
fixed,246803900
fixed,245458136
fixed,246078962
fixed,247867702
fixed,248756892
fixed,250089800
fixed,254736170
fixed,249832452
fixed,243895088
fixed,253267140
fixed,249990526
fixed,250354026
fixed,252851998
fixed,249773054
fixed,245357718
fixed,245413330
fixed,246233664
fixed,251333056
fixed,247935364
fixed,246616374
fixed,244771698
fixed,243515374
fixed,243155384
fixed,247634848
fixed,252451794
fixed,244375050
fixed,243442564
fixed,246066082
fixed,243974646
fixed,246807630
fixed,249275196
fixed,246540346
fixed,247355488
fixed,246021424
fixed,245675012
fixed,247843420
fixed,245591558
fixed,249286158
fixed,247676850
fixed,249062296
fixed,245171338
fixed,249926798
fixed,244441616
fixed,242421476
fixed,249636994
fixed,248203936
fixed,246650800
fixed,246261874
fixed,250744060
fixed,252044142
fixed,249313942
fixed,246242382
fixed,249699766
fixed,251520272
fixed,250287288
fixed,251576182
fixed,252294292
fixed,248626856
fixed,247652346
fixed,251168326
fixed,246077664
fixed,250407236
fixed,246554198
fixed,246061778
fixed,246746404
fixed,254069712
fixed,251743932
fixed,245397328
fixed,248305286
fixed,244820872
fixed,248487264
fixed,246655448
fixed,249896416
fixed,246518138
fixed,247785990
fixed,250154014
fixed,249556308
fixed,246988054
fixed,243634850
fixed,245771810
fixed,245961756
fixed,247055966
fixed,244248208
fixed,245157828
fixed,243209594
fixed,247210674
fixed,259207200
fixed,245197150
fixed,243850696
fixed,246438050
fixed,248415534
fixed,245480434
fixed,249765014
fixed,246489300
fixed,252097124
fixed,245293786
fixed,247684390
fixed,249542070
fixed,248918116
fixed,247705222
fixed,248486800
fixed,248768184
fixed,246846674
fixed,252785962
fixed,251410952
fixed,246292712
fixed,250202478
fixed,249568498
fixed,243819606
fixed,243539376
fixed,247981802
fixed,248919248
fixed,244493228
fixed,248915858
fixed,252741542
fixed,247492932
fixed,243209586
fixed,250107180
fixed,244007852
fixed,249046762
fixed,247556486
fixed,248763772
fixed,246496062
fixed,245216942
fixed,248820218
fixed,244800734
fixed,246953424
fixed,245543162
fixed,248989888
fixed,249447788
fixed,245550634
fixed,247762826
fixed,250479864
fixed,245165426
fixed,246078146
fixed,245806568
fixed,252954086
fixed,248373806
fixed,243748590
fixed,247097398
fixed,244393690
fixed,248266120
fixed,252626826
fixed,244647340
fixed,244601122
fixed,249516386
fixed,244389672
fixed,245322028
fixed,248090698
fixed,247845318
fixed,248622972
fixed,246946726
fixed,250448280
fixed,248096838
fixed,249354938
fixed,248345866
fixed,249455994
fixed,253597698
fixed,248370426
fixed,251846818
fixed,249782318
fixed,248200496
fixed,248045402
fixed,250383348
fixed,248465358
fixed,252060962
fixed,253946190
fixed,250449736
fixed,249409946
fixed,243994184
fixed,251703328
fixed,249418244
fixed,249874864
fixed,247532512
fixed,247593226
fixed,248466006
fixed,252248934
fixed,245753490
fixed,243934128
fixed,247268660
fixed,251346528
fixed,250351924
fixed,249645658
fixed,249024840
fixed,248596754
fixed,251844342
fixed,247391654
fixed,245993156
fixed,252848868
fixed,248721892
fixed,250942746
fixed,248993430
fixed,250835198
fixed,244595326
fixed,247881682
fixed,247031496
fixed,243689340
fixed,244063472
fixed,244934338
fixed,254675182
fixed,250311592
fixed,249600310
fixed,252356596
fixed,249584324
fixed,245986636
fixed,248095798
fixed,246829260
fixed,249317740
fixed,249615160
fixed,261226110
fixed,245688562
fixed,250318522
fixed,250794652
fixed,253419352
fixed,255831376
fixed,249965442
fixed,247581188
fixed,251543506
fixed,256551922
fixed,256088100
fixed,251198798
fixed,253091232
fixed,252101754
fixed,253597422
fixed,278622030
fixed,256420874
fixed,250702716
fixed,254984734
fixed,251182626
fixed,252684192
fixed,253118676
fixed,257970090
fixed,257044512
fixed,252274640
fixed,252449740
fixed,255467324
fixed,255571176
fixed,257061636
fixed,258611806
fixed,256554074
fixed,261035426
fixed,253562182
fixed,251351612
fixed,254540112
fixed,255329688
fixed,258790502
fixed,254809024
fixed,258882156
fixed,253881170
fixed,254325638
fixed,253411454
fixed,255339128
fixed,255234226
fixed,253999086
fixed,255630570
fixed,253513502
fixed,253933638
fixed,254676736
fixed,252984226
fixed,254023612
fixed,253665712
fixed,253024234
fixed,257292260
fixed,253190202
fixed,256477044
fixed,253340444
fixed,253997150
fixed,249139770
fixed,253347272
fixed,253376610
fixed,251157708
fixed,249037730
fixed,254766036
fixed,244390948
fixed,243981692
fixed,255615576
fixed,249522042
fixed,245483348
fixed,248069580
fixed,240773718
fixed,249197278
fixed,246751794
fixed,243129958
fixed,252048898
fixed,242386254
fixed,244779290
fixed,246160452
fixed,245807138
fixed,244377610
fixed,249122952
fixed,246466502
fixed,247509982
fixed,245705348
fixed,246602020
fixed,245534624
fixed,246717560
fixed,244967822
fixed,243371952
fixed,249882976
fixed,245979546
fixed,247153678
fixed,245108610
fixed,244361650
fixed,245419588
fixed,249546872
fixed,244310010
fixed,242904004
fixed,243983846
fixed,249634890
fixed,247249226
fixed,243851806
fixed,243693998
fixed,243387068
fixed,242925026
fixed,241391050
fixed,247644506
fixed,247567548
fixed,242628124
fixed,243856590
fixed,245632458
fixed,245544702
fixed,248842346
fixed,246116784
fixed,246307874
fixed,248670552
fixed,248817788
fixed,248314774
fixed,250204928
fixed,247534748
fixed,246436282
fixed,246301696
fixed,246571752
fixed,250218216
fixed,245558932
fixed,243492046
fixed,244127736
fixed,248446964
fixed,244241016
fixed,243986636
fixed,246104016
fixed,242696446
fixed,246729040
fixed,248073196
fixed,249327152
fixed,245396172
fixed,247215718
fixed,251638124
fixed,245900886
fixed,247103842
fixed,245071432
fixed,250867634
fixed,246537154
fixed,243814308
fixed,243656406
fixed,246655716
fixed,242605238
fixed,245301112
fixed,249802400
fixed,241173754
fixed,249413984
fixed,247214636
fixed,248461868
fixed,246091064
fixed,249410850
fixed,245453162
fixed,245200114
fixed,248129090
fixed,247160452
fixed,247693452
fixed,246643216
fixed,247022632
fixed,247526200
fixed,241153374
fixed,252231384
fixed,248166802
fixed,243283606
fixed,246153440
fixed,246150996
fixed,247545784
fixed,242933830
fixed,247323180
fixed,243643454
fixed,247464270
fixed,243651220
fixed,245013800
fixed,252431242
fixed,241319408
fixed,247114578
fixed,246759616
fixed,247215832
fixed,247697322
fixed,243290544
fixed,244233910
fixed,244756076
fixed,252912860
fixed,245746794
fixed,247904074
fixed,244926190
fixed,242613072
fixed,246267714
fixed,245987016
fixed,244058340
fixed,241738724
fixed,247848634
fixed,246346006
fixed,246394614
fixed,243974348
fixed,245754566
fixed,249093130
fixed,243390124
fixed,249532480
fixed,249665580
fixed,244702956
fixed,247681672
fixed,251721286
fixed,249804124
fixed,244834616
fixed,246858990
fixed,246382256
fixed,248144406
fixed,247756714
fixed,239854688
fixed,247351992
fixed,244053302
fixed,241085742
fixed,249830784
fixed,243944944
fixed,247120066
fixed,243838454
fixed,244006902
fixed,245450526
fixed,250452886
fixed,243414030
fixed,240499896
fixed,243825244
fixed,242378238
fixed,246037446
fixed,247069916
fixed,246359860
fixed,250828634
fixed,244946416
fixed,241412898
fixed,247301148
fixed,243885156
fixed,243895990
fixed,245064494
fixed,243166894
fixed,244306240
fixed,244028932
fixed,247814722
fixed,244524532
fixed,244579562
fixed,249185344
fixed,245917874
fixed,244467288
fixed,246886646
fixed,251474424
fixed,246338698
fixed,246745894
fixed,252175192
fixed,247077564
fixed,247291488
fixed,248449750
fixed,254743466
fixed,247958396
fixed,247561354
fixed,249804106
fixed,247417150
fixed,246750784
fixed,248904736
fixed,250141074
fixed,248759920
fixed,253368712
fixed,246279114
fixed,249141952
fixed,248049422
fixed,248224920
fixed,244368498
fixed,245155072
fixed,250499998
fixed,250286832
fixed,248172200
fixed,250409244
fixed,249823214
fixed,252985432
fixed,253910268
fixed,248368672
fixed,250847286
fixed,253751496
fixed,264152108
fixed,252079416
fixed,256673798
fixed,251667696
fixed,262180466
fixed,258133402
fixed,260621694
fixed,252609400
fixed,248857144
fixed,252678016
fixed,253632604
fixed,254125606
fixed,248217968
fixed,250645836
fixed,251582602
fixed,253161534
fixed,253248868
fixed,255143322
fixed,255385054
fixed,255912924
fixed,255325320
fixed,259078510
fixed,253149988
fixed,254295876
fixed,254528790
fixed,253264322
fixed,259384656
fixed,253668374
fixed,252572802
fixed,257756528
fixed,253213040
fixed,252663626
fixed,253098632
fixed,254158134
fixed,253271954
fixed,253230490
fixed,253177592
fixed,254109700
fixed,252666352
fixed,253803642
fixed,254032198
fixed,252883392
fixed,253127582
fixed,254733122
fixed,254473098
fixed,252910402
fixed,253683992
fixed,255486712
fixed,252255038
fixed,249758114
fixed,249498492
fixed,249304060
fixed,249085938
fixed,250746872
fixed,251641536
fixed,246810162
fixed,244403276
fixed,246123330
fixed,254264206
fixed,241112092
fixed,247482484
fixed,245699922
fixed,248046016
fixed,247041896
fixed,246039618
fixed,251105788
fixed,249436854
fixed,246266674
fixed,243814396
fixed,244152772
fixed,250516244
fixed,253658020
fixed,246615214
fixed,246939642
fixed,246203086
fixed,247616956
fixed,244903216
fixed,243441926
fixed,249888374
fixed,244319362
fixed,242771022
fixed,247491658
fixed,246328896
fixed,252179758
fixed,242911528
fixed,241739840
fixed,251194150
fixed,246322596
fixed,245353322
fixed,246625264
fixed,244383240
fixed,247257232
fixed,251167230
fixed,244204336
fixed,245870692
fixed,249784404
fixed,246866986
fixed,247348858
fixed,248026508
fixed,243677838
fixed,241134028
fixed,245764546
fixed,244515744
fixed,249986026
fixed,251078780
fixed,243502768
fixed,245889204
fixed,250724242
fixed,248219982
fixed,248945112
fixed,249613098
fixed,249770116
fixed,246543744
fixed,248239132
fixed,245400406
fixed,253687630
fixed,251041756
fixed,242090060
fixed,247565934
fixed,247164436
fixed,248961566
fixed,242298194
fixed,252337628
fixed,243937592
fixed,249934328
fixed,251802342
fixed,245971318
fixed,243624998
fixed,244107898
fixed,245843232
fixed,248720702
fixed,246266010
fixed,246451786
fixed,241740488
fixed,277987148
fixed,247201638
fixed,249758846
fixed,248477064
fixed,253511970
fixed,247833148
fixed,248564254
fixed,250613348
fixed,250415164
fixed,248435160
fixed,247795274
fixed,246458270
fixed,249075418
fixed,246307382
fixed,248665452
fixed,249333400
fixed,247141762
fixed,255433618
fixed,246211258
fixed,247396392
fixed,248942966
fixed,250077228
fixed,247440068
fixed,247356306
fixed,249585362
fixed,244381520
fixed,245340366
fixed,254582352
fixed,248499462
fixed,250385660
fixed,244812558
fixed,247683268
fixed,252394872
fixed,249077804
fixed,250557596
fixed,251492490
fixed,251314578
fixed,248452150
fixed,252583816
fixed,245976060
fixed,247862098
fixed,253309078
fixed,246041896
fixed,247199884
fixed,246970120
fixed,244035754
fixed,244234788
fixed,249503066
fixed,246581028
fixed,252746902
fixed,247213624
fixed,249603310
fixed,249957276
fixed,248580906
fixed,250874962
fixed,251018930
fixed,248041886
fixed,250708872
fixed,246354756
fixed,249196770
fixed,246570096
fixed,250052880
fixed,249424566
fixed,252628690
fixed,248403540
fixed,249153106
fixed,246957764
fixed,247582852
fixed,247663146
fixed,255279822
fixed,247093362
fixed,251727254
fixed,249230340
fixed,244169510
fixed,252064832
fixed,249031910
fixed,253468984
fixed,246144224
fixed,251322328
fixed,247239264
fixed,250496932
fixed,252294536
fixed,248047376
fixed,247916170
fixed,248357714
fixed,247483310
fixed,250249046
fixed,250032612
fixed,249782076
fixed,250936248
fixed,249194476
fixed,247751370
fixed,249975586
fixed,249339852
fixed,249256416
fixed,249044680
fixed,248746558
fixed,254204778
fixed,252665454
fixed,251183244
fixed,247284104
fixed,253991110
fixed,252286318
fixed,251523314
fixed,253713854
fixed,247753428
fixed,249209864
fixed,248324640
fixed,250122064
fixed,245873504
fixed,252597594
fixed,247162992
fixed,247625964
fixed,250754906
fixed,251995652
fixed,249392808
fixed,250700222
fixed,254288292
fixed,245162416
fixed,246370290
fixed,250667780
fixed,247724948
fixed,248346640
fixed,249328782
fixed,253150490
fixed,250926638
fixed,249697580
fixed,250101800
fixed,251858452
fixed,249653172
fixed,248815142
fixed,252631442
fixed,249884494
fixed,249443156
fixed,249681532
fixed,252004552
fixed,252302478
fixed,251966202
fixed,251490282
fixed,245588172
fixed,249675050
fixed,256029390
fixed,247980442
fixed,249141552
fixed,250280076
fixed,247803164
fixed,250741922
fixed,254397266
fixed,249725018
fixed,254010738
fixed,251893266
fixed,251255198
fixed,252078450
fixed,250003126
fixed,252618096
fixed,253594632
fixed,253745152
fixed,252911876
fixed,255189456
fixed,251531204
fixed,253185610
fixed,255236852
fixed,254245008
fixed,256537544
fixed,252989624
fixed,251368082
fixed,254545760
fixed,252194376
fixed,253517444
fixed,255942160
fixed,254188088
fixed,253736320
fixed,254605478
fixed,254352302
fixed,250742688
fixed,253642644
fixed,257164214
fixed,254839514
fixed,257712866
fixed,257185504
fixed,255300246
fixed,255688624
fixed,255961846
fixed,256504680
fixed,254900172
fixed,256152898
fixed,255570896
fixed,253205260
fixed,255643610
fixed,259290342
fixed,253736210
fixed,253159850
fixed,253177592
fixed,253929542
fixed,253056910
fixed,254804264
fixed,254701676
fixed,254346482
fixed,253827028
fixed,254783582
fixed,256771628
fixed,256160024
fixed,254842494
fixed,255487878
fixed,258948702
fixed,254861600
fixed,256510278
fixed,253251688
fixed,249822006
fixed,252291794
fixed,252896580
fixed,252298764
fixed,250148826
fixed,257326924
fixed,248475314
fixed,247030246
fixed,250102628
fixed,251880398
fixed,248344870
fixed,251394298
fixed,244511854
fixed,248535482
fixed,248411096
fixed,244990882
fixed,246806240
fixed,249572564
fixed,246068304
fixed,249216766
fixed,250158858
fixed,248721392
fixed,250836970
fixed,246641932
fixed,247191018
fixed,245625946
fixed,245475316
fixed,248621050
fixed,248479836
fixed,244712144
fixed,248193660
fixed,248941338
fixed,241982458
fixed,248543186
fixed,243764982
fixed,249823042
fixed,242983608
fixed,246535324
fixed,249558612
fixed,246003824
fixed,251632464
fixed,248415046
fixed,249269462
fixed,247958406
fixed,250516700
fixed,248299660
fixed,246504560
fixed,249774056
fixed,252610886
fixed,252788622
fixed,249994368
fixed,249462310
fixed,250090430
fixed,250101148
fixed,247443250
fixed,247629290
fixed,247050776
fixed,248258646
fixed,250634428
fixed,256812036
fixed,253345432
fixed,250206370
fixed,247205470
fixed,247194174
fixed,248930238
fixed,249333950
fixed,246780792
fixed,247028384
fixed,247803406
fixed,249846332
fixed,246766820
fixed,248854646
fixed,248960824
fixed,249995196
fixed,248836690
fixed,248056306
fixed,246401608
fixed,249313234
fixed,249044486
fixed,248366656
fixed,247378480
fixed,248579514
fixed,248349830
fixed,249102012
fixed,248063960
fixed,247783094
fixed,246347242
fixed,247842492
fixed,247739184
fixed,246684972
fixed,249364490
fixed,247161582
fixed,251331472
fixed,249607766
fixed,246624364
fixed,245785348
fixed,245875890
fixed,245708812
fixed,245782930
fixed,247672402
fixed,246209942
fixed,245029742
fixed,260436848
fixed,250448262
fixed,246350260
fixed,246929382
fixed,251491098
fixed,248866498
fixed,250441496
fixed,252559008
fixed,250674494
fixed,251176486
fixed,244617504
fixed,247055148
fixed,248762068
fixed,248302890
fixed,247860726
fixed,248719710
fixed,247726556
fixed,247820602
fixed,248086892
fixed,249006914
fixed,249623728
fixed,249669024
fixed,248114310
fixed,248267778
fixed,248276468
fixed,248528278
fixed,249566032
fixed,247833342
fixed,247608716
fixed,247437426
fixed,250733056
fixed,250714424
fixed,248809584
fixed,245679370
fixed,248303462
fixed,245443988
fixed,246766194
fixed,253613076
fixed,249016212
fixed,248796594
fixed,250290186
fixed,248288248
fixed,247064256
fixed,253852562
fixed,246381756
fixed,246985888
fixed,244790588
fixed,247849520
fixed,249916544
fixed,249074206
fixed,251069252
fixed,245744994
fixed,247613138
fixed,251195310
fixed,249565270
fixed,249940932
fixed,248208048
fixed,251195594
fixed,244817976
fixed,245211332
fixed,247237310
fixed,246934416
fixed,246608622
fixed,246908728
fixed,245029644
fixed,248841048
fixed,244852114
fixed,253736620
fixed,247592594
fixed,251793688
fixed,243182418
fixed,243975924
fixed,245101352
fixed,242970004
fixed,246449964
fixed,242132118
fixed,245432610
fixed,240263034
fixed,253038398
fixed,247272184
fixed,245639060
fixed,246283056
fixed,246527200
fixed,249590110
fixed,241749630
fixed,250625314
fixed,244345280
fixed,245438462
fixed,245444318
fixed,248907146
fixed,249105080
fixed,252301474
fixed,248097830
fixed,248007448
fixed,244798852
fixed,249692278
fixed,244963320
fixed,250279956
fixed,248058376
fixed,246685578
fixed,240712206
fixed,245903508
fixed,246080036
fixed,246307072
fixed,246521354
fixed,245710356
fixed,246498494
fixed,242352334
fixed,245264032
fixed,248872666
fixed,244248530
fixed,246071730
fixed,248838028
random,249024834
random,247049924
random,251465286
random,252064076
random,251392836
random,251301510
random,248802438
random,250876730
random,247385046
random,246694290
random,247478236
random,246919678
random,246288226
random,244803884
random,251682320
random,246273934
random,244165618
random,244745276
random,249433054
random,246288506
random,246116240
random,246704380
random,247302532
random,246270188
random,243802106
random,244286554
random,244531702
random,247083964
random,244346712
random,247035008
random,246945810
random,243870026
random,243284246
random,246846516
random,243639050
random,246247880
random,247327540
random,246367578
random,246995514
random,246487438
random,246677376
random,246996366
random,244585484
random,242916256
random,246689618
random,246067384
random,246557060
random,246701702
random,245359448
random,247034072
random,244864974
random,247807610
random,253990128
random,251489238
random,246931630
random,245615590
random,250823840
random,246721350
random,249504338
random,247010816
random,248178906
random,248217252
random,248370650
random,248638770
random,247962992
random,249720302
random,247003980
random,247110206
random,245621558
random,245677252
random,247758378
random,246939698
random,245300574
random,248754322
random,246095676
random,244904082
random,247709196
random,249153300
random,246727168
random,247402588
random,246692940
random,247692434
random,245093694
random,248815440
random,246878898
random,248449286
random,247009522
random,247300470
random,245829902
random,246683836
random,247894222
random,249141386
random,251976086
random,250345670
random,248260032
random,248748316
random,248740842
random,249259534
random,247415356
random,248674324
random,247998944
random,248295692
random,248314218
random,249859792
random,247315330
random,247231324
random,251647816
random,247263646
random,247754532
random,247635846
random,250238584
random,253155990
random,248155320
random,248603628
random,247159928
random,248834348
random,251692628
random,247981728
random,248547784
random,248552676
random,251592430
random,247957074
random,249561096
random,248492050
random,249674214
random,250062026
random,250075860
random,247704734
random,253589904
random,247112824
random,252466774
random,247977028
random,247707464
random,250159280
random,251068822
random,250467624
random,249929990
random,251505424
random,248799864
random,251571840
random,250226380
random,250826544
random,245968008
random,251510306
random,248973206
random,249302710
random,247457528
random,249148552
random,249758800
random,246923296
random,248709756
random,249062544
random,251802814
random,249588750
random,249663912
random,246679718
random,247777168
random,248786816
random,251562692
random,251759364
random,250502530
random,251119450
random,248073882
random,249295388
random,248184634
random,245934512
random,247675218
random,247695402
random,253556580
random,249154362
random,251826542
random,249085304
random,248893666
random,247640958
random,249364638
random,246772330
random,249873224
random,247263608
random,276906372
random,246941756
random,248357288
random,251632498
random,245368822
random,247045610
random,248482186
random,250348876
random,250104146
random,252729870
random,251349944
random,243357274
random,248403168
random,248806636
random,247345438
random,246225888
random,250888578
random,245663870
random,249179766
random,247570028
random,251074378
random,247423696
random,248405204
random,246645620
random,248557792
random,246240954
random,247054748
random,249194956
random,252993462
random,250945252
random,246619768
random,248622222
random,250051578
random,245221934
random,252613490
random,249527552
random,261518760
random,250736338
random,253766752
random,254979192
random,252049700
random,250465786
random,256543380
random,253011756
random,253978616
random,254452074
random,257414252
random,251380802
random,249207680
random,253473898
random,251339360
random,249417436
random,254014676
random,251717324
random,248178040
random,255576358
random,253214434
random,254263714
random,253498380
random,253007508
random,253521572
random,254368372
random,254308508
random,250101468
random,253119174
random,256334274
random,254279868
random,254426720
random,257723628
random,255447226
random,259841734
random,257477452
random,258210342
random,254908172
random,254456700
random,256260562
random,256116440
random,254832830
random,253913640
random,253951246
random,256963530
random,256645960
random,253857318
random,254759876
random,255846774
random,253628976
random,255600168
random,253195402
random,254567784
random,256604208
random,254575684
random,253654558
random,247072304
random,251946320
random,248355136
random,248616690
random,251517074
random,248628116
random,248823246
random,247019704
random,246335062
random,248568844
random,247484842
random,243901502
random,251426250
random,248210018
random,242197232
random,250110440
random,242213334
random,248786834
random,249410570
random,241465314
random,248053818
random,242853374
random,240611566
random,245890410
random,246077940
random,246878878
random,244837818
random,240708460
random,245713380
random,246764684
random,245694228
random,240326700
random,249024648
random,246673314
random,242754112
random,245131060
random,247968492
random,239365190
random,244689146
random,253863148
random,245001942
random,246379184
random,245207440
random,250560336
random,244144886
random,240903334
random,251277430
random,245839946
random,244199810
random,251017980
random,245083262
random,244681290
random,244214210
random,249713394
random,246479944
random,243460186
random,248715810
random,241305778
random,245661510
random,245053540
random,242941646
random,242808402
random,247674294
random,250394098
random,245340382
random,243856232
random,245671414
random,247527014
random,243775752
random,247706626
random,246512248
random,246436730
random,245423546
random,243773892
random,246464506
random,246659450
random,244664816
random,246501806
random,244182752
random,245495180
random,245062500
random,246737474
random,243166920
random,242850894
random,245917916
random,243421690
random,243871236
random,246398318
random,243019262
random,244530328
random,239960162
random,243379736
random,246744660
random,245664166
random,246212446
random,244400874
random,247331928
random,247839332
random,244162936
random,248297646
random,247429292
random,244859358
random,246818718
random,242081000
random,249536482
random,242999006
random,243174124
random,248610776
random,242884432
random,241911106
random,246949276
random,244687194
random,244538726
random,248566164
random,246202122
random,247338876
random,248357250
random,244263202
random,241673706
random,247114504
random,250958460
random,248344406
random,242208106
random,244301868
random,245464292
random,246948796
random,241225192
random,246915856
random,244709128
random,242912884
random,243265822
random,246240962
random,243712438
random,247968030
random,245158108
random,244704544
random,246296064
random,243341518
random,246480102
random,245748280
random,244059444
random,248292044
random,247963094
random,243249716
random,251123560
random,243919966
random,243047138
random,244977166
random,246569482
random,244660584
random,246144234
random,248157070
random,249578718
random,248309676
random,245021466
random,243781182
random,247402646
random,243416456
random,250992090
random,245145988
random,243242970
random,243806788
random,244936512
random,242937420
random,244600058
random,245986472
random,244249706
random,240560362
random,247883140
random,241090684
random,248309036
random,246004702
random,244459864
random,242090488
random,248476426
random,243898660
random,245688346
random,251698316
random,241539884
random,245123088
random,245946820
random,243808436
random,245485328
random,240772880
random,247606802
random,240437006
random,245031494
random,243923708
random,244125154
random,242587248
random,247779432
random,245178200
random,247973094
random,245846558
random,246036288
random,246032250
random,245772894
random,245603548
random,250274110
random,242281098
random,248977500
random,248760484
random,244325104
random,243119090
random,241962572
random,244779148
random,244986670
random,243062754
random,242770256
random,242455104
random,239851494
random,247654214
random,243023020
random,245197704
random,243500308
random,246120544
random,245573238
random,248866522
random,244588592
random,246267852
random,244198482
random,244792990
random,244927982
random,250370220
random,251344344
random,249436432
random,248902046
random,244992350
random,247820864
random,250213218
random,250716560
random,249406164
random,253079726
random,246658128
random,247983044
random,256095844
random,251955220
random,246050172
random,254619370
random,254775262
random,247586308
random,252968422
random,251732474
random,246334744
random,252939140
random,255469978
random,251282084
random,253821560
random,254211702
random,250579788
random,246713336
random,253376454
random,255106194
random,256432498
random,255495084
random,253736424
random,252622558
random,255262578
random,252244090
random,246915518
random,254781248
random,254654434
random,255046702
random,256557770
random,254663834
random,257160954
random,254787056
random,257710360
random,254009438
random,254486098
random,252984034
random,258007600
random,253201284
random,254901756
random,253788152
random,253774910
random,254131806
random,253539538
random,253747876
random,256872894
random,256799264
random,253443636
random,256692046
random,255092748
random,245103862
random,248491014
random,252478276
random,249072522
random,243144548
random,253688098
random,245402590
random,246387478
random,243627014
random,245834902
random,246894936
random,249645978
random,253004970
random,245562780
random,245659992
random,243848536
random,247876276
random,248277618
random,244924996
random,250319740
random,244239852
random,243587450
random,246216406
random,247155590
random,249878048
random,245019852
random,247241818
random,245793332
random,248053962
random,247445882
random,246018910
random,247003026
random,242233882
random,249099368
random,243234946
random,240314106
random,241333116
random,245321808
random,247129072
random,244895060
random,246494312
random,243791552
random,243927022
random,245449262
random,245246308
random,248296044
random,247967216
random,246056884
random,242858560
random,245577576
random,251395486
random,245908794
random,241633530
random,244416868
random,244238280
random,244015164
random,250857008
random,244729226
random,244609116
random,245228976
random,245808928
random,246626156
random,248254994
random,244755910
random,243512034
random,245798922
random,241809882
random,245009040
random,242241470
random,242615486
random,243460346
random,244995148
random,243612566
random,245465846
random,248510234
random,247139172
random,244361422
random,248228096
random,246294034
random,247275946
random,245283340
random,246302192
random,244921964
random,245877018
random,249104420
random,246734864
random,244461058
random,239721592
random,240584982
random,248822070
random,244165822
random,246581478
random,244320714
random,243268714
random,243570390
random,244196322
random,244008070
random,245322230
random,243927542
random,243056178
random,245169320
random,241986162
random,251141784
random,248819316
random,245603666
random,244750262
random,247317146
random,250389118
random,246917432
random,247038850
random,241785788
random,248995914
random,241047264
random,247671092
random,245584176
random,244080456
random,244007362
random,244917522
random,240689366
random,242392390
random,250247418
random,245184126
random,243201778
random,247810058
random,245666872
random,245189062
random,248541148
random,245663262
random,244773886
random,244535394
random,249743840
random,245336584
random,249802410
random,245608500
random,247185436
random,247989178
random,250292524
random,245433188
random,247787200
random,242554854
random,244057668
random,251964276
random,248986528
random,246068086
random,250494896
random,246436664
random,245915526
random,244240616
random,250914798
random,246198858
random,244760874
random,249259016
random,244861072
random,244094476
random,244775746
random,244084146
random,241243942
random,245695792
random,246068484
random,247414532
random,244810980
random,246293012
random,242599030
random,247998916
random,243378586
random,243359654
random,241718716
random,244900380
random,244095050
random,246519376
random,243977292
random,241174514
random,244674390
random,246998552
random,249961818
random,243108928
random,243433174
random,246587264
random,245159524
random,248817074
random,243940918
random,241805370
random,246117756
random,250901804
random,245073418
random,244046814
random,248410764
random,252094336
random,246881924
random,251622578
random,244222590
random,245336608
random,247565050
random,246330072
random,245199004
random,247100804
random,244786926
random,252277744
random,248500460
random,248113976
random,249349762
random,248472132
random,248929840
random,247940840
random,247822992
random,244528264
random,248137596
random,247606984
random,246763860
random,245766014
random,246681292
random,247431496
random,245694322
random,245399688
random,243516014
random,246944398
random,244071330
random,248858188
random,246867206
random,244347886
random,248347762
random,244901714
random,246196930
random,251810610
random,252074922
random,249397056
random,252146880
random,247591276
random,250334954
random,251924186
random,250159014
random,252655446
random,256904656
random,248988160
random,250925848
random,248794634
random,251579954
random,248155578
random,250240142
random,252961602
random,251578214
random,255938842
random,254734590
random,248359856
random,252665710
random,252308108
random,248859602
random,253330230
random,253411240
random,251333136
random,249330288
random,247481938
random,251303690
random,252257862
random,253759154
random,252534398
random,253407676
random,253159706
random,256136592
random,254255134
random,254918470
random,257223132
random,253776550
random,254214492
random,255161848
random,254176758
random,260871266
random,253619962
random,253796246
random,255296688
random,254632274
random,253020172
random,254488976
random,256083176
random,253592004
random,252258946
random,254360604
random,251553202
random,256285156
random,254019022
random,255107050
random,253397232
random,255203090
random,255735106
random,253691234
random,256133448
random,256729606
random,253973040
random,258421330
random,253134562
random,255068736
random,250069814
random,246682284
random,255632926
random,259870452
random,254821684
random,248571494
random,248841130
random,251194410
random,248633598
random,246906634
random,244324982
random,245008390
random,246035416
random,247912894
random,247175704
random,243929062
random,243456922
random,241760960
random,242849476
random,248961890
random,245385736
random,247963948
random,242003206
random,243191586
random,251171966
random,243937326
random,246276736
random,245188296
random,246465958
random,244688866
random,246723778
random,243993878
random,248035908
random,244165034
random,246518342
random,244666862
random,249710308
random,244157668
random,246843834
random,246246900
random,245138786
random,248408678
random,246168190
random,245711486
random,243977686
random,249113514
random,245360992
random,241608600
random,249649722
random,247870206
random,247383082
random,241282234
random,246291530
random,246106842
random,247794784
random,246707992
random,242944064
random,244049470
random,244840098
random,249371798
random,247076238
random,242421926
random,246091166
random,246936552
random,244378098
random,243860042
random,246525648
random,244040992
random,246170116
random,244738012
random,246779688
random,243258938
random,244236292
random,244130904
random,246364130
random,247591388
random,244457000
random,245812202
random,240349466
random,244421058
random,245771550
random,243966164
random,241832736
random,244524300
random,240754216
random,243318026
random,242697482
random,245827476
random,247853702
random,246120844
random,252320194
random,246802954
random,243889314
random,244285288
random,244598178
random,245014994
random,244479932
random,250064482
random,243189972
random,249168358
random,244022966
random,246159674
random,245143006
random,246957536
random,245491030
random,243499828
random,244309226
random,250240140
random,247695194
random,244773706
random,244101706
random,248910678
random,248738604
random,242465820
random,244816230
random,245251596
random,244149066
random,252066056
random,244568308
random,247307824
random,246393312
random,247163886
random,247138114
random,243986712
random,247943970
random,243885612
random,245079652
random,243223978
random,248022482
random,248672260
random,243987790
random,243820694
random,251571942
random,244813718
random,249743572
random,246678254
random,244350852
random,243698698
random,247068734
random,246004014
random,248762326
random,245367640
random,245037776
random,247891912
random,246026910
random,248924966
random,246260140
random,245513690
random,245971452
random,246652830
random,251274372
random,246217388
random,248545614
random,248521090
random,243687936
random,244822802
random,248223718
random,243185290
random,244709400
random,249144154
random,245729156
random,244049104
random,249215928
random,248953486
random,248786594
random,245730074
random,248868662
random,244250692
random,246428550
random,244750138
random,243930836
random,246031532
random,248623388
random,245242000
random,248604930
random,247332264
random,240415882
random,247425088
random,247723886
random,245800720
random,243312284
random,246253742
random,249026318
random,244177100
random,244802222
random,245844588
random,247573592
random,252851842
random,248839664
random,248618498
random,250541990
random,244630422
random,246676422
random,247507576
random,242618640
random,246519144
random,243704244
random,245376710
random,250496252
random,246667842
random,242963382
random,248514130
random,249531274
random,250842448
random,247454900
random,242355678
random,244930774
random,245578628
random,243596662
random,243610526
random,246959096
random,246658528
random,244170520
random,248305004
random,244850992
random,246049524
random,245153396
random,247457102
random,247507576
random,246736630
random,244303228
random,245313504
random,247383172
random,244382770
random,247359122
random,244020708
random,243196128
random,243301118
random,242470526
random,246445682
random,247108608
random,249377748
random,246357390
random,243793546
random,247933882
random,249281538
random,251091032
random,250991566
random,249945024
random,246956928
random,251133246
random,250974548
random,247754986
random,252231262
random,249999522
random,257783488
random,253774842
random,247762178
random,245424292
random,251721384
random,249861898
random,255209354
random,246927166
random,249851994
random,258352302
random,257645680
random,249961766
random,250378456
random,254865026
random,254246600
random,254639626
random,254998784
random,253894312
random,250804232
random,253087814
random,255160928
random,253565394
random,254411836
random,253961004
random,254543548
random,255030568
random,253801270
random,255866452
random,257727808
random,255294812
random,254181168
random,254028706
random,254755360
random,257979218
random,254360302
random,255631962
random,254617170
random,258036682
random,254270078
random,251929072
random,248805240
random,246602418
random,253320438
random,254017702
random,255163480
random,253716542
random,249416790
random,253375110
random,245498860
random,245436598
random,249501598
random,246204030
random,246715346
random,243422124
random,244383794
random,243171290
random,239710444
random,248515286
random,241655172
random,248180232
random,243944234
random,241891458
random,244609606
random,245606560
random,244475156
random,245467630
random,241525216
random,246122166
random,241788400
random,243611542
random,248857586
random,243214566
random,245596192
random,243330982
random,246042084
random,249080768
random,245370246
random,249224258
random,247161802
random,244423688
random,248728446
random,244913170
random,247485790
random,247825064
random,253222128
random,253796230
random,241829700
random,244238902
random,245049936
random,245103918
random,250840192
random,246793304
random,245395462
random,249395372
random,243783766
random,251712638
random,243179362
random,243619468
random,246127086
random,244923468
random,247671914
random,242724366
random,246267168
random,250871982
random,247543380
random,247590332
random,245587484
random,243303296
random,241817082
random,243500094
random,241300162
random,244622304
random,244910502
random,248912040
random,246608314
random,247684890
random,249203766
random,245033146
random,245313506
random,244197526
random,248795556
random,242329566
random,249191096
random,243130992
random,243162924
random,244829050
random,247199112
random,251498498
random,242881672
random,244257986
random,248523198
random,247251504
random,246200530
random,242092010
random,242131522
random,242688892
random,244556468
random,244899106
random,246372184
random,243821210
random,241360392
random,243836536
random,244795756
random,244490368
random,243386058
random,244341212
random,240841890
random,249912360
random,245517028
random,248565112
random,244364972
random,244171782
random,241503368
random,242872874
random,244940096
random,244776236
random,243516078
random,243170806
random,245087766
random,243539662
random,247405058
random,244278314
random,242177990
random,243208870
random,245607006
random,245867816
random,245488666
random,244693038
random,244501244
random,245117224
random,244876174
random,244882336
random,251794020
random,249981406
random,245641496
random,246801352
random,251929654
random,243953108
random,243528164
random,254085472
random,245403690
random,243970380
random,246418196
random,251370694
random,241372318
random,247674652
random,244451486
random,248137282
random,243519402
random,245338626
random,243741406
random,247903622
random,244121756
random,242879766
random,245301762
random,246341082
random,246574190
random,246032866
random,247750158
random,244298724
random,244595622
random,244162306
random,245713636
random,249244108
random,243886838
random,244552932
random,249522502
random,244385002
random,244523328
random,245394824
random,244530266
random,243847450
random,247585106
random,245787848
random,247134848
random,243829062
random,243880962
random,243111128
random,248066074
random,247731928
random,251189058
random,249853230
random,249018112
random,245388870
random,244980054
random,245713794
random,243514988
random,243741910
random,245493986
random,251995030
random,248215720
random,244910990
random,246214814
random,244323406
random,243552834
random,249526902
random,244008932
random,246464432
random,246315638
random,249102776
random,245571416
random,246272840
random,252586116
random,246280498
random,245463170
random,240906520
random,247108104
random,246565720
random,242442672
random,243495604
random,245590914
random,243636010
random,245721614
random,242540388
random,245563850
random,245606716
random,240149004
random,245552608
random,246014444
random,250410946
random,244442688
random,247007028
random,243870578
random,243366224
random,239714320
random,247723780
random,244283666
random,245254002
random,249230808
random,249690482
random,252098576
random,248200628
random,250210992
random,248394766
random,246339712
random,249416508
random,252592896
random,258984794
random,256353606
random,246348352
random,250440820
random,254394978
random,248122692
random,248266702
random,253656914
random,247138626
random,257488532
random,254373370
random,253230884
random,261618762
random,253439334
random,249524550
random,279456744
random,284455884
random,258208356
random,254384542
random,253636606
random,257629928
random,254434632
random,253416670
random,252154418
random,252728548
random,258536064
random,257336368
random,253963752
random,253721932
random,251703884
random,253926876
random,253608606
random,253605132
random,253641528
random,252457286
random,254511112
random,253428114
random,252822914
random,257150510
random,255393582
random,254392318
random,258739792
random,255263270
random,255512350
random,253508988
random,254400234
random,254103292
random,252737542
random,249703718
random,250719586
random,253701458
random,253183916
random,252082398
random,246665228
random,264973474
random,252982290
random,252868518
random,249454874
random,255666290
random,248347152
random,245891442
random,246728928
random,244171274
random,246476506
random,245314940
random,248964646
random,245664732
random,244579866
random,250379226
random,241250184
random,242333630
random,243432020
random,254758976
random,249258946
random,242938848
random,246623280
random,244941546
random,241758426
random,246292898
random,244169326
random,245980738
random,243784492
random,243557772
random,240507632
random,241625874
random,247053208
random,246615646
random,243433860
random,250262352
random,244771174
random,243923846
random,244812238
random,245573688
random,242888822
random,245459002
random,244222594
random,245106262
random,241468338
random,247620506
random,242900914
random,243202422
random,249276910
random,245646658
random,243092564
random,245306206
random,249838876
random,246181392
random,244800490
random,240519514
random,248377086
random,243536152
random,244703460
random,247227562
random,246162130
random,245698804
random,243698034
random,242067774
random,242362082
random,246409284
random,246057580
random,240428022
random,242461828
random,242438842
random,245623864
random,244767054
random,244168912
random,249320408
random,246311034
random,249950250
random,247931294
random,245608518
random,242213982
random,242594474
random,249211954
random,246843686
random,249621348
random,241247518
random,244991932
random,245669250
random,245937536
random,247622616
random,244781232
random,243464906
random,242294556
random,249273916
random,246430440
random,241714134
random,249693798
random,244180244
random,243048390
random,245414164
random,240208358
random,246022194
random,245098896
random,242281106
random,251236796
random,242932360
random,244813038
random,249827418
random,249409338
random,242121810
random,246507134
random,241097168
random,240222502
random,243556162
random,246905796
random,244370704
random,244992392
random,247755406
random,245612000
random,247611596
random,246914856
random,244341410
random,248018574
random,241444490
random,245934060
random,245670486
random,249223006
random,246588524
random,245984852
random,244200628
random,243048746
random,244517444
random,246311784
random,245785996
random,243431494
random,248511620
random,243278526
random,245777876
random,246387372
random,243995134
random,241092912
random,242439244
random,245348212
random,242321182
random,243011110
random,244136176
random,243623692
random,245111034
random,244404034
random,243478594
random,243836584
random,245529710
random,246133480
random,245329530
random,244339848
random,246247968
random,243464638
random,242957682
random,243884164
random,245558860
random,244346370
random,245479332
random,245714556
random,244172754
random,243700824
random,243041972
random,243280268
random,246046174
random,243707980
random,244841752
random,244168472
random,243611976
random,246892350
random,247227836
random,249665930
random,247518324
random,246517388
random,243728782
random,248414428
random,245060076
random,245472738
random,251040862
random,246872026
random,248451748
random,246845332
random,246671850
random,245576448
random,246998334
random,248985110
random,249527054
random,245851900
random,251955244
random,245324090
random,244176540
random,246945368
random,246995244
random,248385944
random,243199300
random,246647336
random,247049490
random,249312458
random,247463824
random,250130354
random,245524192
random,245668908
random,244162010
random,252580590
random,249687110
random,249597650
random,246593744
random,247374134
random,245620468
random,243716886
random,241749750
random,246921554
random,248825854
random,248196620
random,242846248
random,247073338
random,246800410
random,246502142
random,246536006
random,246999730
random,244493842
random,243753530
random,246517630
random,245941874
random,244773304
random,246455356
random,248184030
random,249769954
random,252816798
random,251813928
random,251099424
random,254008930
random,252485786
random,250023666
random,250229272
random,252927190
random,252169570
random,250034644
random,254097216
random,252443222
random,251793998
random,253409820
random,254606842
random,252754174
random,250635734
random,256842594
random,255411962
random,250698734
random,251962862
random,255066690
random,255661176
random,254540556
random,259974800
random,260087324
random,254729690
random,251744576
random,254175404
random,255196780
random,255124536
random,254327910
random,256118922
random,255749298
random,284115528
random,255826056
random,255495998
random,257472900
random,253376384
random,256260484
random,255671244
random,252709288
random,255365282
random,255090154
random,256632520
random,255610588
random,255114874
random,254195076
random,253478062
random,255298826
random,254975026
random,257824780
random,256238746
random,253970828
random,250525498
random,250887664
random,251798822
random,253529920
random,248751956
random,254018902
random,246810928
random,247442488
random,248330200
random,245834940
random,244221056
random,245851736
random,247411000
random,246038230
random,251681962
random,250213496
random,246565882
random,248007460
random,247457478
random,246454020
random,248248942
random,248645836
random,251936366
random,248397308
random,248696032
random,249353934
random,247308322
random,247921664
random,246960840
random,246929010
random,249767384
random,249047830
random,246679970
random,246195304
random,247909058
random,246339462
random,248101216
random,249164176
random,250056464
random,246860768
random,248887320
random,249289686
random,249873056
random,249948014
random,247466674
random,245928156
random,247775296
random,249191672
random,248353222
random,247252470
random,248157264
random,247076284
random,248248344
random,248973316
random,248519164
random,250620120
random,248455746
random,252264460
random,247965238
random,246900890
random,243922268
random,247173292
random,250527874
random,249852932
random,250276388
random,245342842
random,251495236
random,248385574
random,248002704
random,247941884
random,248742678
random,247937638
random,246625942
random,244543346
random,245615840
random,248181224
random,247343940
random,246921596
random,244568428
random,245701124
random,247416276
random,249159824
random,247569252
random,247993854
random,248072248
random,246422150
random,248495532
random,251056694
random,245950248
random,249950926
random,250760904
random,252241776
random,251420428
random,252589380
random,251001722
random,250295734
random,251037580
random,251804704
random,251883454
random,252124098
random,252103014
random,250377978
random,251959594
random,250321682
random,251136752
random,248924564
random,249417644
random,250767310
random,249069404
random,251141104
random,250616856
random,252231686
random,252546564
random,250776792
random,251019822
random,251732964
random,251474318
random,251194580
random,251763088
random,252481508
random,250755974
random,252437542
random,251669512
random,250180778
random,250398026
random,251911204
random,250594296
random,249931984
random,252982934
random,250341216
random,253331620
random,251282518
random,250246688
random,254692564
random,252760694
random,252458222
random,250485092
random,251539274
random,254709432
random,248511864
random,251271530
random,252158830
random,255410250
random,251332044
random,250688152
random,254816624
random,252365412
random,251075704
random,252260330
random,250720702
random,250588080
random,254612602
random,253835212
random,247776166
random,249141616
random,248836736
random,251415302
random,250451170
random,251118462
random,255150650
random,248941582
random,249094462
random,247884674
random,252572246
random,246231958
random,250319466
random,250362558
random,249718496
random,248294734
random,251700090
random,248739836
random,249078974
random,248649708
random,247917424
random,250309502
random,247913950
random,249821312
random,253141542
random,250446584
random,246434948
random,251655632
random,253223848
random,251820660
random,252611930
random,252844290
random,250781844
random,251838700
random,249443834
random,251642350
random,250448276
random,250728942
random,255674674
random,250795918
random,249019762
random,246064996
random,251648522
random,254727956
random,249989230
random,252937384
random,248842528
random,250685148
random,252309572
random,252005834
random,261075896
random,258934378
random,257275790
random,251157936
random,250680164
random,250224098
random,248964608
random,250488528
random,249443212
random,249717094
random,251434256
random,250291070
random,249095518
random,250717298
random,249873368
random,251698936
random,251697050
random,249422484
random,251780276
random,252246976
random,251019528
random,250904878
random,250692564
random,249832312
random,253707662
random,254531780
random,251375228
random,253810510
random,255555050
random,250855356
random,252634442
random,253857834
random,257410090
random,258825050
random,254086816
random,252898956
random,254623620
random,253803882
random,256767328
random,258974798
random,250404394
random,251688440
random,253881296
random,254517216
random,255985476
random,255994024
random,257801830
random,253164014
random,254147874
random,253992214
random,255925174
random,255495856
random,253907720
random,255705728
random,254866894
random,256998930
random,253586650
random,255696534
random,254228420
random,254926586
random,255286906
random,254286954
random,260667476
random,254106836
random,252485868
random,257362338
random,255231620
random,254413438
random,257799010
random,255095400
random,255137208
random,256287358
random,254273262
random,254149114
random,253426540
random,255960782
random,255303774
random,254959944
random,251725070
random,254620508
random,253966210
random,253282958
random,246239420
random,247176466
random,247043710
random,247720954
random,247052744
random,252660682
random,251078712
random,248611294
random,250632238
random,245696362
random,247051612
random,252247084
random,247501076
random,250618816
random,247848122
random,246373278
random,247324080
random,245864582
random,252350098
random,247599234
random,244024112
random,246561206
random,245920922
random,246640794
random,249798318
random,248282150
random,247439532
random,243484006
random,246377950
random,248256244
random,248686136
random,247550570
random,246288216
random,247013954
random,246801232
random,251540228
random,247489286
random,245974190
random,252115140
random,248816392
random,246012554
random,246281542
random,248123832
random,247470094
random,251329138
random,245903754
random,245582576
random,248444462
random,245209188
random,247434058
random,252422620
random,246696442
random,246026148
random,246373852
random,246401328
random,247891310
random,246161346
random,245452052
random,245634182
random,252853616
random,242338674
random,244208472
random,246856788
random,247597634
random,247111384
random,243138426
random,246348416
random,246955662
random,251893878
random,250633240
random,247860672
random,245844504
random,246577854
random,244435054
random,248625204
random,244155508
random,247589138
random,243226646
random,247869310
random,247711554
random,244008060
random,246276500
random,250223724
random,245999680
random,245397074
random,251025464
random,248473036
random,248115990
random,249674398
random,246062214
random,249442574
random,246599482
random,248598070
random,249191568
random,248212890
random,248157992
random,247397012
random,245409478
random,248230418
random,248892856
random,248725438
random,251027010
random,247233720
random,247951684
random,249691692
random,251563664
random,248852606
random,245330502
random,248916184
random,251635476
random,248322478
random,247047606
random,246546068
random,248868994
random,247044780
random,246638198
random,246703150
random,250562554
random,244765426
random,247743318
random,249290108
random,246768838
random,245437678
random,252807438
random,245159450
random,244763754
random,246565748
random,251903598
random,247097356
random,248891458
random,246946314
random,241777660
random,252044616
random,249003280
random,246676776
random,245933478
random,250442378
random,248439440
random,245785398
random,246013632
random,247074048
random,252120624
random,247443326
random,247234458
random,243585208
random,250612148
random,252273364
random,247630942
random,246940308
random,248032770
random,247618100
random,245418942
random,245476024
random,247362730
random,247394268
random,248647324
random,250774148
random,253633804
random,249646856
random,247086778
random,249143972
random,250497806
random,247178572
random,247226578
random,247542424
random,247978018
random,249221878
random,247858476
random,244384132
random,246561140
random,245974664
random,244970442
random,244979522
random,244868686
random,252025564
random,245106672
random,250486282
random,241206918
random,247208548
random,244035768
random,249733956
random,251637022
random,248286238
random,249551986
random,250033762
random,244794650
random,248387558
random,247896106
random,251719376
random,251637526
random,249854350
random,251278452
random,249348070
random,248972534
random,248222666
random,252509832
random,246228762
random,250919746
random,247214242
random,244794162
random,248482710
random,245643568
random,247861842
random,244588424
random,246819836
random,246865108
random,252162458
random,247974214
random,247900292
random,247215936
random,250849082
random,246673616
random,247114726
random,246698188
random,247133476
random,247425532
random,250391996
random,247801384
random,250028418
random,254422062
random,249999952
random,250973688
random,251064832
random,249502216
random,245297754
random,250113940
random,255708710
random,253933450
random,255947068
random,255038882
random,247425470
random,248435688
random,254409452
random,250156418
random,252485288
random,254934334
random,253239010
random,254325576
random,248744432
random,252899800
random,251730252
random,258005556
random,252573456
random,251459636
random,251074852
random,252429656
random,254108236
random,254728420
random,254595428
random,258023580
random,256237744
random,256383160
random,250840078
random,252776876
random,255513316
random,254162920
random,257911768
random,255447678
random,256492740
random,253988088
random,256003210
random,253152930
random,254413092
random,253780078
random,255085056
random,258312356
random,252569478
random,253689952
random,253786112
random,252841422
random,254025168
random,252548422
random,254628234
random,253652870
random,256039610
random,254349840
random,248888476
random,252702738
random,250163346
random,252327148
random,251957220
random,252617554
random,246547406
random,247114258
random,251477898
random,246934694
random,246895280
random,249895940
random,248459502
random,249010450
random,244769296
random,251302248
random,247623726
random,250795104
random,247653390
random,245736392
random,246553390
random,247834918
random,247626698
random,246810808
random,249612420
random,248184056
random,248262838
random,252166986
random,249477208
random,245840636
random,246062068
random,248333626
random,251837546
random,247915222
random,247920892
random,253002888
random,246701010
random,249977492
random,247763874
random,249744906
random,250335808
random,248329280
random,250039406
random,252515078
random,248761098
random,249870972
random,252882714
random,250630444
random,247446918
random,246805562
random,248196876
random,251117356
random,247906832
random,252345348
random,248566130
random,249109796
random,249231512
random,249067062
random,250894782
random,248340766
random,250242100
random,249871822
random,249989920
random,252646732
random,248609554
random,251584168
random,250886784
random,246533964
random,253164584
random,249645480
random,247884502
random,250614390
random,249286320
random,248028104
random,248341764
random,254349508
random,252028624
random,254051086
random,249070630
random,249764146
random,250911922
random,244320816
random,245166724
random,252132674
random,245061408
random,247916532
random,246322458
random,247168394
random,248104226
random,249269356
random,252156216
random,246299406
random,248042458
random,249553828
random,248531344
random,251484574
random,251102106
random,250209424
random,248305884
random,252559300
random,252727344
random,243201064
random,246862334
random,249869408
random,245628800
random,246577688
random,249038742
random,243617460
random,248764318
random,248188522
random,250251352
random,248432770
random,245547804
random,248118656
random,249255140
random,247629870
random,250027750
random,249556240
random,246106654
random,242191734
random,248022690
random,248353834
random,246766648
random,249079796
random,246330570
random,247638160
random,246585442
random,250029646
random,247239358
random,245772872
random,247795188
random,248789262
random,246055186
random,251714750
random,248716470
random,244802680
random,245364444
random,245248348
random,246425474
random,245412328
random,252810786
random,248215132
random,246077846
random,252497544
random,250074920
random,245104504
random,246989078
random,243762512
random,247758982
random,246855464
random,247936492
random,248112118
random,244322448
random,248372654
random,243574018
random,244457532
random,245433026
random,247775018
random,246413960
random,251277638
random,244297146
random,247445432
random,247546688
random,249598674
random,247657220
random,248217108
random,252190232
random,247500504
random,246385678
random,246815732
random,247902714
random,246660282
random,250467464
random,246508710
random,251361998
random,249056544
random,245915514
random,243770690
random,247450090
random,246822690
random,245954114
random,248411498
random,246630466
random,244186316
random,246499022
random,250070888
random,247948668
random,244046794
random,249790524
random,242977890
random,246722922
random,246169996
random,244508214
random,248916802
random,247051306
random,246111710
random,247584112
random,247847640
random,250781272
random,246208520
random,245969558
random,247802716
random,253084908
random,248073314
random,250444440
random,250621816
random,246677322
random,249563990
random,251066826
random,243107586
random,246322398
random,246362620
random,249137372
random,247205766
random,248863032
random,245656504
random,248024658
random,249303124
random,246168996
random,250169980
random,251001734
random,249230316
random,250470150
random,249642456
random,250641578
random,250101024
random,252093890
random,251576054
random,254214612
random,253837002
random,251531502
random,252880786
random,254009654
random,252337780
random,253782518
random,253425156
random,254319524
random,253259876
random,254647300
random,254388732
random,251299706
random,256317232
random,253127594
random,255523842
random,251919104
random,254106370
random,252589408
random,254093214
random,251782878
random,254603092
random,254781926
random,259887528
random,257745240
random,251512816
random,253300122
random,255984478
random,253550404
random,254956174
random,254806068
random,258325752
random,260465280
random,255835212
random,254517194
random,255389808
random,256278966
random,253011396
random,255635146
random,253137952
random,254199272
random,258189872
random,256548704
random,255907542
random,258601534
random,254833588
random,254155314
random,254050582
random,253424770
random,254607318
random,256705218
random,253727494
random,255436210
random,254005384
random,255742592
random,253809698
random,254409210
random,253051248
random,255020180
random,257452896
random,252971222
random,254064458
random,254248092
random,256824608
random,252687506
random,258307622
random,253839458
random,249624454
random,254183364
random,250118944
random,250968824
random,248390212
random,252400422
random,247110590
random,245976232
random,248285812
random,247596382
random,247042134
random,252051498
random,252367188
random,255478968
random,247253636
random,253743162
random,255338528
random,248507870
random,247740940
random,249601856
random,248897254
random,251457388
random,250897466
random,248819492
random,251316576
random,250888446
random,249670440
random,249898936
random,249877288
random,251359170
random,249497396
random,249545968
random,254220582
random,251184730
random,250743254
random,254349592
random,251239494
random,251489524
random,253021678
random,250331806
random,250363716
random,254160624
random,249329560
random,248770462
random,249636644
random,246813026
random,248255686
random,247796872
random,250889102
random,250052298
random,249044202
random,250184468
random,252997834
random,251758812
random,249231292
random,248466646
random,251128390
random,248510944
random,249537166
random,249555594
random,247374680
random,249158084
random,247843272
random,249490772
random,248696024
random,248269216
random,252430372
random,249911558
random,248996548
random,249595540
random,249304814
random,252423778
random,249430574
random,249778892
random,252509554
random,249940460
random,249636684
random,250622386
random,249127818
random,251592830
random,251532936
random,250587040
random,252496388
random,250888786
random,250147986
random,251709204
random,250139494
random,248470378
random,251823036
random,250253694
random,254303798
random,249358690
random,249673590
random,250073874
random,250784674
random,248174498
random,248544126
random,251281826
random,247764270
random,249973904
random,253778668
random,249241578
random,254489442
random,250974810
random,251436246
random,252421408
random,250774994
random,250677096
random,251150156
random,248693728
random,250176052
random,252483758
random,251061046
random,250017176
random,249414016
random,250415710
random,248068510
random,249394652
random,251414416
random,248402268
random,248870312
random,248811722
random,250180204
random,252793046
random,248451022
random,247504526
random,253094926
random,247998402
random,250318670
random,253252140
random,249336452
random,251846162
random,249460116
random,247590686
random,248507094
random,252224958
random,249671770
random,252032712
random,248804254
random,251559924
random,247473602
random,245205212
random,250096350
random,253234232
random,252052512
random,251312618
random,253745756
random,249707420
random,250748600
random,249139248
random,250666664
random,255939240
random,247182678
random,247786924
random,248572432
random,252119770
random,249751142
random,249763392
random,247664434
random,250037122
random,248946418
random,247979472
random,252420274
random,247567876
random,248324064
random,248250822
random,247234076
random,251144146
random,251563560
random,251939316
random,251019918
random,250739924
random,250562034
random,247924850
random,247853484
random,249281286
random,247694974
random,247559732
random,251044194
random,249488406
random,250361740
random,250333104
random,252854456
random,248122054
random,247004528
random,249650976
random,246455504
random,251255538
random,251330946
random,251746594
random,251159202
random,250942022
random,251710794
random,253056028
random,251769082
random,250964076
random,251408102
random,253332544
random,251316490
random,254109536
random,251182734
random,250812958
random,254061806
random,252521190
random,251596004
random,254246606
random,252593810
random,251375968
random,254006564
random,250200228
random,252144264
random,250488542
random,252295158
random,250873344
random,251148724
random,250662524
random,250124252
random,252753332
random,253259484
random,252873592
random,254304796
random,252237680
random,249686468
random,249922152
random,251417858
random,256036752
random,250882140
random,251248644
random,254029962
random,256106068
random,257665342
random,253136816
random,252581958
random,253026266
random,255646370
random,255511090
random,252058430
random,256403956
random,252739636
random,248505382
random,251158078
random,255151662
random,249004142
random,254844082
random,255599632
random,252819138
random,259419994
random,253533824
random,257387136
random,252901138
random,253237314
random,253229504
random,252006318
random,252246964
random,256356290
random,255954166
random,254980108
random,254127074
random,253626484
random,250190160
random,255836144
random,256057786
random,256054854
random,255620160
random,255785620
random,258238730
random,254865532
random,255942462
random,256007532
random,254868366
random,258323228
random,254440420
random,256036922
random,254982152
random,254372152
random,258966380
random,256302288
random,253742522
random,253666704
random,254480834
random,252015632
random,256765036
random,254889398
random,255331232
random,251778358
random,255056080
random,252112590
random,252281210
random,249900832
random,258001130
random,250813040
random,249591196
random,249768252
random,245322810
random,249243418
random,248860660
random,245424888
random,248298380
random,249126094
random,252786052
random,250042376
random,251793100
random,250529160
random,248988106
random,249262298
random,247062512
random,250620804
random,249320426
random,248739840
random,254968846
random,249228138
random,250487512
random,248871656
random,250878536
random,248738666
random,247409766
random,249869878
random,249675004
random,250845098
random,248914198
random,248490494
random,248361612
random,247761886
random,249697960
random,251126986
random,249001730
random,250211288
random,249670356
random,249938514
random,248805692
random,246354962
random,248021092
random,249516002
random,248601934
random,251955272
random,253638384
random,247248480
random,247861068
random,250826184
random,249004340
random,252376232
random,249468702
random,248278218
random,252655822
random,250181370
random,249260202
random,251128914
random,250439270
random,251549888
random,250071218
random,251075758
random,250811934
random,246089896
random,247552012
random,245767532
random,250006164
random,249262686
random,247754596
random,250597688
random,249254982
random,250188414
random,248817908
random,248576282
random,249942446
random,250585604
random,250489036
random,251611708
random,253326226
random,250459432
random,250371718
random,247622708
random,247116612
random,250139136
random,251259724
random,248424644
random,250434320
random,253882242
random,252888510
random,252299516
random,251413234
random,252468660
random,251557108
random,251489946
random,249997340
random,250354682
random,253294946
random,250202100
random,249776894
random,249180718
random,250746560
random,251752342
random,251245304
random,249049630
random,250658158
random,251210992
random,249958120
random,250561402
random,249128514
random,248699234
random,246330378
random,250756942
random,248111076
random,247471490
random,248478168
random,247923366
random,245193696
random,250882492
random,248808596
random,249129464
random,251308802
random,248820260
random,249735896
random,254172382
random,251014708
random,250143876
random,252652280
random,249427362
random,250422614
random,251616928
random,251575160
random,250753576
random,250512432
random,249208026
random,250379688
random,250251518
random,248777860
random,252178896
random,250889434
random,249301740
random,248069906
random,252349430
random,252146234
random,252085386
random,248512454
random,250050740
random,250314776
random,250567172
random,249599292
random,253789826
random,250764768
random,249430622
random,250564156
random,251256690
random,249858658
random,250147940
random,248152088
random,247527654
random,249927316
random,249164048
random,249308432
random,250023572
random,249509124
random,250055616
random,253391426
random,246012022
random,247087004
random,247168488
random,248694400
random,250537112
random,247525186
random,249351098
random,249129224
random,253556446
random,250275198
random,249571470
random,248699832
random,247227700
random,249487146
random,249750150
random,249037778
random,253064004
random,249236592
random,249818970
random,250123524
random,250385946
random,249207452
random,246910496
random,243519940
random,244552640
random,247257336
random,247067600
random,246134420
random,248834488
random,251106850
random,247655812
random,249663896
random,247853758
random,247843990
random,248025770
random,248094836
random,250583772
random,251752282
random,249456438
random,247810652
random,249250446
random,248147978
random,248157698
random,251556152
random,248445850
random,252330620
random,249931902
random,252588404
random,251935142
random,249917672
random,243820526
random,247201466
random,248141802
random,251548128
random,249563338
random,248320222
random,250462286
random,250513984
random,251626356
random,250456228
random,247872150
random,247713108
random,250659076
random,254893732
random,253950598
random,253658620
random,255150408
random,255744348
random,254649848
random,252582856
random,254805716
random,258138000
random,255063276
random,256334208
random,257205844
random,254959492
random,257656628
random,251652130
random,253218876
random,252492006
random,256529612
random,253036690
random,251263628
random,256619868
random,251694426
random,249564954
random,259002014
random,255759380
random,259866942
random,254751456
random,252027402
random,253141022
random,253319724
random,254379990
random,255739680
random,255646094
random,256263236
random,253978262
random,252478766
random,254196244
random,253581572
random,253738948
random,253989612
random,252963172
random,257986998
random,254740030
random,253760906
random,255937942
random,252237596
random,252423714
random,256419956
random,253764336
random,254190362
random,254601628
random,257611126
random,253282316
random,249567478
random,254410378
random,255922756
random,255016606
random,251858224
random,252436184
random,246938742
random,246013762
random,251059316
random,249428096
random,250763054
random,250766378
random,252751500
random,247616782
random,250348470
random,248402356
random,252605606
random,249437616
random,250490908
random,250861814
random,251482232
random,251232896
random,253388892
random,250646098
random,250595190
random,247904124
random,249863756
random,246468692
random,249918288
random,247972116
random,248655566
random,251519202
random,250460002
random,249655164
random,249083458
random,250396480
random,247958732
random,249439206
random,248553986
random,251234074
random,249104162
random,247860538
random,247981042
random,246182740
random,248035178
random,248293600
random,249295210
random,249599676
random,247797916
random,247681544
random,247811862
random,249162552
random,254536608
random,249735454
random,247108120
random,249705246
random,251315504
random,248674824
random,248965500
random,251421502
random,248507804
random,250891050
random,249051942
random,249204730
random,251488146
random,249224752
random,251805038
random,248742040
random,252004790
random,248226020
random,250661180
random,247653530
random,246444892
random,248215402
random,250821276
random,248779950
random,250462640
random,250906170
random,248640596
random,249553214
random,251403378
random,249730814
random,249052708
random,248650640
random,250529138
random,250608934
random,249604802
random,248824446
random,253703382
random,252043268
random,250416550
random,252236868
random,249676716
random,251065232
random,248760086
random,246142194
random,250360552
random,247536612
random,250782440
random,245536620
random,247608990
random,246823682
random,246968842
random,246834906
random,249531358
random,246554510
random,247228546
random,247478832
random,246650660
random,250568896
random,247663588
random,248220270
random,248158118
random,244659020
random,250112512
random,247817610
random,245105226
random,246241016
random,247551304
random,248615158
random,245351312
random,246624966
random,244807822
random,246893334
random,242844162
random,246445092
random,243864008
random,248363134
random,244191364
random,246305206
random,246704244
random,244017102
random,251053336
random,247834838
random,245240064
random,248236570
random,248712138
random,251492062
random,245543700
random,250035478
random,245953940
random,243525594
random,248993922
random,244198828
random,244127138
random,246615692
random,243015188
random,242688606
random,252014966
random,248015548
random,246547228
random,247101252
random,246176994
random,243352440
random,245770184
random,247467870
random,246666246
random,249272948
random,247229674
random,245655786
random,250940900
random,246090078
random,243700654
random,243743382
random,245242220
random,247387468
random,244610182
random,245267648
random,248412984
random,243901932
random,243756736
random,245025104
random,245303870
random,246543250
random,244592562
random,247235644
random,244415200
random,244643496
random,245882242
random,247961192
random,251376592
random,246823384
random,244341034
random,248295938
random,243260344
random,248693340
random,246910836
random,243333064
random,245285786
random,246857318
random,248252170
random,245954422
random,247448910
random,245748604
random,245307942
random,247239740
random,246282940
random,246265486
random,244380838
random,246141172
random,244862556
random,246908238
random,240509366
random,245787982
random,243349358
random,245497204
random,247526578
random,244182530
random,247227734
random,248484384
random,248612792
random,250684526
random,246685714
random,249052744
random,245400496
random,248535128
random,245162266
random,246091286
random,244035794
random,242895936
random,243067800
random,246433752
random,246808316
random,248187104
random,249520574
random,247442846
random,245519550
random,251330960
random,249690328
random,251517878
random,253495604
random,249261016
random,250177846
random,249832254
random,254847850
random,260575070
random,250776406
random,249842698
random,252747412
random,252302996
random,255408164
random,250062426
random,250337966
random,250919038
random,252410770
random,252878158
random,251570128
random,254102338
random,251802156
random,247861724
random,253829218
random,255194758
random,259691224
random,255915506
random,253762628
random,254068790
random,258113084
random,254213284
random,253568904
random,253367732
random,254051340
random,256943568
random,252519164
random,253775638
random,257590134
random,252869612
random,253514676
random,254895922
random,256113834
random,252847134
random,253398852
random,253100084
random,252085644
random,254847526
random,254600166
random,252060706
random,255258188
random,253580460
random,253503728
random,256402692
random,252942758
random,252292834
random,256017026
random,255032028
random,256638504
random,257621348
random,252532006
random,253826350
random,251976534
random,255522468
random,251612376
random,249113362
random,247831268
random,247239726
random,247888038
random,249961154
random,249055926
random,244280834
random,245436572
random,244671840
random,246574336
random,247512268
random,246265798
random,244749250
random,247483556
random,246980056
random,243784498
random,245343026
random,248129924
random,248398650
random,246392068
random,245762870
random,246456086
random,241766918
random,244000970
random,245494076
random,245833310
random,244542820
random,245103376
random,247027792
random,246585066
random,246992944
random,244320672
random,244073150
random,247121226
random,246013542
random,250027102
random,246370432
random,248948796
random,248781336
random,246773880
random,245575394
random,247296226
random,246027372
random,245388732
random,245724376
random,243591186
random,246691980
random,247561802
random,243223962
random,239623934
random,242418312
random,246260244
random,246470118
random,243452646
random,247630882
random,245693964
random,245861550
random,248456492
random,242925396
random,246609294
random,242577134
random,243450624
random,245191370
random,241889832
random,250318880
random,246749064
random,250019162
random,244243092
random,246206218
random,245219556
random,248671968
random,243061902
random,248252902
random,242324804
random,241806616
random,242456352
random,245460530
random,246668562
random,246635666
random,243851056
random,244891084
random,247828578
random,243170878
random,248879322
random,246833772
random,244524382
random,244644976
random,246653710
random,250739566
random,245091488
random,244924516
random,247912700
random,246243498
random,244963604
random,249373312
random,245506354
random,246182054
random,248379772
random,246150128
random,246890064
random,246945740
random,248840382
random,249015096
random,248073064
random,243109464
random,247045352
random,248723772
random,247046518
random,244285212
random,246413754
random,245372918
random,244138608
random,244913778
random,249386338
random,244758934
random,251182046
random,246903720
random,242489634
random,245376552
random,247583372
random,248762132
random,243534802
random,249127206
random,247997400
random,247363742
random,240727542
random,246504674
random,249445296
random,244761662
random,253383020
random,247556472
random,241737976
random,245303266
random,246124838
random,247888662
random,248252254
random,249028484
random,247663454
random,247908750
random,245034052
random,247221020
random,248308660
random,247766968
random,248946668
random,241362002
random,249436784
random,244405318
random,242837918
random,250957116
random,247469220
random,246578836
random,243710802
random,245596226
random,250993302
random,250634244
random,248694816
random,250963752
random,247643782
random,248913814
random,245977340
random,244301788
random,248865014
random,251544862
random,249327780
random,247124668
random,247050906
random,247148106
random,244799870
random,248181690
random,251634298
random,250500790
random,246051236
random,246267984
random,249815524
random,249254004
random,245319948
random,246290394
random,245440702
random,247727958
random,248797058
random,246997704
random,244972546
random,244439612
random,243684068
random,246520702
random,250388538
random,250456030
random,249042660
random,251577198
random,246196240
random,246534862
random,253542616
random,245841914
random,246338564
random,249315136
random,248316290
random,251473220
random,251069216
random,250096862
random,248664594
random,248631396
random,245720938
random,248486926
random,250177758
random,247942782
random,249190588
random,252811862
random,249262398
random,249753698
random,247858870
random,247441406
random,249128820
random,249211606
random,250328284
random,247882708
random,250745284
random,247714878
random,246907592
random,252583800
random,250225000
random,250641250
random,251046308
random,250377890
random,253822050
random,257029510
random,256621064
random,253679220
random,252012650
random,253340836
random,253663922
random,249357872
random,252849100
random,254519000
random,254077902
random,253035602
random,251922784
random,251658842
random,251355062
random,252386528
random,252656682
random,248721828
random,248972626
random,252754158
random,254831856
random,254332444
random,252813028
random,252096582
random,251389320
random,253596788
random,256237756
random,254629660
random,253040660
random,255859810
random,256055774
random,253945328
random,255493834
random,250356086
random,250385110
random,254262814
random,255510252
random,254507400
random,253836636
random,253543956
random,253242646
random,253474228
random,253307978
random,253509394
random,254572364
random,254206722
random,253807614
random,255026566
random,254418950
random,256532340
random,254127920
random,253938460
random,255361112
random,253378576
random,253787070
random,254715560
random,253925828
random,253432242
random,257071534
random,254410700
random,254430736
random,251241250
random,254068260
random,252130356
random,249741412
random,252797452
random,251638228
random,252216348
random,255899836
random,248319410
random,250811018
random,245569086
random,247625706
random,248026782
random,252064040
random,247185968
random,254349046
random,247017580
random,251552778
random,256688346
random,245879034
random,248914082
random,247704368
random,247184966
random,248917876
random,248880282
random,248583580
random,249283794
random,249006948
random,253415690
random,250542926
random,250273042
random,252458258
random,253311742
random,261313272
random,248424196
random,248288616
random,253034556
random,246830030
random,246973792
random,250391228
random,249656398
random,248646870
random,250416894
random,251083128
random,247618734
random,250027178
random,247903938
random,246079492
random,246486134
random,248978148
random,249872804
random,249996216
random,246274740
random,244485844
random,246552780
random,245693162
random,247850074
random,251406794
random,248903270
random,244893654
random,247645470
random,251475016
random,250517834
random,251214124
random,252392274
random,251598312
random,247715722
random,250197246
random,250513032
random,247166596
random,246713724
random,249565286
random,248997808
random,250474950
random,250248292
random,249349746
random,249862570
random,251462426
random,249563276
random,250146224
random,249679926
random,250944602
random,250634418
random,250215348
random,249301556
random,246903374
random,250773494
random,246374782
random,249245864
random,251060092
random,249583178
random,249945668
random,250302302
random,250237228
random,248646456
random,248724194
random,245631628
random,255847942
random,248389004
random,246341526
random,251052956
random,247114138
random,247257568
random,247567330
random,248937014
random,248977326
random,249371432
random,246658088
random,251799912
random,248831628
random,245946684
random,243126622
random,246830474
random,246588994
random,247561986
random,248899384
random,249077398
random,250056150
random,247885980
random,253072412
random,249461018
random,250434720
random,247751578
random,250066842
random,247749808
random,249626398
random,250180064
random,247938640
random,247581502
random,244410446
random,244749358
random,250559004
random,246008874
random,248548194
random,247301122
random,249203224
random,244258334
random,246559204
random,247846234
random,247889688
random,246257876
random,249519852
random,244013966
random,243539818
random,247942100
random,246456304
random,247971494
random,245325628
random,245843040
random,249415848
random,248959114
random,245767492
random,258417214
random,245679380
random,249149144
random,249247744
random,245768560
random,245475030
random,245521950
random,248351352
random,246505834
random,246661630
random,248198342
random,246208004
random,247177058
random,247195848
random,242169518
random,243343326
random,245225446
random,245789732
random,250043228
random,246882088
random,244891952
random,242407912
random,244676732
random,248859522
random,246120502
random,244640762
random,245535464
random,247953814
random,243997482
random,248727574
random,247101288
random,247736192
random,248792650
random,248358014
random,246924686
random,247061850
random,247235022
random,248505940
random,247896792
random,247937848
random,249170150
random,249253128
random,249098786
random,249735160
random,247748964
random,248653546
random,247962170
random,246665102
random,250021868
random,247558940
random,249057386
random,244964418
random,249705890
random,245508396
random,246235258
random,249848440
random,244207148
random,247760214
random,245396972
random,246050928
random,247333206
random,245404568
random,245458760
random,244895690
random,245540218
random,245902330
random,245215350
random,245726296
random,245093926
random,245250082
random,248614918
random,249281756
random,248132466
random,248027214
random,245675946
random,246836448
random,243774344
random,245483230
random,247393562
random,243058898
random,247924850
random,249938710
random,253218996
random,248209526
random,249624340
random,250629602
random,252536622
random,252340954
random,254583290
random,255975120
random,252731946
random,254121204
random,255077908
random,252158180
random,251203116
random,251561300
random,251220410
random,254350254
random,254003862
random,254138866
random,253429640
random,249825450
random,252441568
random,254152198
random,253834664
random,254908080
random,252673212
random,253944148
random,256744090
random,252999620
random,251857810
random,253752152
random,254230286
random,255094982
random,252524412
random,253848322
random,252669854
random,253853902
random,253895716
random,254429428
random,254735626
random,253671622
random,253502858
random,254747528
random,254004828
random,254637200
random,252773236
random,253876098
random,252838666
random,253698308
random,253084520
random,253113804
random,249463258
random,252658562
random,251330502
random,250623146
random,250537062
random,250969744
random,245942990
random,245304238
random,245754978
random,244901554
random,250167070
random,243967508
random,247108004
random,251510930
random,246579768
random,246980688
random,245870790
random,245676312
random,247754090
random,245957648
random,249228328
random,248796964
random,245171442
random,245192438
random,247119920
random,249086350
random,247563484
random,245947550
random,244383428
random,244888344
random,245594424
random,246270516
random,243951918
random,244336082
random,242687054
random,250904386
random,243379274
random,243686090
random,247218910
random,246341078
random,245533314
random,242492022
random,244069568
random,243029314
random,240580342
random,246807540
random,245969680
random,251208324
random,249523100
random,250265634
random,243325956
random,248864770
random,244143654
random,246589594
random,248384520
random,245045496
random,244045812
random,251586770
random,244863870
random,247604882
random,247905814
random,245510316
random,249027092
random,249986622
random,246440212
random,248386618
random,248112020
random,246944642
random,242446422
random,247580128
random,247801978
random,247391834
random,246663480
random,247359828
random,244393484
random,248687504
random,249626080
random,246131188
random,246936358
random,245991866
random,245788622
random,245208736
random,248516258
random,248546452
random,243901522
random,247795724
random,247111346
random,249008836
random,247462898
random,249268988
random,247239304
random,248714016
random,247733750
random,247675526
random,251450914
random,244243750
random,244617454
random,245646352
random,247691562
random,246330122
random,247361550
random,243586892
random,249498976
random,245904800
random,247336204
random,246693282
random,251759754
random,245089284
random,245122770
random,244120384
random,241492102
random,246375504
random,250422204
random,247887896
random,245427236
random,244313990
random,248409318
random,251179670
random,246560486
random,250053558
random,251150942
random,248310424
random,249830016
random,244561970
random,247219658
random,246917686
random,243957330
random,243914976
random,251741238
random,243560824
random,244623474
random,244418696
random,246183570
random,247267190
random,248873544
random,247497296
random,253420910
random,247556648
random,244688132
random,245521096
random,243946328
random,244529164
random,247223212
random,242414272
random,247912172
random,246895980
random,249158148
random,246219756
random,250469160
random,249397354
random,248558022
random,247282660
random,245669552
random,245904884
random,247701946
random,244450516
random,251144520
random,246424770
random,244605046
random,248377190
random,248372228
random,246081580
random,252545812
random,247196720
random,247651186
random,246320256
random,248391128
random,247345166
random,244773284
random,246533060
random,244537272
random,249094786
random,248323452
random,245219542
random,247636874
random,248187682
random,249089560
random,248315340
random,246758656
random,246510904
random,246330654
random,247853546
random,247168686
random,248889796
random,248182944
random,249325730
random,246571852
random,249744754
random,248050458
random,247661726
random,249505750
random,246949394
random,251060086
random,248998120
random,246900414
random,250193130
random,251981804
random,249962224
random,246361902
random,245328776
random,250846044
random,247323350
random,247822030
random,251345910
random,248061168
random,247150688
random,247025078
random,247220170
random,249795098
random,250321432
random,249433914
random,249115920
random,247614438
random,249397818
random,251922422
random,245264908
random,246946608
random,248743174
random,245538454
random,248526258
random,247605210
random,246154068
random,251080172
random,245503020
random,249170582
random,247605646
random,248312182
random,253321466
random,246801392
random,250760424
random,251683164
random,250100086
random,247469894
random,248021214
random,253025092
random,252658004
random,250877310
random,254242646
random,255750876
random,254867370
random,250967382
random,251621884
random,251333212
random,250390036
random,253392846
random,253139902
random,250638976
random,252019970
random,252568558
random,249820584
random,252373544
random,256186852
random,250850028
random,254691466
random,254052502
random,252027738
random,254672908
random,256563552
random,256047688
random,255942362
random,254313232
random,257072040
random,256815720
random,257854594
random,256382450
random,254414658
random,256567526
random,255706938
random,253961552
random,257577758
random,253269756
random,255069732
random,257699590
random,255505926
random,256692402
random,252919016
random,254771838
random,253431938
random,253027314
random,253810386
random,255353282
random,252631766
random,252257780
random,254138878
random,255221864
random,255723422
random,252535154
random,250817548
random,250726304
random,252552040
random,253030610
random,252903664
random,256543862
random,250619802
random,251803620
random,254288478
random,255160488
random,247658918
random,250008864
random,247486974
random,247225810
random,253616722
random,246792526
random,246016766
random,244913664
random,246719932
random,246820306
random,250317676
random,249967296
random,249715450
random,246431934
random,244323892
random,248318462
random,240227222
random,242198876
random,248998836
random,244591482
random,246443360
random,249958098
random,245078292
random,245274256
random,243101788
random,242548562
random,243161138
random,249195900
random,245769636
random,243840320
random,245903562
random,244971016
random,242848248
random,243489604
random,246999116
random,247712138
random,247827380
random,250757130
random,246118618
random,245289884
random,244081728
random,243692868
random,243486810
random,246077150
random,246768606
random,248874034
random,248830866
random,245468862
random,243894220
random,245730776
random,247538778
random,258044222
random,253766712
random,245352340
random,247610372
random,245803272
random,246251100
random,245186694
random,242423702
random,246026674
random,242840174
random,243460600
random,243957910
random,242050820
random,241918050
random,241976938
random,244303268
random,245110688
random,244653176
random,246438730
random,245406324
random,245116870
random,241322042
random,243263268
random,243985982
random,241380770
random,247705862
random,242709354
random,251713824
random,245159254
random,245931738
random,247632388
random,242263610
random,244524798
random,249738778
random,246658708
random,249580986
random,241364240
random,245184702
random,247829184
random,242918944
random,243758798
random,250282248
random,246015856
random,246927628
random,249058762
random,244121176
random,246073314
random,243516204
random,244849788
random,245468174
random,249004358
random,247823852
random,249568882
random,248385496
random,246086254
random,246338394
random,251516672
random,246785672
random,241242030
random,247517008
random,244363174
random,244478100
random,247428796
random,245255818
random,252655926
random,245635374
random,245451756
random,242560544
random,245503324
random,243243788
random,245594246
random,250319208
random,246606954
random,248645132
random,246554396
random,245020004
random,245320398
random,245869798
random,245483818
random,248695902
random,245901164
random,244503740
random,244294066
random,242716304
random,250391894
random,247196120
random,246527620
random,244483208
random,243057286
random,242594148
random,245370558
random,246181006
random,246196752
random,242466520
random,245097996
random,249486378
random,243445098
random,245925136
random,246364610
random,243528162
random,247725102
random,246990376
random,242710176
random,248503238
random,242274004
random,245912508
random,243651322
random,239826260
random,249362564
random,247276156
random,243245746
random,242432486
random,245005124
random,245370638
random,243558534
random,240045814
random,247594418
random,241009190
random,241241126
random,242330022
random,243536128
random,245446196
random,245884334
random,248302656
random,242508234
random,244108268
random,245685864
random,251088224
random,246211148
random,244521270
random,259275810
random,248446704
random,247128874
random,246611832
random,245926066
random,248831112
random,244119254
random,247391584
random,242283534
random,244084936
random,244817338
random,242400574
random,245992372
random,247760112
random,247738334
random,245962866
random,245006582
random,246740204
random,249362990
random,246336852
random,243635052
random,249204610
random,249196238
random,244846666
random,249617140
random,241900314
random,246028390
random,241518538
random,250767508
random,253433084
random,250063228
random,249716918
random,242457592
random,245523748
random,250787630
random,245047932
random,248636988
random,245609082
random,243317154
random,256692142
random,250299692
random,249461844
random,252945560
random,250461672
random,248892740
random,253421986
random,255953392
random,253664032
random,260078340
random,250469762
random,249767254
random,251757182
random,260651712
random,255109826
random,251193706
random,249020394
random,255569738
random,249863456
random,252604470
random,251025452
random,254429338
random,257279142
random,264215204
random,252554802
random,254416780
random,253137448
random,253531478
random,255939296
random,255722406
random,254239796
random,255505042
random,254759486
random,249265386
random,250598332
random,256759878
random,252743828
random,253140124
random,258977632
random,256648732
random,256452082
random,253079246
random,255505190
random,253181910
random,254733996
random,253480000
random,252857724
random,256254030
random,254332790
random,252654712
random,253742414
random,253127114
random,254704136
random,253259620
random,252451330
random,255074342
random,252825996
random,253270172
random,247490842
random,251886368
random,254789542
random,251243882
random,252373076
random,254304490
random,253448566
random,246647886
random,249347478
random,250338658
random,248146186
random,252991254
random,249203310
random,249352834
random,246597090
random,245154914
random,247174034
random,245992978
random,255451256
random,247572320
random,244010714
random,245138196
random,249301590
random,244214392
random,246555056
random,242677670
random,242803432
random,242810062
random,243584604
random,250550882
random,242165504
random,246130806
random,246636922
random,250337802
random,247203940
random,251719482
random,249587536
random,246799658
random,249547720
random,242953406
random,244360156
random,246510252
random,245538956
random,246384144
random,244610364
random,247735448
random,249275924
random,244987684
random,245323746
random,249195102
random,245153722
random,245201800
random,245535704
random,254343210
random,244325192
random,246966728
random,248181022
random,251941810
random,251136572
random,245132082
random,249695444
random,248634156
random,246877532
random,249713840
random,254967068
random,243667928
random,251211642
random,249307340
random,248590146
random,249690940
random,246788604
random,259181736
random,248612580
random,245599942
random,249335256
random,244685922
random,252459040
random,248394354
random,250345048
random,249312746
random,251372886
random,247256116
random,249561116
random,243253952
random,246750960
random,248806010
random,250996418
random,245627850
random,246818866
random,245773610
random,247484300
random,251253818
random,245307270
random,250151206
random,249748884
random,248620452
random,247438088
random,248488204
random,249379382
random,247004346
random,252187272
random,248874474
random,250188374
random,252011456
random,251382900
random,248250134
random,243879820
random,246494530
random,248978062
random,249381558
random,248371222
random,250066120
random,247907084
random,249018514
random,251567670
random,251654974
random,248984870
random,248830678
random,248390290
random,248719806
random,249357574
random,249324434
random,250538034
random,251335612
random,245812334
random,248425946
random,243643476
random,246495600
random,246255460
random,248132790
random,249353822
random,244548424
random,247451796
random,246898744
random,247295032
random,248083360
random,251753436
random,246949432
random,257406940
random,247514394
random,256006458
random,247448468
random,255322326
random,246208452
random,248508780
random,253374458
random,249934104
random,249874116
random,249310116
random,249395042
random,248698250
random,249024422
random,248883250
random,248491900
random,247440616
random,249491916
random,250223152
random,248398368
random,248770254
random,252720836
random,246784964
random,247586136
random,248300882
random,249470868
random,248287174
random,249411558
random,248418006
random,246968540
random,249430166
random,253014632
random,247082788
random,250106242
random,250522254
random,251981936
random,251111708
random,252076944
random,250090812
random,248955048
random,253210702
random,248214452
random,249700502
random,253986244
random,245434526
random,247495698
random,250328930
random,252162482
random,253844414
random,248922992
random,250945926
random,249474014
random,251444856
random,254048642
random,247208726
random,253857120
random,250810848
random,250605892
random,247951038
random,250554672
random,246836692
random,248283726
random,249664034
random,252600666
random,253281232
random,250181174
random,253326106
random,252688346
random,254202066
random,252060058
random,253042240
random,253497212
random,260596750
random,253961856
random,252263634
random,252103652
random,252626182
random,254041882
random,253289182
random,255081962
random,250746786
random,250154628
random,251525908
random,258285070
random,250337030
random,250555444
random,257468032
random,253433292
random,253199274
random,254575292
random,258647344
random,256141334
random,258155830
random,257299440
random,252204976
random,251653216
random,251448980
random,259366072
random,254635054
random,257774658
random,256424206
random,256885804
random,253851630
random,263080400
random,253858086
random,255482778
random,253616938
random,256164688
random,254922500
random,256085750
random,255607980
random,252502854
random,255330920
random,256003388
random,254115998
random,253199464
random,254769872
random,252460056
random,251645958
random,250633690
random,252765220
random,248283624
random,248309608
random,247394316
random,248297844
random,248576928
random,247960020
random,245962314
random,244105442
random,245417432
random,248675416
random,245086954
random,246108874
random,247831874
random,249274730
random,243889872
random,245561036
random,249179848
random,243771508
random,244640822
random,246251492
random,248315540
random,247604654
random,244237988
random,245452058
random,245238326
random,248251180
random,249096918
random,245777094
random,248341352
random,250752284
random,250664476
random,253959408
random,246536900
random,248300888
random,249545446
random,251408074
random,249642064
random,246749828
random,247159750
random,247235178
random,250488818
random,246607786
random,247523994
random,248552164
random,252846446
random,250585588
random,248178038
random,247984162
random,248416394
random,247582790
random,248256218
random,246367768
random,246067948
random,248682474
random,249876046
random,248354478
random,248485902
random,250760868
random,247480320
random,247984566
random,248341730
random,247643990
random,249233044
random,250271300
random,247163240
random,250193498
random,248099060
random,248899548
random,247247814
random,248477614
random,245006442
random,248765400
random,247285526
random,247785012
random,246462144
random,247647150
random,249803578
random,248584586
random,248418826
random,247669016
random,250045254
random,248788182
random,248625190
random,246122142
random,245862774
random,251950120
random,248182960
random,247946828
random,248925070
random,247724106
random,247713132
random,244248358
random,243207046
random,243727710
random,251437264
random,245952214
random,251545910
random,249870194
random,248499178
random,249346272
random,248869166
random,246498568
random,249021156
random,251731218
random,252506500
random,253881108
random,249871766
random,247443944
random,244573528
random,244822206
random,246104104
random,254074916
random,248993730
random,246817322
random,249354732
random,249989758
random,249339282
random,246899532
random,249174966
random,250302602
random,248788398
random,252651298
random,248627236
random,249867966
random,251588252
random,251156544
random,247720912
random,247279538
random,249736308
random,247544770
random,249351076
random,250522862
random,247536922
random,246379660
random,253104768
random,250338738
random,251459694
random,244903958
random,247936660
random,249995004
random,248045268
random,245281710
random,248000838
random,250836522
random,250133734
random,248956410
random,246392678
random,254916434
random,251329066
random,246921460
random,250918280
random,246071964
random,250380436
random,247809768
random,246138598
random,251384932
random,248496122
random,248362678
random,248891910
random,251618554
random,245764084
random,243972360
random,249861962
random,247462428
random,251406718
random,250184126
random,248888770
random,249139242
random,246164542
random,242172850
random,246904866
random,247501074
random,247192590
random,247193960
random,245848644
random,245563780
random,246244532
random,246560412
random,245574050
random,249092444
random,246246686
random,249500748
random,247037372
random,247796228
random,251250128
random,252279120
random,245191494
random,243389120
random,243284712
random,240632920
random,240889966
random,245762296
random,248149102
random,241150230
random,243563014
random,251042316
random,246230792
random,248319718
random,250629656
random,250693722
random,242810640
random,246262130
random,247341578
random,244439934
random,247007530
random,246918608
random,243500240
random,252124902
random,246984880
random,243813208
random,245834316
random,250980868
random,246016756
random,249575668
random,251181380
random,248825312
random,244900724
random,239042058
random,244458844
random,245991158
random,242480138
random,244147684
